"route_label";"direction_id";"stop_sequence";"stop_name";"stop_lat";"stop_lon"
"002";0;1;"Dunbar Loop @ Bay 2";49.234661;-123.185757
"002";0;2;"Eastbound W 41 Ave @ Collingwood St";49.234698;-123.181583
"002";0;3;"Eastbound W 41 Ave @ Blenheim St";49.234696;-123.178303
"002";0;4;"Eastbound W 41 Ave @ Carnarvon St";49.23467;-123.173495
"002";0;5;"Northbound Mackenzie St @ W 38 Ave";49.237919;-123.170182
"002";0;6;"Northbound Mackenzie St @ W 34 Ave";49.241643;-123.170163
"002";0;7;"Northbound Mackenzie St @ W 30 Ave";49.245547;-123.17011
"002";0;8;"Northbound Quesnel Dr @ W King Edward Ave";49.24951;-123.171667
"002";0;9;"Northbound Macdonald St @ W King Edward Ave";49.248517;-123.167771
"002";0;10;"Northbound Macdonald St @ Oliver Cres";49.249455;-123.167732
"002";0;11;"Northbound Macdonald St @ W 22 Ave";49.253089;-123.167687
"002";0;12;"Northbound Macdonald St @ W 16 Ave";49.258079;-123.168299
"002";0;13;"Northbound Macdonald St @ W 13 Ave";49.260303;-123.168238
"002";0;14;"Northbound Macdonald St @ W 12 Ave";49.261778;-123.168164
"002";0;15;"Northbound Macdonald St @ W 10 Ave";49.263469;-123.168097
"002";0;16;"Northbound Macdonald St @ W 7th Ave";49.266101;-123.168316
"002";0;17;"Northbound Macdonald St @ W 4th Ave";49.268721;-123.168221
"002";0;18;"Northbound Macdonald St @ W 2nd Ave";49.270491;-123.168159
"002";0;19;"Eastbound Cornwall Ave @ Trafalgar St";49.272658;-123.163937
"002";0;20;"Eastbound Cornwall Ave @ Balsam St";49.272582;-123.159332
"002";0;21;"Eastbound Cornwall Ave @ Yew St";49.272516;-123.154543
"002";0;22;"Eastbound Cornwall Ave @ Arbutus St";49.272471;-123.152226
"002";0;23;"Eastbound Cornwall Ave @ Cypress St";49.272368;-123.14734
"002";0;24;"Northbound Burrard St @ Pacific St";49.277226;-123.131783
"002";0;25;"Northbound Burrard St @ Davie St";49.278885;-123.129252
"002";0;26;"Northbound Burrard St @ Comox St";49.280741;-123.126502
"002";0;27;"Northbound Burrard St @ Smithe St";49.282359;-123.124019
"002";0;28;"Northbound Burrard St @ Robson St";49.283593;-123.12214
"002";0;29;"Burrard Station @ Bay 7";49.284688;-123.120503
"002";0;30;"Southbound Burrard St @ W Pender St";49.286063;-123.118847
"002";1;1;"Southbound Burrard St @ W Pender St";49.286063;-123.118847
"002";1;2;"Burrard Station @ Bay 1";49.285306;-123.119982
"002";1;3;"Southbound Burrard St @ Robson St";49.283087;-123.123336
"002";1;4;"Southbound Burrard St @ Barclay St";49.282068;-123.12488
"002";1;5;"Southbound Burrard St @ Nelson St";49.280981;-123.126516
"002";1;6;"Southbound Burrard St @ Davie St";49.278914;-123.12964
"002";1;7;"Southbound Burrard St @ Harwood St";49.277837;-123.131265
"002";1;8;"Westbound Cornwall Ave @ Cypress St";49.272539;-123.148302
"002";1;9;"Westbound Cornwall Ave @ Arbutus St";49.272608;-123.152989
"002";1;10;"Westbound Cornwall Ave @ Yew St";49.272645;-123.155439
"002";1;11;"Westbound Cornwall Ave @ Balsam St";49.272731;-123.160216
"002";1;12;"Westbound Cornwall Ave @ Trafalgar St";49.272795;-123.164773
"002";1;13;"Southbound Macdonald St @ W 1st Ave";49.270753;-123.168323
"002";1;14;"Southbound Macdonald St @ W 4th Ave";49.268064;-123.168411
"002";1;15;"Southbound Macdonald St @ W 6th Ave";49.266274;-123.168483
"002";1;16;"Southbound Macdonald St @ W Broadway";49.264268;-123.168373
"002";1;17;"Southbound Macdonald St @ W 11 Ave";49.261885;-123.16835
"002";1;18;"Southbound Macdonald St @ W 13 Ave";49.260158;-123.168427
"002";1;19;"Southbound Macdonald St @ W 16th Ave";49.258001;-123.168503
"002";1;20;"Southbound Macdonald St @ W 16 Ave";49.257261;-123.168508
"002";1;21;"Southbound Macdonald St @ W 21 Ave";49.253375;-123.16787
"002";1;22;"Southbound Macdonald St @ Alamein Ave";49.249795;-123.167932
"002";1;23;"Westbound W King Edward Ave @ Macdonald St";49.248646;-123.16864
"002";1;24;"Southbound Quesnel Dr @ W King Edward Ave";49.249603;-123.171914
"002";1;25;"Southbound Mackenzie St @ W 29 Ave";49.245848;-123.170308
"002";1;26;"Southbound Mackenzie St @ W 33 Ave";49.242027;-123.17035
"002";1;27;"Southbound Mackenzie St @ W 37 Ave";49.238254;-123.170377
"002";1;28;"Westbound W 41 Ave @ Mackenzie St";49.234822;-123.170847
"002";1;29;"Westbound W 41 Ave @ Carnarvon St";49.234826;-123.174148
"002";1;30;"Westbound W 41 Ave @ Blenheim St";49.234837;-123.179482
"002";1;31;"Westbound W 41 Ave @ Collingwood St";49.234842;-123.182673
"002";1;32;"Dunbar Loop @ Bay 2";49.234661;-123.185757
"003";0;1;"Marine Drive Station @ Bay 1";49.209087;-123.116823
"003";0;2;"Eastbound SW Marine Dr @ Manitoba St";49.212198;-123.109277
"003";0;3;"Eastbound SE Marine Dr @ Ontario St";49.21214;-123.106006
"003";0;4;"Northbound Main St @ SE Marine Dr";49.211565;-123.102035
"003";0;5;"Northbound Main St @ E 62 Ave";49.214623;-123.101909
"003";0;6;"Northbound Main St @ E 59 Ave";49.217015;-123.101819
"003";0;7;"Northbound Main St @ E 57 Ave";49.218788;-123.10174
"003";0;8;"Northbound Main St @ 54 Ave";49.22134;-123.101649
"003";0;9;"Northbound Main St @ E 51 Ave";49.223638;-123.101593
"003";0;10;"Northbound Main St @ E 49 Ave";49.225975;-123.10147
"003";0;11;"Northbound Main St @ E 46 Ave";49.228719;-123.101386
"003";0;12;"Northbound Main St @ E 43 Ave";49.231454;-123.101306
"003";0;13;"Northbound Main St @ E 41 Ave";49.233445;-123.101394
"003";0;14;"Northbound Main St @ E 39 Ave";49.235734;-123.101505
"003";0;15;"Northbound Main St @ E 36 Ave";49.23802;-123.101502
"003";0;16;"Northbound Main St @ E 33 Ave";49.241308;-123.101314
"003";0;17;"Northbound Main St @ E 30 Ave";49.243554;-123.101232
"003";0;18;"Northbound Main St @ E 28 Ave";49.245968;-123.101101
"003";0;19;"Northbound Main St @ E King Edward Ave";49.249121;-123.100891
"003";0;20;"Northbound Main St @ E 22 Ave";49.251452;-123.100866
"003";0;21;"Northbound Main St @ E 20 Ave";49.253226;-123.100763
"003";0;22;"Northbound Main St @ E 18 Ave";49.255006;-123.100984
"003";0;23;"Northbound Main St @ E 16 Ave";49.256943;-123.101068
"003";0;24;"Northbound Main St @ E 12 Ave";49.260528;-123.100888
"003";0;25;"Northbound Main St @ E Broadway";49.263233;-123.100792
"003";0;26;"Northbound Main St @ E 6th Ave";49.265339;-123.100685
"003";0;27;"Northbound Main St @ E 5th Ave";49.266719;-123.100662
"003";0;28;"Northbound Main St @ E 2nd Ave";49.269455;-123.100505
"003";0;29;"Main Street-Science World Station @ Bay 2";49.273395;-123.099831
"003";0;30;"Northbound Main St @ National Ave";49.275321;-123.099748
"003";0;31;"Northbound Main St @ E Georgia St";49.278968;-123.099607
"003";0;32;"Westbound E Hastings St @ Main St";49.28144;-123.1003
"003";0;33;"Westbound W Hastings St @ Carrall St";49.281733;-123.105366
"003";0;34;"Westbound W Hastings St @ Abbott St";49.282221;-123.108043
"003";0;35;"Westbound W Hastings St @ Hamilton St";49.283085;-123.110279
"003";0;36;"Westbound W Hastings St @ Richards St";49.284435;-123.112367
"003";0;37;"Waterfront Station @ Bay 3";49.284786;-123.111191
"003";1;1;"Waterfront Station @ Bay 3";49.284786;-123.111191
"003";1;2;"Eastbound W Cordova St @ Homer St";49.283719;-123.10959
"003";1;3;"Eastbound W Cordova St @ Carrall St";49.282442;-123.104634
"003";1;4;"Eastbound E Cordova St @ Columbia St";49.282264;-123.101644
"003";1;5;"Southbound Main St @ E Hastings St";49.28081;-123.099812
"003";1;6;"Southbound Main St @ Keefer St";49.279029;-123.099896
"003";1;7;"Southbound Main St @ National Ave";49.274506;-123.100141
"003";1;8;"Main Street-Science World Station @ Bay 1";49.273072;-123.100189
"003";1;9;"Southbound Main St @ Switchmen St";49.270621;-123.100821
"003";1;10;"Southbound Main St @ E 2nd Ave";49.268688;-123.100898
"003";1;11;"Southbound Main St @ E 5th Ave";49.265849;-123.100989
"003";1;12;"Southbound Main St @ E Broadway";49.262246;-123.101166
"003";1;13;"Southbound Main St @ E 12 Ave";49.259888;-123.10127
"003";1;14;"Southbound Main St @ E 14 Ave";49.258082;-123.101305
"003";1;15;"Southbound Main St @ E 16 Ave";49.256251;-123.101386
"003";1;16;"Southbound Main St @ E 18 Ave";49.254339;-123.100959
"003";1;17;"Southbound Main St @ E 20 Ave";49.252395;-123.101095
"003";1;18;"Southbound Main St @ E 22 Ave";49.250676;-123.101089
"003";1;19;"Southbound Main St @ E King Edward Ave";49.248466;-123.101194
"003";1;20;"Southbound Main St @ E 28 Ave";49.245403;-123.101378
"003";1;21;"Southbound Main St @ E 30 Ave";49.243003;-123.101498
"003";1;22;"Southbound Main St @ E 33 Ave";49.240211;-123.101629
"003";1;23;"Southbound Main St @ E 36 Ave";49.23788;-123.101715
"003";1;24;"Southbound Main St @ E 39 Ave";49.235131;-123.101698
"003";1;25;"Southbound Main St @ E 41 Ave";49.232735;-123.101636
"003";1;26;"Southbound Main St @ E 43 Ave";49.230612;-123.101591
"003";1;27;"Southbound Main St @ E 46 Ave";49.228145;-123.101625
"003";1;28;"Southbound Main St @ E 49 Ave";49.225333;-123.10178
"003";1;29;"Southbound Main St @ E 51 Ave";49.223508;-123.101804
"003";1;30;"Southbound Main St @ E 54 Ave";49.22075;-123.101949
"003";1;31;"Southbound Main St @ E 56 Ave";49.218969;-123.102003
"003";1;32;"Southbound Main St @ E 59 Ave";49.216491;-123.102076
"003";1;33;"Southbound Main St @ E 62 Ave";49.213842;-123.102217
"003";1;34;"Eastbound E 65 Ave @ Main St";49.211695;-123.101625
"003";1;35;"Westbound SE Marine Dr @ Main St";49.211487;-123.103003
"003";1;36;"Westbound SW Marine Dr @ Ontario St";49.212459;-123.107012
"003";1;37;"Westbound SW Marine Dr @ Manitoba St";49.212212;-123.110409
"003";1;38;"Marine Drive Station @ Bay 2";49.209383;-123.116116
"004";0;1;"UBC Exchange @ Bay 11";49.265923;-123.247364
"004";0;2;"Eastbound University Blvd @ Allison Rd";49.266827;-123.241849
"004";0;3;"Eastbound University Blvd @ Acadia Rd";49.266503;-123.237822
"004";0;4;"Eastbound University Blvd @ 5300 Block";49.265812;-123.236036
"004";0;5;"Eastbound University Blvd @ 5100 Block";49.263486;-123.229095
"004";0;6;"Northbound Blanca St @ W 10 Ave";49.264289;-123.215067
"004";0;7;"Eastbound W 4th Ave @ Blanca St";49.269015;-123.214363
"004";0;8;"Eastbound W 4th Ave @ Tolmie St";49.268974;-123.21149
"004";0;9;"Eastbound W 4th Ave @ Trimble St";49.268907;-123.2064
"004";0;10;"Eastbound W 4th Ave @ 4100 Block";49.268679;-123.197617
"004";0;11;"Eastbound W 4th Ave @ Wallace St";49.26852;-123.190183
"004";0;12;"Eastbound W 4th Ave @ Alma St";49.268538;-123.185205
"004";0;13;"Eastbound W 4th Ave @ Collingwood St";49.268471;-123.181214
"004";0;14;"Eastbound W 4th Ave @ Blenheim St";49.268415;-123.177316
"004";0;15;"Eastbound W 4th Ave @ Balaclava St";49.268359;-123.173351
"004";0;16;"Eastbound W 4th Ave @ Macdonald St";49.268274;-123.167779
"004";0;17;"Eastbound W 4th Ave @ Trafalgar St";49.268236;-123.164123
"004";0;18;"Eastbound W 4th Ave @ Balsam St";49.268188;-123.159306
"004";0;19;"Eastbound W 4th Ave @ Yew St";49.268111;-123.154472
"004";0;20;"Eastbound W 4th Ave @ Maple St";49.268032;-123.149796
"004";0;21;"Eastbound W 4th Ave @ Burrard St";49.26793;-123.144877
"004";0;22;"Eastbound W 4th Ave @ Fir St";49.267853;-123.140145
"004";0;23;"Westbound W 5th Ave @ Granville St";49.266843;-123.137905
"004";0;24;"Northbound Granville St @ Drake St";49.276487;-123.127092
"004";0;25;"Northbound Granville St @ Davie St";49.277584;-123.125372
"004";0;26;"Northbound Granville St @ Smithe St";49.280784;-123.120537
"004";0;27;"Northbound Granville St @ W Georgia St";49.282317;-123.118291
"004";0;28;"Northbound Granville St @ Dunsmuir St";49.283461;-123.116549
"004";0;29;"Northbound Granville St @ W Pender St";49.284493;-123.114994
"004";0;30;"Northbound Granville St @ W Hastings St";49.285553;-123.11335
"004";0;31;"Waterfront Station @ Bay 3";49.284786;-123.111191
"004";0;32;"Eastbound W Cordova St @ Homer St";49.283719;-123.10959
"004";0;33;"Eastbound W Cordova St @ Carrall St";49.282442;-123.104634
"004";0;34;"Eastbound E Cordova St @ Main St";49.282203;-123.098943
"004";0;35;"Eastbound E Cordova St @ Dunlevy Ave";49.282136;-123.094846
"004";0;36;"Eastbound E Cordova St @ Princess Ave";49.28206;-123.090836
"004";0;37;"Eastbound Cordova Diversion @ Hawks Ave";49.282079;-123.086623
"004";0;38;"Eastbound Powell St @ Glen Dr";49.282672;-123.081697
"004";0;39;"Eastbound Powell St @ Clark Dr";49.283029;-123.076625
"004";0;40;"Eastbound Powell St @ Commercial Dr";49.283885;-123.069837
"004";0;41;"Eastbound Powell St @ Victoria Dr";49.284771;-123.065065
"004";0;42;"Eastbound Dundas St @ Lakewood Dr";49.284754;-123.061245
"004";0;43;"Eastbound Dundas St @ Templeton Dr";49.284738;-123.059274
"004";0;44;"Northbound N Nanaimo St @ Dundas St";49.285176;-123.05639
"004";0;45;"Northbound N Nanaimo St @ Eton St";49.288013;-123.056367
"004";0;46;"Eastbound McGill St @ N Penticton St";49.288627;-123.051421
"004";0;47;"Eastbound McGill St @ N Slocan St";49.288617;-123.048823
"004";0;48;"Westbound Eton St @ N Renfrew St";49.287774;-123.044683
"004";1;1;"Westbound Eton St @ N Renfrew St";49.287774;-123.044683
"004";1;2;"Westbound McGill St @ N Kaslo St";49.28882;-123.047415
"004";1;3;"Westbound McGill St @ N Penticton St";49.288801;-123.052418
"004";1;4;"Southbound N Nanaimo St @ McGill St";49.288026;-123.05666
"004";1;5;"Southbound N Nanaimo St @ Cambridge St";49.286276;-123.056672
"004";1;6;"Westbound Dundas St @ N Garden Dr";49.284885;-123.057411
"004";1;7;"Westbound Dundas St @ N Templeton Dr";49.284871;-123.060143
"004";1;8;"Westbound Dundas St @ Wall St";49.284888;-123.063271
"004";1;9;"Westbound Powell St @ Victoria Dr";49.2848;-123.065973
"004";1;10;"Westbound Powell St @ Commercial Dr";49.283837;-123.070862
"004";1;11;"Westbound Powell St @ Clark Dr";49.283161;-123.076463
"004";1;12;"Westbound Powell St @ Glen Dr";49.282792;-123.081659
"004";1;13;"Westbound Powell St @ Hawks Ave";49.28303;-123.087522
"004";1;14;"Westbound Powell St @ Heatley Ave";49.28308;-123.090031
"004";1;15;"Westbound Powell St @ Jackson Ave";49.283146;-123.093725
"004";1;16;"Westbound Powell St @ Gore Ave";49.283223;-123.098134
"004";1;17;"Southbound Main St @ Powell St";49.282713;-123.099741
"004";1;18;"Southbound Main St @ E Hastings St";49.28081;-123.099812
"004";1;19;"Westbound E Pender St @ Main St";49.280463;-123.100688
"004";1;20;"Westbound W Pender St @ Carrall St";49.280707;-123.104998
"004";1;21;"Westbound W Pender St @ Abbott St";49.28129;-123.108213
"004";1;22;"Westbound W Pender St @ Hamilton St";49.282472;-123.11137
"004";1;23;"Westbound W Pender St @ Seymour St";49.283818;-123.113429
"004";1;24;"Southbound Granville St @ W Pender St";49.284039;-123.115939
"004";1;25;"Southbound Granville St @ W Georgia St";49.28266;-123.117951
"004";1;26;"Southbound Granville St @ Robson St";49.28172;-123.119373
"004";1;27;"Southbound Granville St @ Nelson St";49.278877;-123.123712
"004";1;28;"Southbound Granville St @ Davie St";49.276786;-123.126905
"004";1;29;"Southbound Granville St @ Drake St";49.275854;-123.128375
"004";1;30;"Westbound W 5th Ave Offramp @ Granville St";49.266915;-123.139663
"004";1;31;"Westbound W 4th Ave @ Fir St";49.268039;-123.141569
"004";1;32;"Westbound W 4th Ave @ Burrard St";49.268093;-123.14645
"004";1;33;"Westbound W 4th Ave @ Maple St";49.268169;-123.150944
"004";1;34;"Westbound W 4th Ave @ Yew St";49.268242;-123.155847
"004";1;35;"Westbound W 4th Ave @ Balsam St";49.26833;-123.160246
"004";1;36;"Westbound W 4th Ave @ Trafalgar St";49.268401;-123.164962
"004";1;37;"Westbound W 4th Ave @ Macdonald St";49.268459;-123.168863
"004";1;38;"Westbound W 4th Ave @ Balaclava St";49.268528;-123.174217
"004";1;39;"Westbound W 4th Ave @ Blenheim St";49.268578;-123.178075
"004";1;40;"Westbound W 4th Ave @ Collingwood St";49.268649;-123.182096
"004";1;41;"Westbound W 4th Ave @ Alma St";49.26871;-123.186254
"004";1;42;"Westbound W 4th Ave @ Wallace St";49.268794;-123.191056
"004";1;43;"Westbound W 4th Ave @ 4100 Block";49.268917;-123.197836
"004";1;44;"Westbound W 4th Ave @ NW Marine Dr";49.268604;-123.200584
"004";1;45;"Westbound W 4th Ave @ Trimble St";49.269028;-123.206426
"004";1;46;"Westbound W 4th Ave @ Sasamat St";49.269083;-123.209399
"004";1;47;"Southbound Blanca St @ W 4th Ave";49.268693;-123.215183
"004";1;48;"Blanca Loop @ Bay 2";49.265146;-123.215302
"004";1;49;"Westbound University Blvd @ Blanca St";49.264016;-123.215915
"004";1;50;"Westbound University Blvd @ 5100 Block";49.263693;-123.229837
"004";1;51;"Westbound University Blvd @ 5300 Block";49.265815;-123.235541
"004";1;52;"Westbound University Blvd @ Acadia Rd";49.267024;-123.239311
"004";1;53;"Westbound University Blvd @ Allison Rd";49.266846;-123.24331
"004";1;54;"UBC Exchange @ Bay 11";49.265923;-123.247364
"005";0;1;"Westbound Davie St @ Denman St";49.287084;-123.141411
"005";0;2;"Northbound Denman St @ Comox St";49.288812;-123.139345
"005";0;3;"Northbound Denman St @ Haro St";49.290911;-123.136163
"005";0;4;"Eastbound Robson St @ Bidwell St";49.29023;-123.133644
"005";0;5;"Eastbound Robson St @ Cardero St";49.2892;-123.132046
"005";0;6;"Eastbound Robson St @ Broughton St";49.287679;-123.129709
"005";0;7;"Eastbound Robson St @ Bute St";49.286155;-123.12731
"005";0;8;"Northbound Burrard St @ Robson St";49.283593;-123.12214
"005";0;9;"Burrard Station @ Bay 7";49.284688;-123.120503
"005";0;10;"Eastbound W Pender St @ Burrard St";49.286121;-123.117245
"005";0;11;"Eastbound W Pender St @ Granville St";49.284791;-123.115231
"005";0;12;"Eastbound W Pender St @ Seymour St";49.283753;-123.113589
"005";0;13;"Eastbound W Pender St @ Hamilton St";49.281799;-123.110618
"005";0;14;"Southbound Cambie St @ Dunsmuir St";49.280808;-123.111146
"005";1;1;"Southbound Richards St @ W Hastings St";49.283796;-123.11242
"005";1;2;"Westbound W Pender St @ Seymour St";49.283818;-123.113429
"005";1;3;"Westbound W Pender St @ Howe St";49.285239;-123.115602
"005";1;4;"Burrard Station @ Bay 1";49.285306;-123.119982
"005";1;5;"Westbound Robson St @ Burrard St";49.283556;-123.123086
"005";1;6;"Westbound Robson St @ Bute St";49.28586;-123.126674
"005";1;7;"Westbound Robson St @ Broughton St";49.288152;-123.130152
"005";1;8;"Westbound Robson St @ Cardero St";49.289693;-123.132542
"005";1;9;"Southbound Denman St @ Robson St";49.29124;-123.135926
"005";1;10;"Southbound Denman St @ Barclay St";49.289924;-123.137908
"005";1;11;"Southbound Denman St @ Comox St";49.288522;-123.140021
"005";1;12;"Southbound Denman St @ Pendrell St";49.287773;-123.141166
"005";1;13;"Eastbound Davie St @ Denman St";49.286705;-123.141124
"006";0;1;"Eastbound Davie St @ Denman St";49.286705;-123.141124
"006";0;2;"Eastbound Davie St @ Cardero St";49.285009;-123.13847
"006";0;3;"Eastbound Davie St @ Nicola St";49.284219;-123.13726
"006";0;4;"Eastbound Davie St @ Broughton St";49.283478;-123.136106
"006";0;5;"Eastbound Davie St @ Jervis St";49.282579;-123.13477
"006";0;6;"Eastbound Davie St @ Bute St";49.28144;-123.132973
"006";0;7;"Eastbound Davie St @ Thurlow St";49.280147;-123.13096
"006";0;8;"Eastbound Davie St @ Burrard St";49.278793;-123.128901
"006";0;9;"Eastbound Davie St @ Howe St";49.27755;-123.126971
"006";0;10;"Eastbound Davie St @ Granville St";49.276918;-123.125976
"006";0;11;"Eastbound Davie St @ Richards St";49.275982;-123.124529
"006";0;12;"Yaletown-Roundhouse Station @ Bay 2";49.274278;-123.121876
"006";0;13;"Northbound Cambie St @ Nelson St";49.276256;-123.117748
"006";0;14;"Northbound Cambie St @ Robson St";49.278318;-123.114655
"006";0;15;"Northbound Cambie St @ Dunsmuir St";49.280182;-123.111842
"006";1;1;"Westbound Davie St @ Howe St";49.278073;-123.127493
"006";1;2;"Westbound Davie St @ Burrard St";49.279449;-123.129617
"006";1;3;"Westbound Davie St @ Thurlow St";49.280756;-123.131638
"006";1;4;"Westbound Davie St @ Bute St";49.282009;-123.133574
"006";1;5;"Westbound Davie St @ Jervis St";49.283006;-123.135121
"006";1;6;"Westbound Davie St @ Broughton St";49.283898;-123.136507
"006";1;7;"Westbound Davie St @ Cardero St";49.28546;-123.138909
"006";1;8;"Westbound Davie St @ Denman St";49.287084;-123.141411
"007";0;1;"Dunbar Loop @ Bay 2";49.234661;-123.185757
"007";0;2;"Dunbar Loop @ Bay 6";49.235129;-123.185234
"007";0;3;"Northbound Dunbar St @ W 39 Ave";49.236747;-123.185216
"007";0;4;"Northbound Dunbar St @ W 38 Ave";49.238307;-123.185208
"007";0;5;"Northbound Dunbar St @ W 36 Ave";49.239851;-123.185157
"007";0;6;"Northbound Dunbar St @ W 34 Ave";49.241702;-123.185172
"007";0;7;"Northbound Dunbar St @ W 31 Ave";49.244597;-123.185135
"007";0;8;"Northbound Dunbar St @ W 30 Ave";49.245532;-123.185125
"007";0;9;"Northbound Dunbar St @ W 28 Ave";49.247382;-123.185094
"007";0;10;"Northbound Dunbar St @ W King Edward Ave";49.250494;-123.185062
"007";0;11;"Northbound Dunbar St @ W 22 Ave";49.253177;-123.18504
"007";0;12;"Northbound Dunbar St @ W 18 Ave";49.256842;-123.185013
"007";0;13;"Northbound Dunbar Diversion @ W 14 Ave";49.260126;-123.184213
"007";0;14;"Northbound Alma St @ W 12 Ave";49.261926;-123.185815
"007";0;15;"Northbound Alma St @ W 10 Ave";49.263872;-123.185744
"007";0;16;"Northbound Alma St @ W 7th Ave";49.266385;-123.185659
"007";0;17;"Eastbound W 4th Ave @ Alma St";49.268538;-123.185205
"007";0;18;"Eastbound W 4th Ave @ Collingwood St";49.268471;-123.181214
"007";0;19;"Eastbound W 4th Ave @ Blenheim St";49.268415;-123.177316
"007";0;20;"Eastbound W 4th Ave @ Balaclava St";49.268359;-123.173351
"007";0;21;"Eastbound W 4th Ave @ Macdonald St";49.268274;-123.167779
"007";0;22;"Eastbound W 4th Ave @ Trafalgar St";49.268236;-123.164123
"007";0;23;"Eastbound W 4th Ave @ Balsam St";49.268188;-123.159306
"007";0;24;"Eastbound W 4th Ave @ Yew St";49.268111;-123.154472
"007";0;25;"Eastbound W 4th Ave @ Maple St";49.268032;-123.149796
"007";0;26;"Eastbound W 4th Ave @ Burrard St";49.26793;-123.144877
"007";0;27;"Eastbound W 4th Ave @ Fir St";49.267853;-123.140145
"007";0;28;"Westbound W 5th Ave @ Granville St";49.266843;-123.137905
"007";0;29;"Northbound Granville St @ Drake St";49.276487;-123.127092
"007";0;30;"Northbound Granville St @ Davie St";49.277584;-123.125372
"007";0;31;"Northbound Granville St @ Smithe St";49.280784;-123.120537
"007";0;32;"Northbound Granville St @ W Georgia St";49.282317;-123.118291
"007";0;33;"Northbound Granville St @ Dunsmuir St";49.283461;-123.116549
"007";0;34;"Northbound Granville St @ W Pender St";49.284493;-123.114994
"007";0;35;"Northbound Granville St @ W Hastings St";49.285553;-123.11335
"007";0;36;"Waterfront Station @ Bay 3";49.284786;-123.111191
"007";0;37;"Eastbound W Cordova St @ Homer St";49.283719;-123.10959
"007";0;38;"Eastbound W Cordova St @ Carrall St";49.282442;-123.104634
"007";0;39;"Eastbound E Cordova St @ Main St";49.282203;-123.098943
"007";0;40;"Eastbound E Cordova St @ Dunlevy Ave";49.282136;-123.094846
"007";0;41;"Eastbound E Cordova St @ Princess Ave";49.28206;-123.090836
"007";0;42;"Eastbound Cordova Diversion @ Hawks Ave";49.282079;-123.086623
"007";0;43;"Eastbound Powell St @ Glen Dr";49.282672;-123.081697
"007";0;44;"Eastbound Powell St @ Clark Dr";49.283029;-123.076625
"007";0;45;"Eastbound Powell St @ Commercial Dr";49.283885;-123.069837
"007";0;46;"Eastbound Powell St @ Victoria Dr";49.284771;-123.065065
"007";0;47;"Eastbound Dundas St @ Lakewood Dr";49.284754;-123.061245
"007";0;48;"Eastbound Dundas St @ Templeton Dr";49.284738;-123.059274
"007";0;49;"Southbound Nanaimo St @ Dundas St";49.284388;-123.05668
"007";0;50;"Southbound Nanaimo St @ E Hastings St";49.280782;-123.056725
"007";0;51;"Southbound Nanaimo St @ Adanac St";49.277149;-123.056711
"007";0;52;"Southbound Nanaimo St @ William St";49.27362;-123.056724
"007";0;53;"Southbound Nanaimo St @ E 1st Ave";49.269138;-123.05673
"007";0;54;"Southbound Nanaimo St @ E 3rd Ave";49.267362;-123.056744
"007";0;55;"Southbound Nanaimo St @ E 5th Ave";49.265535;-123.056743
"007";0;56;"Southbound Nanaimo St @ E Broadway";49.261831;-123.056764
"007";0;57;"Southbound Nanaimo St @ Grandview Hwy";49.257321;-123.056751
"007";0;58;"Southbound Nanaimo St @ E 17 Ave";49.254756;-123.056762
"007";0;59;"Southbound Nanaimo St @ E 20 Ave";49.252026;-123.056768
"007";0;60;"Southbound Nanaimo St @ E 22 Ave";49.250206;-123.056793
"007";0;61;"Nanaimo Station @ Bay 3";49.248412;-123.055476
"007";1;1;"Nanaimo Station @ Bay 3";49.248412;-123.055476
"007";1;2;"Northbound Nanaimo St @ E 22 Ave";49.251051;-123.056489
"007";1;3;"Northbound Nanaimo St @ E 20 Ave";49.252691;-123.056482
"007";1;4;"Northbound Nanaimo St @ E 17 Ave";49.255356;-123.056484
"007";1;5;"Northbound Nanaimo St @ S Grandview Hwy";49.257382;-123.056473
"007";1;6;"Northbound Nanaimo St @ E 11 Ave";49.260339;-123.056471
"007";1;7;"Northbound Nanaimo St @ E Broadway";49.262477;-123.056433
"007";1;8;"Northbound Nanaimo St @ E 6th Ave";49.265123;-123.056462
"007";1;9;"Northbound Nanaimo St @ E 4th Ave";49.266968;-123.056457
"007";1;10;"Northbound Nanaimo St @ E 1st Ave";49.269899;-123.05646
"007";1;11;"Northbound Nanaimo St @ Charles St";49.273616;-123.056442
"007";1;12;"Northbound Nanaimo St @ Adanac St";49.277801;-123.056428
"007";1;13;"Northbound Nanaimo St @ E Hastings St";49.281413;-123.056378
"007";1;14;"Westbound Dundas St @ N Garden Dr";49.284885;-123.057411
"007";1;15;"Westbound Dundas St @ N Templeton Dr";49.284871;-123.060143
"007";1;16;"Westbound Dundas St @ Wall St";49.284888;-123.063271
"007";1;17;"Westbound Powell St @ Victoria Dr";49.2848;-123.065973
"007";1;18;"Westbound Powell St @ Commercial Dr";49.283837;-123.070862
"007";1;19;"Westbound Powell St @ Clark Dr";49.283161;-123.076463
"007";1;20;"Westbound Powell St @ Glen Dr";49.282792;-123.081659
"007";1;21;"Westbound Powell St @ Hawks Ave";49.28303;-123.087522
"007";1;22;"Westbound Powell St @ Heatley Ave";49.28308;-123.090031
"007";1;23;"Westbound Powell St @ Jackson Ave";49.283146;-123.093725
"007";1;24;"Westbound Powell St @ Gore Ave";49.283223;-123.098134
"007";1;25;"Southbound Main St @ Powell St";49.282713;-123.099741
"007";1;26;"Southbound Main St @ E Hastings St";49.28081;-123.099812
"007";1;27;"Westbound E Pender St @ Main St";49.280463;-123.100688
"007";1;28;"Westbound W Pender St @ Carrall St";49.280707;-123.104998
"007";1;29;"Westbound W Pender St @ Abbott St";49.28129;-123.108213
"007";1;30;"Westbound W Pender St @ Hamilton St";49.282472;-123.11137
"007";1;31;"Westbound W Pender St @ Seymour St";49.283818;-123.113429
"007";1;32;"Southbound Granville St @ W Pender St";49.284039;-123.115939
"007";1;33;"Southbound Granville St @ W Georgia St";49.28266;-123.117951
"007";1;34;"Southbound Granville St @ Robson St";49.28172;-123.119373
"007";1;35;"Southbound Granville St @ Nelson St";49.278877;-123.123712
"007";1;36;"Southbound Granville St @ Davie St";49.276786;-123.126905
"007";1;37;"Southbound Granville St @ Drake St";49.275854;-123.128375
"007";1;38;"Westbound W 5th Ave Offramp @ Granville St";49.266915;-123.139663
"007";1;39;"Westbound W 4th Ave @ Fir St";49.268039;-123.141569
"007";1;40;"Westbound W 4th Ave @ Burrard St";49.268093;-123.14645
"007";1;41;"Westbound W 4th Ave @ Maple St";49.268169;-123.150944
"007";1;42;"Westbound W 4th Ave @ Yew St";49.268242;-123.155847
"007";1;43;"Westbound W 4th Ave @ Balsam St";49.26833;-123.160246
"007";1;44;"Westbound W 4th Ave @ Trafalgar St";49.268401;-123.164962
"007";1;45;"Westbound W 4th Ave @ Macdonald St";49.268459;-123.168863
"007";1;46;"Westbound W 4th Ave @ Balaclava St";49.268528;-123.174217
"007";1;47;"Westbound W 4th Ave @ Blenheim St";49.268578;-123.178075
"007";1;48;"Westbound W 4th Ave @ Collingwood St";49.268649;-123.182096
"007";1;49;"Southbound Alma St @ W 4th Ave";49.268214;-123.18585
"007";1;50;"Southbound Alma St @ W 6th Ave";49.266642;-123.185897
"007";1;51;"Southbound Alma St @ W 10 Ave";49.263217;-123.186038
"007";1;52;"Southbound Alma St @ W 12 Ave";49.261219;-123.186053
"007";1;53;"Southbound Dunbar Diversion @ W 14 Ave";49.259981;-123.184374
"007";1;54;"Southbound Dunbar St @ W 15 Ave";49.258657;-123.184116
"007";1;55;"Southbound Dunbar St @ W 17 Ave";49.257067;-123.185245
"007";1;56;"Southbound Dunbar St @ W 21 Ave";49.253446;-123.18526
"007";1;57;"Southbound Dunbar St @ W King Edward Ave";49.249684;-123.185302
"007";1;58;"Southbound Dunbar St @ W 27 Ave";49.247813;-123.185322
"007";1;59;"Southbound Dunbar St @ W 29 Ave";49.245928;-123.185332
"007";1;60;"Southbound Dunbar St @ W 31 Ave";49.243962;-123.185351
"007";1;61;"Southbound Dunbar St @ W 33 Ave";49.242056;-123.185368
"007";1;62;"Southbound Dunbar St @ W 35 Ave";49.240149;-123.185397
"007";1;63;"Southbound Dunbar St @ W 37 Ave";49.238349;-123.185425
"007";1;64;"Southbound Dunbar St @ W 39 Ave";49.236105;-123.18543
"007";1;65;"Dunbar Loop @ Bay 1";49.234424;-123.185469
"007";1;66;"Dunbar Loop @ Bay 2";49.234661;-123.185757
"008";0;1;"Waterfront Station @ Bay 3";49.284786;-123.111191
"008";0;2;"Eastbound W Cordova St @ Homer St";49.283719;-123.10959
"008";0;3;"Eastbound W Cordova St @ Carrall St";49.282442;-123.104634
"008";0;4;"Eastbound E Cordova St @ Columbia St";49.282264;-123.101644
"008";0;5;"Southbound Main St @ E Hastings St";49.28081;-123.099812
"008";0;6;"Southbound Main St @ Keefer St";49.279029;-123.099896
"008";0;7;"Southbound Main St @ National Ave";49.274506;-123.100141
"008";0;8;"Main Street-Science World Station @ Bay 1";49.273072;-123.100189
"008";0;9;"Southbound Main St @ Switchmen St";49.270621;-123.100821
"008";0;10;"Southbound Main St @ E 2nd Ave";49.268688;-123.100898
"008";0;11;"Southbound Main St @ E 5th Ave";49.266106;-123.100973
"008";0;12;"Eastbound Kingsway @ Main St";49.263792;-123.100509
"008";0;13;"Eastbound E Broadway @ Kingsway";49.262719;-123.098055
"008";0;14;"Eastbound E Broadway @ Prince Edward St";49.262454;-123.095524
"008";0;15;"Eastbound E Broadway @ St. George St";49.262402;-123.092514
"008";0;16;"Southbound Fraser St @ E Broadway";49.262021;-123.089232
"008";0;17;"Southbound Fraser St @ E 11 Ave";49.26032;-123.089275
"008";0;18;"Southbound Fraser St @ E 13 Ave";49.258479;-123.089284
"008";0;19;"Southbound Fraser St @ E 16 Ave";49.256115;-123.090057
"008";0;20;"Southbound Fraser St @ E 19 Ave";49.253864;-123.090092
"008";0;21;"Southbound Fraser St @ E 21 Ave";49.25162;-123.090186
"008";0;22;"Southbound Fraser St @ E 23 Ave";49.249808;-123.090246
"008";0;23;"Southbound Fraser St @ E King Edward Ave";49.248306;-123.090273
"008";0;24;"Southbound Fraser St @ E 27 Ave";49.246305;-123.090308
"008";0;25;"Southbound Fraser St @ E 29 Ave";49.244247;-123.090388
"008";0;26;"Southbound Fraser St @ E 31 Ave";49.242261;-123.090417
"008";0;27;"Southbound Fraser St @ E 33 Ave";49.239976;-123.090476
"008";0;28;"Southbound Fraser St @ E 35 Ave";49.238045;-123.090514
"008";0;29;"Southbound Fraser St @ E 37 Ave";49.236049;-123.090613
"008";0;30;"Southbound Fraser St @ E 39 Ave";49.234521;-123.090651
"008";0;31;"Southbound Fraser St @ E 41 Ave";49.232476;-123.090717
"008";0;32;"Southbound Fraser St @ E 43 Ave";49.230719;-123.090713
"008";0;33;"Southbound Fraser St @ E 45 Ave";49.228897;-123.090762
"008";0;34;"Southbound Fraser St @ E 47 Ave";49.227099;-123.090813
"008";0;35;"Southbound Fraser St @ E 49 Ave";49.225133;-123.090918
"008";0;36;"Southbound Fraser St @ E 51 Ave";49.223292;-123.090958
"008";0;37;"Southbound Fraser St @ E 53 Ave";49.22148;-123.091
"008";0;38;"Southbound Fraser St @ E 55 Ave";49.219642;-123.091056
"008";0;39;"Southbound Fraser St @ E 57 Ave";49.217937;-123.091092
"008";0;40;"Southbound Fraser St @ E 59 Ave";49.216234;-123.091124
"008";0;41;"Southbound Fraser St @ E 61 Ave";49.214571;-123.091155
"008";0;42;"Southbound Fraser St @ E 63 Ave";49.212749;-123.091181
"008";0;43;"Southbound Fraser St @ E 65 Ave";49.211508;-123.091218
"008";1;1;"Southbound Fraser St @ SE Marine Dr";49.211303;-123.091221
"008";1;2;"Northbound Fraser St @ E 65 Ave";49.212147;-123.090933
"008";1;3;"Northbound Fraser St @ E 62 Ave";49.214241;-123.090903
"008";1;4;"Northbound Fraser St @ E 60 Ave";49.215947;-123.090881
"008";1;5;"Northbound Fraser St @ E 56 Ave";49.219428;-123.090815
"008";1;6;"Northbound Fraser St @ E 54 Ave";49.22126;-123.090756
"008";1;7;"Northbound Fraser St @ E 52 Ave";49.223033;-123.090707
"008";1;8;"Northbound Fraser St @ E 49 Ave";49.225766;-123.090643
"008";1;9;"Northbound Fraser St @ E 47 Ave";49.227632;-123.090596
"008";1;10;"Northbound Fraser St @ E 45 Ave";49.229442;-123.090556
"008";1;11;"Northbound Fraser St @ E 43 Ave";49.231265;-123.0905
"008";1;12;"Northbound Fraser St @ E 41 Ave";49.232426;-123.090467
"008";1;13;"Northbound Fraser St @ E 39 Ave";49.235102;-123.090364
"008";1;14;"Northbound Fraser St @ E 37 Ave";49.236772;-123.090324
"008";1;15;"Northbound Fraser St @ E 35 Ave";49.23862;-123.090274
"008";1;16;"Northbound Fraser St @ E 33 Ave";49.240627;-123.09022
"008";1;17;"Northbound Fraser St @ E 31 Ave";49.242872;-123.090196
"008";1;18;"Northbound Fraser St @ E 28 Ave";49.245869;-123.090107
"008";1;19;"Northbound Fraser St @ E King Edward Ave";49.248973;-123.089998
"008";1;20;"Northbound Fraser St @ E 22 Ave";49.251282;-123.089924
"008";1;21;"Northbound Fraser St @ E 19 Ave";49.253502;-123.08986
"008";1;22;"Northbound Fraser St @ E 17 Ave";49.255774;-123.089737
"008";1;23;"Northbound Fraser St @ E 14 Ave";49.258292;-123.089096
"008";1;24;"Northbound Fraser St @ E 12 Ave";49.260077;-123.089055
"008";1;25;"Northbound Fraser St @ E 10 Ave";49.261837;-123.08903
"008";1;26;"Westbound E Broadway @ Fraser St";49.262593;-123.09009
"008";1;27;"Westbound E Broadway @ St. George St";49.262598;-123.093535
"008";1;28;"Westbound E Broadway @ Prince Edward St";49.262835;-123.096513
"008";1;29;"Westbound Kingsway @ E Broadway";49.263296;-123.099681
"008";1;30;"Northbound Main St @ E 6th Ave";49.265339;-123.100685
"008";1;31;"Northbound Main St @ E 5th Ave";49.266719;-123.100662
"008";1;32;"Northbound Main St @ E 2nd Ave";49.269455;-123.100505
"008";1;33;"Main Street-Science World Station @ Bay 2";49.273395;-123.099831
"008";1;34;"Northbound Main St @ National Ave";49.275321;-123.099748
"008";1;35;"Northbound Main St @ E Georgia St";49.278968;-123.099607
"008";1;36;"Westbound E Hastings St @ Main St";49.28144;-123.1003
"008";1;37;"Westbound W Hastings St @ Carrall St";49.281733;-123.105366
"008";1;38;"Westbound W Hastings St @ Abbott St";49.282221;-123.108043
"008";1;39;"Westbound W Hastings St @ Hamilton St";49.283085;-123.110279
"008";1;40;"Westbound W Hastings St @ Richards St";49.284435;-123.112367
"008";1;41;"Waterfront Station @ Bay 3";49.284786;-123.111191
"009";0;1;"W 10 Ave @ Fir St";49.262724;-123.14034
"009";0;2;"Eastbound W Broadway @ Fir St";49.263525;-123.140516
"009";0;3;"Eastbound W Broadway @ Hemlock St";49.263445;-123.134487
"009";0;4;"Eastbound W Broadway @ Alder St";49.263381;-123.130979
"009";0;5;"Eastbound W Broadway @ Spruce St";49.263296;-123.128317
"009";0;6;"Eastbound W Broadway @ Willow St";49.26323;-123.121293
"009";0;7;"Eastbound W Broadway @ Ash St";49.263125;-123.11569
"009";0;8;"Eastbound W Broadway @ Columbia St";49.26302;-123.10905
"009";0;9;"Eastbound W Broadway @ Ontario St";49.262944;-123.105734
"009";0;10;"Eastbound E Broadway @ Main St";49.262801;-123.10042
"009";0;11;"Eastbound E Broadway @ Kingsway";49.262719;-123.098055
"009";0;12;"Eastbound E Broadway @ Prince Edward St";49.262454;-123.095524
"009";0;13;"Eastbound E Broadway @ St. George St";49.262402;-123.092514
"009";0;14;"Eastbound E Broadway  @ Fraser St";49.26236;-123.088379
"009";0;15;"Eastbound E Broadway @ St. Catherines St";49.262351;-123.084744
"009";0;16;"Eastbound E Broadway @ Glen Dr";49.262322;-123.080869
"009";0;17;"Eastbound E Broadway @ Clark Dr";49.262269;-123.076797
"009";0;18;"Eastbound E Broadway @ Woodland Dr";49.262258;-123.073194
"009";0;19;"Commercial-Broadway Station @ Bay 1";49.262213;-123.068963
"009";0;20;"Eastbound E Broadway @ Victoria Dr";49.262171;-123.065398
"009";0;21;"Eastbound E Broadway @ Lakewood Dr";49.262171;-123.061609
"009";0;22;"Eastbound E Broadway @ Nanaimo St";49.261889;-123.055558
"009";0;23;"Eastbound E Broadway @ Penticton St";49.261916;-123.051333
"009";0;24;"Eastbound E Broadway @ Slocan St";49.261917;-123.049151
"009";0;25;"Eastbound E Broadway @ Kaslo St";49.261906;-123.046541
"009";0;26;"Eastbound E Broadway @ Renfrew St";49.261812;-123.043749
"009";0;27;"Eastbound E Broadway @ Nootka St";49.261793;-123.039755
"009";0;28;"Eastbound E Broadway @ Lillooet St";49.261818;-123.037407
"009";0;29;"Eastbound E Broadway @ Rupert St";49.261781;-123.033192
"009";0;30;"Eastbound Lougheed Hwy @ Skeena St";49.263759;-123.027828
"009";0;31;"Lougheed Hwy @ Boundary Loop";49.265467;-123.024843
"009";1;1;"Lougheed Hwy @ Boundary Loop";49.265467;-123.024843
"009";1;2;"Westbound Lougheed Hwy @ Skeena St";49.263328;-123.028889
"009";1;3;"Westbound E Broadway @ Cassiar St";49.262053;-123.031548
"009";1;4;"Westbound E Broadway @ Rupert St";49.262009;-123.034312
"009";1;5;"Westbound E Broadway @ Windermere St";49.261989;-123.037125
"009";1;6;"Westbound E Broadway @ Lillooet St";49.262004;-123.039504
"009";1;7;"Westbound E Broadway @ Renfrew St";49.262097;-123.044962
"009";1;8;"Westbound E Broadway @ Slocan St";49.262111;-123.050045
"009";1;9;"Westbound E Broadway @ Penticton St";49.262111;-123.051889
"009";1;10;"Westbound E Broadway @ Kamloops St";49.262127;-123.055187
"009";1;11;"Westbound E Broadway @ Nanaimo St";49.26234;-123.057336
"009";1;12;"Westbound E Broadway @ Lakewood Dr";49.262356;-123.062394
"009";1;13;"Westbound E Broadway @ Semlin Dr";49.262384;-123.064374
"009";1;14;"Commercial-Broadway Station @ Bay 4";49.262426;-123.069432
"009";1;15;"Westbound E Broadway @ Woodland Dr";49.262447;-123.074067
"009";1;16;"Westbound E Broadway @ McLean Dr";49.262487;-123.07607
"009";1;17;"Westbound E Broadway @ Clark Dr";49.262499;-123.078554
"009";1;18;"Westbound E Broadway @ Glen Dr";49.262497;-123.080761
"009";1;19;"Westbound E Broadway @ Windsor St";49.262532;-123.083724
"009";1;20;"Westbound E Broadway @ Prince Albert St";49.262579;-123.087643
"009";1;21;"Westbound E Broadway @ Fraser St";49.262593;-123.09009
"009";1;22;"Westbound E Broadway @ St. George St";49.262598;-123.093535
"009";1;23;"Westbound E Broadway @ Prince Edward St";49.262835;-123.096513
"009";1;24;"Westbound W Broadway @ Ontario St";49.263101;-123.105291
"009";1;25;"Westbound W Broadway @ Columbia St";49.263212;-123.109868
"009";1;26;"Westbound W Broadway @ Ash St";49.26336;-123.118098
"009";1;27;"Westbound W Broadway @ Heather St";49.263401;-123.120227
"009";1;28;"Westbound W Broadway @ Willow St";49.263437;-123.12286
"009";1;29;"Westbound W Broadway @ Spruce St";49.26354;-123.129369
"009";1;30;"Westbound W Broadway @ Alder St";49.263576;-123.131742
"009";1;31;"Westbound W Broadway @ Hemlock St";49.263652;-123.134884
"009";1;32;"Westbound W Broadway @ Granville St";49.263732;-123.140158
"009";1;33;"Westbound W Broadway @ Pine St";49.263769;-123.143781
"009";1;34;"Westbound W Broadway @ Burrard St";49.263829;-123.146302
"009";1;35;"Westbound W Broadway @ Yew St";49.263962;-123.155724
"009";1;36;"Westbound W Broadway @ Balsam St";49.264051;-123.160487
"009";1;37;"Westbound W Broadway @ Trafalgar St";49.264113;-123.165212
"009";1;38;"Westbound W Broadway @ Macdonald St";49.264174;-123.168896
"009";1;39;"Westbound W Broadway @ Bayswater St";49.264221;-123.171711
"009";1;40;"Westbound W Broadway @ Balaclava St";49.264241;-123.174408
"009";1;41;"Westbound W Broadway @ Blenheim St";49.264311;-123.178243
"009";1;42;"Westbound W Broadway @ Collingwood St";49.264377;-123.182257
"009";1;43;"Southbound Alma St @ W 10 Ave";49.26367;-123.186028
"010";0;1;"Marine Drive Station @ Bay 1";49.209087;-123.116823
"010";0;2;"Westbound SW Marine Dr @ Ash St";49.209141;-123.119749
"010";0;3;"Westbound SW Marine Dr @ Heather St";49.207414;-123.123941
"010";0;4;"Westbound SW Marine Dr @ Laurel St";49.206184;-123.126813
"010";0;5;"Westbound SW Marine Dr @ Oak St";49.20453;-123.131063
"010";0;6;"Marpole Loop @ Bay 4";49.20366;-123.135845
"010";0;7;"Westbound SW Marine Dr @ Granville St";49.205047;-123.139869
"010";0;8;"Northbound Granville St @ W 71 Ave";49.207431;-123.1404
"010";0;9;"Northbound Granville St @ W 70 Ave";49.208885;-123.14035
"010";0;10;"Northbound Granville St @ W 67 Ave";49.211168;-123.140317
"010";0;11;"Northbound Granville St @ W 64 Ave";49.213461;-123.140233
"010";0;12;"Northbound Granville St @ W 62 Ave";49.215299;-123.140165
"010";0;13;"Northbound Granville St @ Park Dr";49.217685;-123.140092
"010";0;14;"Northbound Granville St @ W 57 Ave";49.219694;-123.14
"010";0;15;"Northbound Granville St @ W 53 Ave";49.222949;-123.139886
"010";0;16;"Northbound Granville St @ W 49 Ave";49.227422;-123.139703
"010";0;17;"Northbound Granville St @ W 45 Ave";49.23093;-123.139594
"010";0;18;"Northbound Granville St @ W 41 Ave";49.234888;-123.139463
"010";0;19;"Northbound Granville St @ W 37 Ave";49.238311;-123.139327
"010";0;20;"Northbound Granville St @ W 33rd Ave";49.242211;-123.139199
"010";0;21;"Northbound Granville St @ N Connaught Dr";49.245722;-123.139081
"010";0;22;"Northbound Granville St @ Nanton Ave";49.24769;-123.139023
"010";0;23;"Northbound Granville St @ W King Edward Ave";49.250127;-123.138924
"010";0;24;"Northbound Granville St @ Balfour Ave";49.252263;-123.138834
"010";0;25;"Northbound Granville St @ Matthews Ave";49.253467;-123.138804
"010";0;26;"Northbound Granville St @ W 16 Ave";49.257367;-123.138663
"010";0;27;"Northbound Granville St @ W 13th Ave";49.260169;-123.138574
"010";0;28;"Northbound Granville St @ W 10 Ave";49.2631;-123.138458
"010";0;29;"Northbound Granville St @ W 7th Ave";49.265651;-123.138349
"010";0;30;"Northbound Granville St @ W 5th Ave";49.267439;-123.138273
"010";0;31;"Northbound Granville St @ Drake St";49.276487;-123.127092
"010";0;32;"Northbound Granville St @ Davie St";49.277584;-123.125372
"010";0;33;"Northbound Granville St @ Smithe St";49.280784;-123.120537
"010";0;34;"Northbound Granville St @ W Georgia St";49.282317;-123.118291
"010";0;35;"Northbound Granville St @ Dunsmuir St";49.283461;-123.116549
"010";0;36;"Northbound Granville St @ W Pender St";49.284493;-123.114994
"010";0;37;"Northbound Granville St @ W Hastings St";49.285553;-123.11335
"010";0;38;"Waterfront Station @ Bay 3";49.284786;-123.111191
"010";0;39;"Southbound Richards St @ W Hastings St";49.283796;-123.11242
"010";1;1;"Southbound Richards St @ W Hastings St";49.283796;-123.11242
"010";1;2;"Westbound W Pender St @ Seymour St";49.283818;-123.113429
"010";1;3;"Southbound Granville St @ W Pender St";49.284039;-123.115939
"010";1;4;"Southbound Granville St @ W Georgia St";49.28266;-123.117951
"010";1;5;"Southbound Granville St @ Robson St";49.28172;-123.119373
"010";1;6;"Southbound Granville St @ Nelson St";49.278877;-123.123712
"010";1;7;"Southbound Granville St @ Davie St";49.276786;-123.126905
"010";1;8;"Southbound Granville St @ Drake St";49.275854;-123.128375
"010";1;9;"Southbound Granville St @ W 5th Ave";49.266704;-123.138572
"010";1;10;"Southbound Granville St @ W Broadway";49.263012;-123.138725
"010";1;11;"Southbound Granville St @ W 13 Ave";49.259524;-123.138834
"010";1;12;"Southbound Granville St @ W 16th Ave";49.25737;-123.138944
"010";1;13;"Southbound Granville St @ Angus Dr";49.254178;-123.13903
"010";1;14;"Southbound Granville St @ Balfour Ave";49.251607;-123.139145
"010";1;15;"Southbound Granville St @ W King Edward Ave";49.248838;-123.139224
"010";1;16;"Southbound Granville St @ Nanton Ave";49.247111;-123.139289
"010";1;17;"Southbound Granville St @ N Connaught Dr";49.244793;-123.139357
"010";1;18;"Southbound Granville St @ W 33 Ave";49.241525;-123.139454
"010";1;19;"Southbound Granville St @ W 37 Ave";49.237706;-123.139593
"010";1;20;"Southbound Granville St @ W 41 Ave";49.233799;-123.139775
"010";1;21;"Southbound Granville St @ W 45 Ave";49.230974;-123.139847
"010";1;22;"Southbound Granville St @ W 49 Ave";49.226415;-123.139991
"010";1;23;"Southbound Granville St @ W 52 Ave";49.223822;-123.140097
"010";1;24;"Southbound Granville St @ W 54 Ave";49.221382;-123.140195
"010";1;25;"Southbound Granville St @ W 57 Ave";49.218967;-123.140294
"010";1;26;"Southbound Granville St @ W 59 Ave";49.217067;-123.140361
"010";1;27;"Southbound Granville St @ W 63 Ave";49.213531;-123.140485
"010";1;28;"Southbound Granville St @ W 68 Ave";49.210199;-123.140613
"010";1;29;"Southbound Granville St @ W 70 Ave";49.20811;-123.140711
"010";1;30;"Southbound Granville St @ SW Marine Dr";49.205733;-123.140764
"010";1;31;"Eastbound SW Marine Dr @ Hudson St";49.20317;-123.135556
"010";1;32;"Marpole Loop @ Bay 2";49.20325;-123.132871
"010";1;33;"Eastbound SW Marine Dr @ Oak St";49.204348;-123.130671
"010";1;34;"Eastbound SW Marine Dr @ Heather St";49.207179;-123.123861
"010";1;35;"Eastbound SW Marine Dr @ Ash St";49.209394;-123.118587
"010";1;36;"Marine Drive Station @ Bay 2";49.209383;-123.116116
"014";0;1;"UBC Exchange @ Bay 10";49.26581;-123.248129
"014";0;2;"Eastbound University Blvd @ Allison Rd";49.266827;-123.241849
"014";0;3;"Eastbound University Blvd @ Acadia Rd";49.266503;-123.237822
"014";0;4;"Eastbound University Blvd @ 5300 Block";49.265812;-123.236036
"014";0;5;"Eastbound University Blvd @ 5100 Block";49.263486;-123.229095
"014";0;6;"Eastbound W 10 Ave @ Blanca St";49.263836;-123.214641
"014";0;7;"Eastbound W 10 Ave @ Tolmie St";49.263797;-123.211277
"014";0;8;"Eastbound W 10 Ave @ Sasamat St";49.263764;-123.208525
"014";0;9;"Eastbound W 10 Ave @ Trimble St";49.263689;-123.205581
"014";0;10;"Eastbound W 10 Ave @ Discovery St";49.263657;-123.202595
"014";0;11;"Eastbound W 10 Ave @ Courtenay St";49.263605;-123.199436
"014";0;12;"Eastbound W 10 Ave @ Camosun St";49.263564;-123.196532
"014";0;13;"Eastbound W 10 Ave @ Crown St";49.263526;-123.193422
"014";0;14;"Eastbound W 10 Ave @ Wallace St";49.263472;-123.190678
"014";0;15;"Eastbound W 10 Ave @ Highbury St";49.263434;-123.187456
"014";0;16;"Northbound Alma St @ W 10 Ave";49.263872;-123.185744
"014";0;17;"Eastbound W Broadway @ Alma St";49.264278;-123.185239
"014";0;18;"Eastbound W Broadway @ Collingwood St";49.264225;-123.181429
"014";0;19;"Eastbound W Broadway @ Blenheim St";49.264155;-123.17742
"014";0;20;"Eastbound W Broadway St @ Balaclava St";49.264095;-123.173572
"014";0;21;"Eastbound W Broadway @ Bayswater St";49.264061;-123.170799
"014";0;22;"Northbound Macdonald St @ W Broadway";49.264484;-123.168205
"014";0;23;"Northbound Macdonald St @ W 7th Ave";49.266101;-123.168316
"014";0;24;"Eastbound W 4th Ave @ Macdonald St";49.268274;-123.167779
"014";0;25;"Eastbound W 4th Ave @ Trafalgar St";49.268236;-123.164123
"014";0;26;"Eastbound W 4th Ave @ Balsam St";49.268188;-123.159306
"014";0;27;"Eastbound W 4th Ave @ Yew St";49.268111;-123.154472
"014";0;28;"Eastbound W 4th Ave @ Maple St";49.268032;-123.149796
"014";0;29;"Eastbound W 4th Ave @ Burrard St";49.26793;-123.144877
"014";0;30;"Eastbound W 4th Ave @ Fir St";49.267853;-123.140145
"014";0;31;"Westbound W 5th Ave @ Granville St";49.266843;-123.137905
"014";0;32;"Northbound Granville St @ Drake St";49.276487;-123.127092
"014";0;33;"Northbound Granville St @ Davie St";49.277584;-123.125372
"014";0;34;"Northbound Granville St @ Smithe St";49.280784;-123.120537
"014";0;35;"Northbound Granville St @ W Georgia St";49.282317;-123.118291
"014";0;36;"Northbound Granville St @ Dunsmuir St";49.283461;-123.116549
"014";0;37;"Northbound Granville St @ W Pender St";49.284493;-123.114994
"014";0;38;"Eastbound W Hastings St @ Seymour St";49.284334;-123.112551
"014";0;39;"Eastbound W Hastings St @ Homer St";49.283054;-123.110546
"014";0;40;"Eastbound W Hastings St @ Abbott St";49.28179;-123.106526
"014";0;41;"Eastbound W Hastings St @ Carrall St";49.281469;-123.104795
"014";0;42;"Eastbound E Hastings St @ Main St";49.281225;-123.099034
"014";0;43;"Eastbound E Hastings St @ Dunlevy Ave";49.281161;-123.094737
"014";0;44;"Eastbound E Hastings St @ Jackson Ave";49.281112;-123.092955
"014";0;45;"Eastbound E Hastings St @ Princess Ave";49.281081;-123.090971
"014";0;46;"Eastbound E Hastings St @ Hawks Ave";49.281005;-123.086654
"014";0;47;"Eastbound E Hastings St @ Campbell Ave";49.280957;-123.084231
"014";0;48;"Eastbound E Hastings St @ Glen Dr";49.280904;-123.08086
"014";0;49;"Eastbound E Hastings St @ Clark Dr";49.281195;-123.076457
"014";0;50;"Eastbound E Hastings St @ McLean Dr";49.281191;-123.073421
"014";0;51;"Eastbound E Hastings St @ Commercial Dr";49.28111;-123.069698
"014";0;52;"Eastbound E Hastings St @ Victoria Dr";49.28108;-123.064979
"014";0;53;"Eastbound E Hastings St @ Templeton Dr";49.281098;-123.059289
"014";0;54;"Eastbound E Hastings St @ Nanaimo St";49.281059;-123.055828
"014";0;55;"Eastbound E Hastings St @ Kamloops St";49.281035;-123.054098
"014";0;56;"Eastbound E Hastings St @ Slocan St";49.281056;-123.048711
"014";0;57;"Eastbound E Hastings St @ Kaslo St";49.281035;-123.046243
"014";0;58;"Eastbound E Hastings St @ Renfrew St";49.281012;-123.043299
"014";0;59;"Eastbound E Hastings St @ Lillooet St";49.281041;-123.038301
"014";0;60;"Eastbound E Hastings St @ Windermere St";49.281027;-123.035464
"014";0;61;"Eastbound E Hastings St @ Cassiar St";49.281014;-123.029969
"014";0;62;"Kootenay Loop @ Bay 5";49.281385;-123.026363
"014";1;1;"Northbound Homer St @ W Pender St";49.282981;-123.111441
"014";1;2;"Westbound W Hastings St @ Richards St";49.284435;-123.112367
"014";1;3;"Southbound Granville St @ W Pender St";49.284039;-123.115939
"014";1;4;"Southbound Granville St @ W Georgia St";49.28266;-123.117951
"014";1;5;"Southbound Granville St @ Robson St";49.28172;-123.119373
"014";1;6;"Southbound Granville St @ Nelson St";49.278877;-123.123712
"014";1;7;"Southbound Granville St @ Davie St";49.276786;-123.126905
"014";1;8;"Southbound Granville St @ Drake St";49.275854;-123.128375
"014";1;9;"Westbound W 5th Ave Offramp @ Granville St";49.266915;-123.139663
"014";1;10;"Westbound W 4th Ave @ Fir St";49.268039;-123.141569
"014";1;11;"Westbound W 4th Ave @ Burrard St";49.268093;-123.14645
"014";1;12;"Westbound W 4th Ave @ Maple St";49.268169;-123.150944
"014";1;13;"Westbound W 4th Ave @ Yew St";49.268242;-123.155847
"014";1;14;"Westbound W 4th Ave @ Balsam St";49.26833;-123.160246
"014";1;15;"Westbound W 4th Ave @ Trafalgar St";49.268401;-123.164962
"014";1;16;"Southbound Macdonald St @ W 4th Ave";49.268064;-123.168411
"014";1;17;"Southbound Macdonald St @ W 6th Ave";49.266274;-123.168483
"014";1;18;"Westbound W Broadway @ Macdonald St";49.264174;-123.168896
"014";1;19;"Westbound W Broadway @ Bayswater St";49.264221;-123.171711
"014";1;20;"Westbound W Broadway @ Balaclava St";49.264241;-123.174408
"014";1;21;"Westbound W Broadway @ Blenheim St";49.264311;-123.178243
"014";1;22;"Westbound W Broadway @ Collingwood St";49.264377;-123.182257
"014";1;23;"Southbound Alma St @ W 10 Ave";49.26367;-123.186028
"014";1;24;"Westbound W 10 Ave @ Wallace St";49.263644;-123.191417
"014";1;25;"Westbound W 10 Ave @ Crown St";49.263683;-123.194468
"014";1;26;"Westbound W 10 Ave @ Camosun St";49.263725;-123.197332
"014";1;27;"Westbound W 10 Ave @ Courtenay St";49.263781;-123.200725
"014";1;28;"Westbound W 10 Ave @ Discovery St";49.263828;-123.203438
"014";1;29;"Westbound W 10 Ave @ Trimble St";49.263863;-123.206461
"014";1;30;"Westbound W 10 Ave @ Sasamat St";49.263905;-123.209694
"014";1;31;"Westbound W 10 Ave @ Tolmie St";49.263966;-123.212506
"014";1;32;"Westbound University Blvd @ Blanca St";49.264016;-123.215915
"014";1;33;"Westbound University Blvd @ 5100 Block";49.263693;-123.229837
"014";1;34;"Westbound University Blvd @ 5300 Block";49.265815;-123.235541
"014";1;35;"Westbound University Blvd @ Acadia Rd";49.267024;-123.239311
"014";1;36;"Westbound University Blvd @ Allison Rd";49.266846;-123.24331
"014";1;37;"UBC Exchange @ Bay 10";49.26581;-123.248129
"015";0;1;"Marine Drive Station @ Bay 1";49.209087;-123.116823
"015";0;2;"Northbound Cambie St @ W 64 Ave";49.212634;-123.116832
"015";0;3;"Northbound Cambie St @ W 61 Ave";49.215412;-123.116683
"015";0;4;"Northbound Cambie St @ W 59 Ave";49.217289;-123.116608
"015";0;5;"Northbound Cambie St @ W 57 Ave";49.219328;-123.116528
"015";0;6;"Northbound Cambie St @ W 54 Ave";49.22204;-123.116425
"015";0;7;"Langara-49th Station @ Bay 1";49.226473;-123.116241
"015";0;8;"Northbound Cambie St @ W 45 Ave";49.230066;-123.116096
"015";0;9;"Northbound Cambie St @ W 40 Ave";49.234819;-123.115931
"015";0;10;"Northbound Cambie St @ W 37 Ave";49.237495;-123.1158
"015";0;11;"Northbound Cambie St @ W 33 Ave";49.241409;-123.11818
"015";0;12;"Northbound Cambie St @ W 29 Ave";49.245537;-123.11525
"015";0;13;"King Edward Station @ Bay 2";49.249415;-123.115245
"015";0;14;"Northbound Cambie St @ W 22 Ave";49.251472;-123.115164
"015";0;15;"Northbound Cambie St @ W 20 Ave";49.253243;-123.115102
"015";0;16;"Northbound Cambie St @ W 18 Ave";49.255125;-123.115019
"015";0;17;"Northbound Cambie St @ W 16 Ave";49.257158;-123.114908
"015";0;18;"Northbound Cambie St @ W 14 Ave";49.258988;-123.114893
"015";0;19;"Northbound Cambie St @ W 12 Ave";49.260758;-123.114831
"015";0;20;"Broadway-City Hall Station @ Bay 2";49.262826;-123.11464
"015";0;21;"Northbound Cambie St @ W 7th Ave";49.264648;-123.114622
"015";0;22;"Olympic Village Station @ Bay 1";49.266245;-123.115944
"015";1;1;"Olympic Village Station @ Bay 3";49.265937;-123.116053
"015";1;2;"Southbound Cambie St @ W 7th Ave";49.264477;-123.114982
"015";1;3;"Broadway-City Hall Station @ Bay 3";49.261616;-123.115153
"015";1;4;"Southbound Cambie St @ W 12 Ave";49.260113;-123.115144
"015";1;5;"Southbound Cambie St @ W 14 Ave";49.25846;-123.115193
"015";1;6;"Southbound Cambie St @ W 16 Ave";49.256555;-123.115252
"015";1;7;"Southbound Cambie St @ W 18 Ave";49.254674;-123.115282
"015";1;8;"Southbound Cambie St @ W 20 Ave";49.252766;-123.115379
"015";1;9;"Southbound Cambie St @ W 22 Ave";49.250985;-123.115447
"015";1;10;"King Edward Station @ Bay 4";49.248634;-123.115722
"015";1;11;"Southbound Cambie St @ W 29 Ave";49.245383;-123.115868
"015";1;12;"Southbound Cambie St @ W 31 Ave";49.242949;-123.118428
"015";1;13;"Southbound Cambie St @ W 33 Ave";49.24075;-123.118651
"015";1;14;"Southbound Cambie St @ W 35 Ave";49.238762;-123.116678
"015";1;15;"Southbound Cambie St @ W 37 Ave";49.237007;-123.11629
"015";1;16;"Southbound Cambie St @ W 41 Ave";49.234584;-123.116399
"015";1;17;"Southbound Cambie St @ W 45 Ave";49.229431;-123.116605
"015";1;18;"Langara-49th Station @ Bay 4";49.225771;-123.116755
"015";1;19;"Southbound Cambie St @ W 54 Ave";49.221506;-123.116922
"015";1;20;"Southbound Cambie St @ W 57 Ave";49.218787;-123.117011
"015";1;21;"Southbound Cambie St @ W 59 Ave";49.216483;-123.117102
"015";1;22;"Southbound Cambie St @ W 62 Ave";49.213825;-123.117204
"015";1;23;"Marine Drive Station @ Bay 2";49.209383;-123.116116
"016";0;1;"Eastbound E Hastings St @ Nanaimo St";49.281059;-123.055828
"016";0;2;"Eastbound E Hastings St @ Kamloops St";49.281035;-123.054098
"016";0;3;"Eastbound E Hastings St @ Slocan St";49.281056;-123.048711
"016";0;4;"Eastbound E Hastings St @ Kaslo St";49.281035;-123.046243
"016";0;5;"Southbound Renfrew St @ E Hastings St";49.280776;-123.044219
"016";0;6;"Southbound Renfrew St @ E Georgia St";49.277967;-123.044227
"016";0;7;"Southbound Renfrew St @ Venables St";49.276141;-123.044245
"016";0;8;"Southbound Renfrew St @ William St";49.273888;-123.044287
"016";0;9;"Southbound Renfrew St @ Kitchener St";49.271997;-123.04431
"016";0;10;"Southbound Renfrew St @ E 1st Ave";49.269159;-123.044397
"016";0;11;"Southbound Renfrew St @ E 4th Ave";49.266425;-123.044405
"016";0;12;"Southbound Renfrew St @ E 5th Ave";49.265468;-123.044419
"016";0;13;"Southbound Renfrew St @ E 8th Ave";49.262644;-123.044459
"016";0;14;"Renfrew Station @ Bay 1";49.259007;-123.044468
"016";0;15;"Southbound Renfrew St @ Grandview Hwy";49.257863;-123.044471
"016";0;16;"Southbound Renfrew St @ E 17 Ave";49.254177;-123.044433
"016";0;17;"Southbound Renfrew St @ E 20 Ave";49.252041;-123.044456
"016";0;18;"Southbound Boyd Diversion @ E 22 Ave";49.250326;-123.044011
"016";0;19;"Southbound Nootka St @ E 25 Ave";49.247621;-123.041717
"016";0;20;"Southbound Nootka St @ E 27 Ave";49.245935;-123.041725
"016";0;21;"Westbound E 29 Ave @ Nootka St";49.244625;-123.042759
"016";0;22;"29th Avenue Station @ Bay 3";49.244134;-123.044757
"016";1;1;"Northbound Earles St @ Kingsway";49.238002;-123.048391
"016";1;2;"Northbound Earles St @ Horley St";49.23999;-123.046457
"016";1;3;"Northbound Earles St @ Euclid Ave";49.241376;-123.045131
"016";1;4;"Northbound Earles St @ Kings Ave";49.243327;-123.043266
"016";1;5;"Westbound E 29 Ave @ Nootka St";49.244625;-123.042759
"016";1;6;"29th Avenue Station @ Bay 3";49.244134;-123.044757
"016";1;7;"Northbound Nootka St @ E 29 Ave";49.244934;-123.041719
"016";1;8;"Northbound Nootka St @ E 26 Ave";49.247362;-123.041531
"016";1;9;"Northbound Renfrew St @ E 21 Ave";49.25187;-123.044248
"016";1;10;"Northbound Renfrew St @ E 17 Ave";49.254646;-123.044228
"016";1;11;"Northbound Renfrew St @ Grandview Hwy";49.257532;-123.044132
"016";1;12;"Renfrew Station @ Bay 3";49.259567;-123.044122
"016";1;13;"Northbound Renfrew St @ E Broadway";49.262253;-123.044105
"016";1;14;"Northbound Renfrew St @ E 7th Ave";49.264174;-123.04414
"016";1;15;"Northbound Renfrew St @ E 5th Ave";49.266066;-123.044136
"016";1;16;"Northbound Renfrew St @ E 3rd Ave";49.26794;-123.044107
"016";1;17;"Northbound Renfrew St @ E 1st Ave";49.269832;-123.044037
"016";1;18;"Northbound Renfrew St @ Grant St";49.271682;-123.044039
"016";1;19;"Northbound Renfrew St @ Charles St";49.273636;-123.044011
"016";1;20;"Northbound Renfrew St @ Venables St";49.276287;-123.043972
"016";1;21;"Northbound Renfrew St @ E Georgia St";49.278605;-123.043931
"016";1;22;"Northbound Renfrew St @ E Pender St";49.280062;-123.04396
"016";1;23;"Westbound E Hastings St @ Kaslo St";49.281226;-123.047423
"016";1;24;"Westbound E Hastings St @ Penticton St";49.281245;-123.051351
"016";1;25;"Southbound Nanaimo St @ E Hastings St";49.280782;-123.056725
"017";0;1;"Marine Drive Station @ Bay 1";49.209087;-123.116823
"017";0;2;"Westbound SW Marine Dr @ Ash St";49.209141;-123.119749
"017";0;3;"Westbound SW Marine Dr @ Heather St";49.207414;-123.123941
"017";0;4;"Westbound SW Marine Dr @ Laurel St";49.206184;-123.126813
"017";0;5;"Northbound Oak Cloverleaf @ SW Marine Dr";49.205921;-123.128497
"017";0;6;"Northbound Oak St @ W 70 Ave";49.208777;-123.13011
"017";0;7;"Northbound Oak St @ W 67 Ave";49.210429;-123.130057
"017";0;8;"Northbound Oak St @ Park Dr";49.214711;-123.129909
"017";0;9;"Northbound Oak St @ W 59 Ave";49.217412;-123.129005
"017";0;10;"Northbound Oak St @ W 57 Ave";49.219518;-123.128433
"017";0;11;"Northbound Oak St @ W 54 Ave";49.221798;-123.128353
"017";0;12;"Northbound Oak St @ W 49 Ave";49.226867;-123.128159
"017";0;13;"Northbound Oak St @ W 46 Ave";49.229544;-123.128098
"017";0;14;"Northbound Oak St @ W 43 Ave";49.232346;-123.128003
"017";0;15;"Northbound Oak St @ W 41 Ave";49.23366;-123.127934
"017";0;16;"Northbound Oak St @ W 38 Ave";49.237021;-123.12785
"017";0;17;"Northbound Oak St @ W 33 Ave";49.241748;-123.12769
"017";0;18;"Northbound Oak St @ Devonshire Cres";49.244894;-123.127493
"017";0;19;"Northbound Oak St @ W 27 Ave";49.247506;-123.12749
"017";0;20;"Northbound Oak St @ W King Edward Ave";49.249632;-123.127357
"017";0;21;"Northbound Oak St @ W 22 Ave";49.251967;-123.127311
"017";0;22;"Northbound Oak St @ W 20 Ave";49.253935;-123.127236
"017";0;23;"Northbound Oak St @ W 17 Ave";49.256575;-123.127109
"017";0;24;"Eastbound W 12 Ave @ Oak St";49.260482;-123.12604
"017";0;25;"Eastbound W 12th Ave @ Laurel St";49.26048;-123.123929
"017";0;26;"Eastbound W 12th Ave @ Heather St";49.260394;-123.120306
"017";0;27;"Northbound Cambie St @ W 12 Ave";49.260758;-123.114831
"017";0;28;"Broadway-City Hall Station @ Bay 2";49.262826;-123.11464
"017";0;29;"Northbound Cambie St @ W 7th Ave";49.264648;-123.114622
"017";0;30;"Northbound Smithe St @ Expo Blvd";49.276112;-123.114934
"017";0;31;"Westbound Robson St @ Hamilton St";49.279145;-123.116259
"017";1;1;"Westbound Robson St @ Hamilton St";49.279145;-123.116259
"017";1;2;"Westbound Robson St @ Granville St";49.28128;-123.119551
"017";1;3;"Northbound Granville St @ W Georgia St";49.282317;-123.118291
"017";1;4;"Northbound Granville St @ Dunsmuir St";49.283461;-123.116549
"017";1;5;"Northbound Granville St @ W Pender St";49.284493;-123.114994
"017";1;6;"Eastbound W Pender St @ Seymour St";49.283753;-123.113589
"017";1;7;"Eastbound W Pender St @ Hamilton St";49.281799;-123.110618
"017";1;8;"Southbound Cambie St @ W Georgia St";49.279676;-123.112876
"017";1;9;"Southbound Cambie St @ Robson St";49.277999;-123.115404
"017";1;10;"Eastbound Nelson St @ Cambie St";49.275788;-123.117719
"017";1;11;"Southbound Cambie St @ W 7th Ave";49.264477;-123.114982
"017";1;12;"Broadway-City Hall Station @ Bay 3";49.261616;-123.115153
"017";1;13;"Westbound W 12th Ave @ Cambie St";49.260482;-123.11559
"017";1;14;"Westbound W 12th Ave @ Heather St";49.260557;-123.12041
"017";1;15;"Westbound W 12th Ave @ Laurel St";49.260622;-123.124667
"017";1;16;"Southbound Oak St @ W 12 Ave";49.260251;-123.126842
"017";1;17;"Southbound Oak St @ W 16 Ave";49.256751;-123.127351
"017";1;18;"Southbound Oak St @ Douglas Cres";49.254123;-123.127471
"017";1;19;"Southbound Oak St @ Balfour Ave";49.251423;-123.12759
"017";1;20;"Southbound Oak St @ W King Edward Ave";49.248653;-123.127716
"017";1;21;"Southbound Oak St @ Nanton Ave";49.245988;-123.127793
"017";1;22;"Southbound Oak St @ Devonshire Cres";49.244095;-123.127861
"017";1;23;"Southbound Oak St @ W 33 Ave";49.241077;-123.12796
"017";1;24;"Southbound Oak St @ W 37 Ave";49.237881;-123.128082
"017";1;25;"Southbound Oak St @ W 41st Ave";49.234316;-123.128241
"017";1;26;"Southbound Oak St @ W 43 Ave";49.231779;-123.128278
"017";1;27;"Southbound Oak St @ W 46 Ave";49.229046;-123.128376
"017";1;28;"Southbound Oak St @ W 49 Ave";49.22616;-123.128478
"017";1;29;"Southbound Oak St @ W 54 Ave";49.221231;-123.128635
"017";1;30;"Southbound Oak St @ W 57 Ave";49.218926;-123.128765
"017";1;31;"Southbound Oak St @ W 59 Ave";49.216857;-123.129581
"017";1;32;"Southbound Oak St @ Park Dr";49.214689;-123.130177
"017";1;33;"Southbound Oak St @ W 67 Ave";49.21048;-123.130325
"017";1;34;"Southbound Oak St @ W 70 Ave";49.208654;-123.130386
"017";1;35;"Southbound Oak St @ W 72 Ave";49.205381;-123.130464
"017";1;36;"Eastbound SW Marine Dr @ Heather St";49.207179;-123.123861
"017";1;37;"Eastbound SW Marine Dr @ Ash St";49.209394;-123.118587
"017";1;38;"Marine Drive Station @ Bay 2";49.209383;-123.116116
"019";0;1;"Eastbound Kingsway @ Joyce St";49.233886;-123.035646
"019";0;2;"Eastbound Kingsway @ Wessex St";49.232943;-123.033767
"019";0;3;"Eastbound Kingsway @ Tyne St";49.231987;-123.031656
"019";0;4;"Eastbound Kingsway @ Aberdeen St";49.232011;-123.027587
"019";0;5;"Eastbound Kingsway @ Boundary Rd";49.232257;-123.022286
"019";0;6;"Eastbound Kingsway @ Smith Ave";49.232578;-123.018383
"019";0;7;"Eastbound Kingsway @ Inman Ave";49.232758;-123.015229
"019";0;8;"Eastbound Kingsway @ Patterson Ave";49.232443;-123.012252
"019";0;9;"Eastbound Kingsway @ Olive Ave";49.231667;-123.00953
"019";0;10;"Eastbound Kingsway @ Wilson Ave";49.230995;-123.007485
"019";0;11;"Southbound Willingdon Ave @ Kemp St";49.229565;-123.005715
"019";0;12;"Eastbound Central Blvd @ Willingdon Ave";49.227271;-123.006974
"019";0;13;"Metrotown Station @ Bay 2";49.226085;-123.002888
"019";1;1;"Metrotown Station @ Bay 2";49.226085;-123.002888
"019";1;2;"Northbound Willingdon Ave @ Central Blvd";49.228005;-123.007012
"019";1;3;"Westbound Kingsway @ Willingdon Ave";49.230542;-123.00553
"019";1;4;"Westbound Kingsway @ Wilson Ave";49.231423;-123.008159
"019";1;5;"Westbound Kingsway @ Barker Ave";49.232216;-123.010599
"019";1;6;"Westbound Kingsway @ Inman Ave";49.232908;-123.016178
"019";1;7;"Westbound Kingsway @ Smith Ave";49.23266;-123.019689
"019";1;8;"Westbound Kingsway @ Boundary Rd";49.232402;-123.024096
"019";1;9;"Westbound Kingsway @ Aberdeen St";49.232179;-123.028643
"019";1;10;"Westbound Kingsway @ Wessex St";49.233186;-123.033761
"019";1;11;"Westbound Kingsway @ Joyce St";49.234462;-123.036193
"019";1;12;"Westbound Kingsway @ McKinnon St";49.235237;-123.038053
"019";1;13;"Westbound Kingsway @ Rupert St";49.236114;-123.04296
"019";1;14;"Westbound Kingsway @ Fairmont St";49.236931;-123.046942
"019";1;15;"Westbound Kingsway @ Rhodes St";49.238483;-123.050491
"019";1;16;"Westbound Kingsway @ Slocan St";49.240309;-123.054367
"019";1;17;"Westbound Kingsway @ Nanaimo St";49.242199;-123.0585
"019";1;18;"Westbound Kingsway @ Gladstone St";49.243838;-123.062124
"019";1;19;"Westbound Kingsway @ Victoria Dr";49.245543;-123.065671
"019";1;20;"Westbound Kingsway @ Miller St";49.247236;-123.069355
"019";1;21;"Westbound Kingsway @ Dumfries St";49.248894;-123.072897
"019";1;22;"Westbound Kingsway @ Knight St";49.25051;-123.076585
"019";1;23;"Westbound Kingsway @ Inverness St";49.252366;-123.080257
"019";1;24;"Westbound Kingsway @ Windsor St";49.254147;-123.084079
"019";1;25;"Westbound Kingsway @ Fraser St";49.257027;-123.090227
"019";1;26;"Westbound Kingsway @ St. George St";49.25817;-123.093585
"019";1;27;"Westbound Kingsway @ E 12 Ave";49.260171;-123.096663
"019";1;28;"Westbound Kingsway @ E Broadway";49.263296;-123.099681
"019";1;29;"Northbound Main St @ E 6th Ave";49.265339;-123.100685
"019";1;30;"Northbound Main St @ E 5th Ave";49.266719;-123.100662
"019";1;31;"Northbound Main St @ E 2nd Ave";49.269455;-123.100505
"019";1;32;"Main Street-Science World Station @ Bay 2";49.273395;-123.099831
"019";1;33;"Northbound Main St @ National Ave";49.275321;-123.099748
"019";1;34;"Northbound Main St @ E Georgia St";49.278968;-123.099607
"019";1;35;"Westbound E Pender St @ Main St";49.280463;-123.100688
"019";1;36;"Westbound W Pender St @ Carrall St";49.280707;-123.104998
"019";1;37;"Westbound W Pender St @ Abbott St";49.28129;-123.108213
"019";1;38;"Westbound W Pender St @ Hamilton St";49.282472;-123.11137
"019";1;39;"Westbound W Pender St @ Seymour St";49.283818;-123.113429
"019";1;40;"Westbound W Pender St @ Howe St";49.285239;-123.115602
"019";1;41;"Westbound W Pender St @ Burrard St";49.286833;-123.118031
"019";1;42;"Westbound W Pender St @ Bute St";49.288565;-123.123694
"019";1;43;"Westbound W Pender St @ Broughton St";49.289741;-123.12775
"019";1;44;"Westbound W Georgia St @ Cardero St";49.290935;-123.130883
"019";1;45;"Westbound W Georgia St @ Denman St";49.292951;-123.134018
"019";1;46;"Westbound Stanley Park Dr @ Pipeline Rd";49.297003;-123.136104
"019";1;47;"Stanley Park Loop @ Bay 1";49.300494;-123.133742
"020";0;1;"Westbound Harrison Dr @ Victoria Dr";49.210673;-123.065781
"020";0;2;"Northbound Victoria Dr @ Fraserview Dr";49.212765;-123.065964
"020";0;3;"Northbound Victoria Dr @ E 61 Ave";49.214832;-123.065913
"020";0;4;"Northbound Victoria Dr @ Brigadoon Ave";49.21691;-123.065874
"020";0;5;"Northbound Victoria Dr @ Upland Dr";49.218398;-123.065832
"020";0;6;"Northbound Victoria Dr @ E 54 Ave";49.220662;-123.065738
"020";0;7;"Northbound Victoria Dr @ E 51 Ave";49.223425;-123.065653
"020";0;8;"Northbound Victoria Dr @ E 49 Ave";49.225458;-123.065603
"020";0;9;"Northbound Victoria Dr @ Waverley Ave";49.227465;-123.065556
"020";0;10;"Northbound Victoria Dr @ E 45 Ave";49.229847;-123.065483
"020";0;11;"Northbound Victoria Dr @ E 43 Ave";49.231503;-123.065432
"020";0;12;"Northbound Victoria Dr @ E 41 Ave";49.233152;-123.065403
"020";0;13;"Northbound Victoria Dr @ E 38 Ave";49.236203;-123.065307
"020";0;14;"Northbound Victoria Dr @ E 36 Ave";49.237698;-123.065288
"020";0;15;"Northbound Victoria Dr @ E 33 Ave";49.24032;-123.065188
"020";0;16;"Northbound Victoria Dr @ E 32 Ave";49.241893;-123.065138
"020";0;17;"Northbound Victoria Dr @ Kingsway";49.244828;-123.065039
"020";0;18;"Northbound Victoria Dr @ E 26 Ave";49.247959;-123.064952
"020";0;19;"Northbound Victoria Dr @ E 22 Ave";49.250596;-123.064898
"020";0;20;"Northbound Victoria Diversion @ Victoria Dr";49.253274;-123.066572
"020";0;21;"Northbound Commercial Dr @ Findlay St";49.254682;-123.068394
"020";0;22;"Northbound Commercial Dr @ E 14 Ave";49.258015;-123.069745
"020";0;23;"Northbound Commercial Dr @ E 12 Ave";49.259948;-123.069673
"020";0;24;"Commercial-Broadway Station @ Bay 3";49.262699;-123.069636
"020";0;25;"Northbound Commercial Dr @ E 6th Ave";49.265331;-123.069596
"020";0;26;"Northbound Commercial Dr @ E 3rd Ave";49.268043;-123.06953
"020";0;27;"Northbound Commercial Dr @ E 1st Ave";49.269918;-123.069518
"020";0;28;"Northbound Commercial Dr @ Grant St";49.271608;-123.069481
"020";0;29;"Northbound Commercial Dr @ Charles St";49.273323;-123.06943
"020";0;30;"Northbound Commercial Dr @ Napier St";49.275134;-123.069418
"020";0;31;"Northbound Commercial Diversion @ Venables St";49.277014;-123.069433
"020";0;32;"Northbound Commercial Dr @ E Georgia St";49.278704;-123.070346
"020";0;33;"Northbound Commercial Dr @ E Pender St";49.280571;-123.070272
"020";0;34;"Westbound E Hastings St @ Commercial Dr";49.281362;-123.071174
"020";0;35;"Westbound E Hastings St @ McLean Dr";49.281378;-123.074606
"020";0;36;"Westbound E Hastings St @ Clark Dr";49.281445;-123.077888
"020";0;37;"Westbound E Hastings St @ Glen Dr";49.281111;-123.081789
"020";0;38;"Westbound E Hastings St @ Campbell Ave";49.281155;-123.085249
"020";0;39;"Westbound E Hastings St @ Hawks Ave";49.2812;-123.087667
"020";0;40;"Westbound E Hastings St @ Princess Ave";49.281282;-123.092019
"020";0;41;"Westbound E Hastings St @ Jackson Ave";49.281321;-123.093904
"020";0;42;"Westbound E Hastings St @ Dunlevy Ave";49.281356;-123.095847
"020";0;43;"Westbound E Hastings St @ Main St";49.281426;-123.099363
"020";0;44;"Westbound W Hastings St @ Carrall St";49.281733;-123.105366
"020";0;45;"Westbound W Hastings St @ Abbott St";49.282221;-123.108043
"020";0;46;"Westbound W Hastings St @ Hamilton St";49.283085;-123.110279
"020";0;47;"Southbound Richards St @ Dunsmuir St";49.281944;-123.115253
"020";1;1;"Southbound Richards St @ Dunsmuir St";49.281944;-123.115253
"020";1;2;"Westbound Robson St @ Granville St";49.28128;-123.119551
"020";1;3;"Northbound Granville St @ W Georgia St";49.282317;-123.118291
"020";1;4;"Northbound Granville St @ Dunsmuir St";49.283461;-123.116549
"020";1;5;"Northbound Granville St @ W Pender St";49.284493;-123.114994
"020";1;6;"Eastbound W Hastings St @ Seymour St";49.284334;-123.112551
"020";1;7;"Eastbound W Hastings St @ Homer St";49.283054;-123.110546
"020";1;8;"Eastbound W Hastings St @ Abbott St";49.28179;-123.106526
"020";1;9;"Eastbound W Hastings St @ Carrall St";49.281469;-123.104795
"020";1;10;"Eastbound E Hastings St @ Main St";49.281225;-123.099034
"020";1;11;"Eastbound E Hastings St @ Dunlevy Ave";49.281161;-123.094737
"020";1;12;"Eastbound E Hastings St @ Jackson Ave";49.281112;-123.092955
"020";1;13;"Eastbound E Hastings St @ Princess Ave";49.281081;-123.090971
"020";1;14;"Eastbound E Hastings St @ Hawks Ave";49.281005;-123.086654
"020";1;15;"Eastbound E Hastings St @ Campbell Ave";49.280957;-123.084231
"020";1;16;"Eastbound E Hastings St @ Glen Dr";49.280904;-123.08086
"020";1;17;"Eastbound E Hastings St @ Clark Dr";49.281195;-123.076457
"020";1;18;"Eastbound E Hastings St @ McLean Dr";49.281191;-123.073421
"020";1;19;"Southbound Commercial Dr @ E Hastings St";49.280806;-123.070549
"020";1;20;"Southbound Commercial Dr @ Frances St";49.279104;-123.070545
"020";1;21;"Southbound Commercial Diversion @ Adanac St";49.277328;-123.069881
"020";1;22;"Southbound Commercial Dr @ Parker St";49.275512;-123.06961
"020";1;23;"Southbound Commercial Dr @ William St";49.273685;-123.069647
"020";1;24;"Southbound Commercial Dr @ Kitchener St";49.271878;-123.069692
"020";1;25;"Southbound Commercial Dr @ Graveley St";49.270207;-123.069755
"020";1;26;"Southbound Commercial Dr @ E 3rd Ave";49.267975;-123.06976
"020";1;27;"Southbound Commercial Dr @ E 6th Ave";49.264806;-123.069842
"020";1;28;"Southbound Commercial Dr @ N Grandview Hwy";49.263232;-123.069903
"020";1;29;"Commercial-Broadway Station @ Bay 2";49.261929;-123.069913
"020";1;30;"Southbound Commercial Dr @ E 12 Ave";49.258832;-123.069972
"020";1;31;"Southbound Commercial Dr @ E 14 Ave";49.257485;-123.069954
"020";1;32;"Southbound Victoria Diversion @ Commercial St";49.253864;-123.067594
"020";1;33;"Southbound Victoria Dr @ Victoria Diversion";49.252727;-123.066107
"020";1;34;"Southbound Victoria Dr @ E 22 Ave";49.249893;-123.065127
"020";1;35;"Southbound Victoria Dr @ E 26 Ave";49.247318;-123.065204
"020";1;36;"Southbound Victoria Dr @ Kingsway";49.244809;-123.0653
"020";1;37;"Southbound Victoria Dr @ E 31 Ave";49.24251;-123.065373
"020";1;38;"Southbound Victoria Dr @ E 33 Ave";49.239661;-123.065469
"020";1;39;"Southbound Victoria Dr @ E 36 Ave";49.237254;-123.065531
"020";1;40;"Southbound Victoria Dr @ E 38 Ave";49.235445;-123.065593
"020";1;41;"Southbound Victoria Dr @ E 41 Ave";49.232253;-123.065682
"020";1;42;"Southbound Victoria Dr @ E 43 Ave";49.230264;-123.065727
"020";1;43;"Southbound Victoria Dr @ Waverley Ave";49.226693;-123.065819
"020";1;44;"Southbound Victoria Dr @ E 49 Ave";49.224857;-123.065873
"020";1;45;"Southbound Victoria Dr @ E 51 Ave";49.223127;-123.065922
"020";1;46;"Southbound Victoria Dr @ E 53 Ave";49.221481;-123.065964
"020";1;47;"Southbound Victoria Dr @ Argyle Dr";49.219611;-123.065976
"020";1;48;"Southbound Victoria Dr @ Upland Dr";49.217768;-123.066039
"020";1;49;"Southbound Victoria Dr @ Newport Ave";49.215036;-123.066092
"020";1;50;"Southbound Victoria Dr @ Thornhill Dr";49.213015;-123.066138
"020";1;51;"Southbound Victoria Dr @ E 64 Ave";49.21118;-123.066167
"020";1;52;"Eastbound Harrison Dr @ Victoria Dr";49.210486;-123.065448
"022";0;1;"Burrard Station @ Bay 3";49.286391;-123.121757
"022";0;2;"Eastbound W Pender St @ Burrard St";49.286121;-123.117245
"022";0;3;"Eastbound W Pender St @ Granville St";49.284791;-123.115231
"022";0;4;"Eastbound W Pender St @ Seymour St";49.283753;-123.113589
"022";0;5;"Eastbound W Pender St @ Hamilton St";49.281799;-123.110618
"022";0;6;"Eastbound W Pender St @ Abbott St";49.280892;-123.106976
"022";0;7;"Eastbound E Pender St @ Carrall St";49.280394;-123.103799
"022";0;8;"Eastbound E Pender St @ Main St";49.280323;-123.099245
"022";0;9;"Southbound Gore Ave @ Keefer St";49.279105;-123.097251
"022";0;10;"Southbound Gore Ave @ Union St";49.27736;-123.09702
"022";0;11;"Eastbound Prior St @ Dunlevy Ave";49.276624;-123.095194
"022";0;12;"Eastbound Prior St @ Princess Ave";49.276551;-123.091207
"022";0;13;"Eastbound Prior St @ Hawks Ave";49.276481;-123.087659
"022";0;14;"Eastbound Prior St @ Campbell Ave";49.276442;-123.084506
"022";0;15;"Eastbound Venables St @ Glen Dr";49.276727;-123.080955
"022";0;16;"Eastbound Venables St @ Vernon Dr";49.276697;-123.07825
"022";0;17;"Southbound Clark Dr @ Parker St";49.275523;-123.077375
"022";0;18;"Southbound Clark Dr @ William St";49.27378;-123.07742
"022";0;19;"Southbound Clark Dr @ Grant St";49.271208;-123.077466
"022";0;20;"Southbound Clark Dr @ E 1st Ave";49.268967;-123.077555
"022";0;21;"Southbound Clark Dr @ E 3rd Ave";49.267558;-123.077527
"022";0;22;"Southbound Clark Dr @ E 6th Ave";49.264806;-123.07763
"022";0;23;"Southbound Clark Dr @ E Broadway";49.262018;-123.07773
"022";0;24;"Southbound Clark Dr @ E 12 Ave";49.259354;-123.077691
"022";0;25;"Southbound Knight St @ E 17 Ave";49.255003;-123.076054
"022";0;26;"Southbound Knight St @ E 19 Ave";49.253194;-123.07613
"022";0;27;"Southbound Knight St @ E 23 Ave";49.249651;-123.076243
"022";0;28;"Southbound Knight St @ E King Edward Ave";49.248155;-123.076298
"022";0;29;"Southbound Knight St @ E 27 Ave";49.24614;-123.076373
"022";0;30;"Southbound Knight St @ E 29 Ave";49.244204;-123.076425
"022";0;31;"Southbound Knight St @ E 31 Ave";49.242149;-123.076486
"022";0;32;"Southbound Knight St @ E 33 Ave";49.23988;-123.07656
"022";0;33;"Southbound Knight St @ E 37 Ave";49.236514;-123.07705
"022";0;34;"Southbound Knight St @ E 39 Ave";49.234472;-123.077104
"022";0;35;"Southbound Knight St @ E 41 Ave";49.232305;-123.077224
"022";0;36;"Southbound Knight St @ E 43 Ave";49.230318;-123.077253
"022";0;37;"Southbound Knight St @ E 45 Ave";49.228692;-123.077321
"022";0;38;"Southbound Knight St @ E 47 Ave";49.227344;-123.077362
"022";0;39;"Southbound Knight St @ E 49 Ave";49.224925;-123.077479
"022";0;40;"Southbound Knight St @ E 51 Ave";49.223084;-123.077505
"022";0;41;"Southbound Knight St @ E 53 Ave";49.221522;-123.077568
"022";0;42;"Southbound Knight St @ E 57 Ave";49.218344;-123.077162
"022";0;43;"Southbound Knight St @ E 58 Ave";49.216969;-123.077184
"022";0;44;"Southbound Knight St @ E 60 Ave";49.215154;-123.077208
"022";0;45;"Southbound Knight St @ E 62 Ave";49.213443;-123.077228
"022";0;46;"Southbound Knight St @ E 63 Ave";49.212389;-123.077238
"022";1;1;"Knight St Underpass @ SE Marine Dr";49.21125;-123.076921
"022";1;2;"Northbound Knight St @ E 63 Ave";49.213213;-123.076965
"022";1;3;"Northbound Knight St @ E 61 Ave";49.214995;-123.076944
"022";1;4;"Northbound Knight St @ E 59 Ave";49.216763;-123.076922
"022";1;5;"Northbound Knight St @ E 57 Ave";49.218444;-123.076884
"022";1;6;"Northbound Knight St @ E 53 Ave";49.221998;-123.077282
"022";1;7;"Northbound Knight St @ E 51 Ave";49.223765;-123.077214
"022";1;8;"Northbound Knight St @ E 49 Ave";49.225701;-123.077098
"022";1;9;"Northbound Knight St @ E 47 Ave";49.227974;-123.077067
"022";1;10;"Northbound Knight St @ E 45 Ave";49.229335;-123.077025
"022";1;11;"Northbound Knight St @ E 43 Ave";49.230966;-123.076961
"022";1;12;"Northbound Knight St @ E 41 Ave";49.233088;-123.076848
"022";1;13;"Northbound Knight St @ E 39 Ave";49.235113;-123.07681
"022";1;14;"Northbound Knight St @ E 37 Ave";49.237188;-123.076748
"022";1;15;"Northbound Knight St @ E 33 Ave";49.240543;-123.076257
"022";1;16;"Northbound Knight St @ E 32 Ave";49.24199;-123.076223
"022";1;17;"Northbound Knight St @ E 30 Ave";49.244049;-123.076163
"022";1;18;"Northbound Knight St @ E 28 Ave";49.245776;-123.076103
"022";1;19;"Northbound Knight St @ E King Edward Ave";49.248848;-123.075932
"022";1;20;"Northbound Knight St @ Kingsway";49.249685;-123.075903
"022";1;21;"Northbound Knight St @ E 20 Ave";49.252354;-123.075894
"022";1;22;"Northbound Knight St @ E 19 Ave";49.253818;-123.075837
"022";1;23;"Northbound Knight St @ E 17 Ave";49.255554;-123.075773
"022";1;24;"Northbound Clark Dr @ E 11 Ave";49.260268;-123.077343
"022";1;25;"Northbound Clark Dr @ E Broadway";49.262754;-123.077367
"022";1;26;"Northbound Clark Dr @ E 6th Ave";49.264845;-123.077316
"022";1;27;"Northbound Clark Dr @ E 3rd Ave";49.268147;-123.077256
"022";1;28;"Northbound Clark Dr @ Grant St";49.271749;-123.077197
"022";1;29;"Northbound Clark Dr @ William St";49.274264;-123.077153
"022";1;30;"Westbound Venables St @ Clark Dr";49.276842;-123.077921
"022";1;31;"Westbound Venables St @ Vernon Dr";49.276868;-123.079737
"022";1;32;"Westbound Venables St @ Raymur Ave";49.276876;-123.083149
"022";1;33;"Westbound Prior St @ Hawks Ave";49.27661;-123.087839
"022";1;34;"Westbound Prior St @ Heatley Ave";49.276651;-123.09021
"022";1;35;"Westbound Prior St @ Jackson Ave";49.276725;-123.094157
"022";1;36;"Northbound Gore Ave @ E Georgia St";49.278838;-123.097008
"022";1;37;"Westbound E Pender St @ Gore Ave";49.280427;-123.097706
"022";1;38;"Westbound E Pender St @ Main St";49.280463;-123.100688
"022";1;39;"Westbound W Pender St @ Carrall St";49.280707;-123.104998
"022";1;40;"Westbound W Pender St @ Abbott St";49.28129;-123.108213
"022";1;41;"Westbound W Pender St @ Hamilton St";49.282472;-123.11137
"022";1;42;"Westbound W Pender St @ Seymour St";49.283818;-123.113429
"022";1;43;"Westbound W Pender St @ Howe St";49.285239;-123.115602
"022";1;44;"Burrard Station @ Bay 5";49.285787;-123.119282
"022";1;45;"Burrard Station @ Bay 3";49.286391;-123.121757
"023";0;1;"Westbound Davie St @ Bidwell St";49.286592;-123.140661
"023";0;2;"Eastbound Beach Ave @ Bidwell St";49.284744;-123.142826
"023";0;3;"Eastbound Beach Ave @ Cardero St";49.283216;-123.141983
"023";0;4;"Eastbound Pacific St @ Jervis St";49.280455;-123.137828
"023";0;5;"Eastbound Pacific St @ Thurlow St";49.27838;-123.134614
"023";0;6;"Eastbound Pacific St @ Seymour Mews";49.274423;-123.128718
"023";0;7;"Eastbound Pacific St @ Richards St";49.273529;-123.127316
"023";0;8;"Yaletown-Roundhouse Station @ Bay 4";49.274071;-123.12074
"023";0;9;"Eastbound Pacific Blvd @ Marinaside Cres";49.274253;-123.114389
"023";0;10;"Northbound Pat Quinn Way @ Expo Blvd";49.278392;-123.107518
"023";0;11;"Eastbound Keefer Place @ Taylor St";49.27934;-123.1057
"023";0;12;"Eastbound Keefer St @ Quebec St";49.279168;-123.102858
"023";0;13;"Eastbound National Ave @ Quebec St";49.27487;-123.10146399999999
"023";0;14;"Southbound Station St @ National Ave";49.273996;-123.098665
"023";1;1;"Southbound Station St @ National Ave";49.273996;-123.098665
"023";1;2;"Northbound Quebec St @ Terminal Ave";49.273368;-123.101534
"023";1;3;"Northbound Quebec St @ National Ave";49.275246;-123.101804
"023";1;4;"Northbound Expo Blvd @ Quebec St";49.276942;-123.102462
"023";1;5;"Westbound Expo Blvd @ Abbott St";49.278791;-123.108015
"023";1;6;"Westbound Expo Blvd @ Nelson St";49.274744;-123.11631
"023";1;7;"Yaletown-Roundhouse Station @ Bay 3";49.274016;-123.121965
"023";1;8;"Westbound Pacific St @ Richards St";49.274065;-123.127726
"023";1;9;"Westbound Beach Ave @ Howe St";49.274962;-123.132056
"023";1;10;"Westbound Beach Ave @ Thurlow St";49.27794;-123.135706
"023";1;11;"Westbound Beach Ave @ Bute St";49.279589;-123.137338
"023";1;12;"Westbound Pacific St @ Jervis St";49.280964;-123.138406
"023";1;13;"Westbound Beach Ave @ Cardero St";49.283023;-123.1416
"023";1;14;"Beach Ave @ Bidwell St";49.284303;-123.142591
"023";1;15;"Westbound Davie St @ Bidwell St";49.286592;-123.140661
"025";0;1;"UBC Exchange @ Bay 6";49.267304;-123.247155
"025";0;2;"Southbound Wesbrook Mall @ Agronomy Rd";49.264;-123.243748
"025";0;3;"Southbound Wesbrook Mall @ Thunderbird Blvd";49.260754;-123.240994
"025";0;4;"Southbound Wesbrook Mall @ Hampton Place";49.257295;-123.237949
"025";0;5;"Eastbound W 16 Ave @ Wesbrook Mall";49.256014;-123.235156
"025";0;6;"Eastbound W 16 Ave @ Pacific Spirit Park";49.258318;-123.221642
"025";0;7;"Eastbound W 16 Ave @ Blanca St";49.258259;-123.214903
"025";0;8;"Eastbound W 16 Ave @ Tolmie St";49.25819;-123.21185
"025";0;9;"Eastbound W 16 Ave @ Trimble St";49.258107;-123.205776
"025";0;10;"Eastbound W 16 Ave @ Camosun St";49.257993;-123.197445
"025";0;11;"Eastbound W 16 Ave @ Crown St";49.257917;-123.193063
"025";0;12;"Eastbound W 16 Ave @ Highbury St";49.257833;-123.187544
"025";0;13;"Southbound Dunbar St @ W 17 Ave";49.257067;-123.185245
"025";0;14;"Southbound Dunbar St @ W 21 Ave";49.253446;-123.18526
"025";0;15;"Eastbound W King Edward Ave @ Dunbar St";49.249918;-123.184491
"025";0;16;"Eastbound W King Edward Ave @ Blenheim St";49.249895;-123.178105
"025";0;17;"Eastbound W King Edward Ave @ Quesnel Dr";49.249875;-123.172562
"025";0;18;"Eastbound W King Edward Ave @ Puget Dr";49.247959;-123.167226
"025";0;19;"Eastbound W King Edward Ave @ Brakenridge St";49.248553;-123.162016
"025";0;20;"Eastbound W King Edward Ave @ Valley Dr";49.249818;-123.158783
"025";0;21;"Eastbound W King Edward Ave @ Yew St";49.251217;-123.155187
"025";0;22;"Eastbound W King Edward Ave @ Arbutus St";49.251448;-123.153365
"025";0;23;"Eastbound W King Edward Ave @ Maple Cres";49.250503;-123.151127
"025";0;24;"Eastbound W King Edward Ave @ Cypress St";49.249446;-123.148387
"025";0;25;"Eastbound W King Edward Ave @ Marguerite St";49.249352;-123.144254
"025";0;26;"Eastbound W King Edward Ave @ Alexandra St";49.249302;-123.141103
"025";0;27;"Eastbound W King Edward Ave @ Granville St";49.24927;-123.138458
"025";0;28;"Eastbound W King Edward Ave @ Hudson St";49.249192;-123.133894
"025";0;29;"Eastbound W King Edward Ave @ Oak St";49.24909;-123.127001
"025";0;30;"Eastbound W King Edward Ave @ Willow St";49.248992;-123.121874
"025";0;31;"King Edward Station @ Bay 3";49.248902;-123.11671
"025";0;32;"Eastbound W King Edward Ave @ Columbia St";49.248879;-123.109515
"025";0;33;"Eastbound E King Edward Ave @ Ontario St";49.248778;-123.104553
"025";0;34;"Eastbound E King Edward Ave @ Main St";49.248697;-123.100559
"025";0;35;"Eastbound E King Edward Ave @ Prince Edward St";49.248638;-123.096185
"025";0;36;"Eastbound E King Edward Ave @ St. George St";49.248617;-123.093592
"025";0;37;"Eastbound E King Edward Ave @ Fraser St";49.24856;-123.08963
"025";0;38;"Eastbound E King Edward Ave @ St. Catherines St";49.248521;-123.085285
"025";0;39;"Eastbound E King Edward Ave @ Glen Dr";49.248473;-123.081441
"025";0;40;"Eastbound E King Edward Ave @ Knight St";49.248433;-123.075263
"025";0;41;"Eastbound Kingsway @ Perry St";49.247719;-123.070924
"025";0;42;"Eastbound Kingsway @ Miller St";49.246508;-123.068314
"025";0;43;"Eastbound Kingsway @ Victoria Dr";49.244693;-123.064447
"025";0;44;"Eastbound Kingsway @ Gladstone St";49.243197;-123.061284
"025";0;45;"Northbound Nanaimo St @ Galt St";49.242191;-123.05759
"025";0;46;"Northbound Nanaimo St @ Brock St";49.244217;-123.056536
"025";0;47;"Nanaimo Station @ Bay 1";49.248336;-123.056509
"025";0;48;"Eastbound E 22 Ave @ Nanaimo St";49.250547;-123.055999
"025";0;49;"Eastbound E 22 Ave @ Slocan St";49.250567;-123.049111
"025";0;50;"Eastbound E 22 Ave @ Boyd Diversion";49.250553;-123.043474
"025";0;51;"Eastbound E 22 Ave @ Lillooet St";49.250535;-123.038654
"025";0;52;"Eastbound E 22 Ave @ Rupert St";49.250529;-123.033251
"025";0;53;"Eastbound E 22 Ave @ Cassiar St";49.250549;-123.030417
"025";0;54;"Eastbound E 22 Ave @ Kootenay St";49.250584;-123.025808
"025";0;55;"Eastbound Kincaid St @ Boundary Rd";49.248781;-123.023017
"025";0;56;"Eastbound Kincaid St @ Smith Ave";49.248763;-123.019355
"025";0;57;"Eastbound Kincaid St @ MacDonald Ave";49.248894;-123.014612
"025";0;58;"Eastbound Sanderson Way @ Gilmore Way";49.248286;-123.008625
"025";0;59;"Eastbound Sanderson Way @ Mathissi Place";49.247462;-123.005459
"025";0;60;"Northbound Willingdon Ave @ Goard Way";49.251498;-123.004148
"025";0;61;"Northbound Willingdon Ave @ Canada Way";49.254192;-123.004109
"025";0;62;"Northbound Willingdon Ave @ Still Creek Dr";49.261653;-123.003137
"025";0;63;"Brentwood Station @ Bay 5";49.266239;-123.000899
"025";1;1;"Brentwood Station @ Bay 5";49.266239;-123.000899
"025";1;2;"Southbound Willingdon Ave @ Dawson St";49.264033;-123.003368
"025";1;3;"Southbound Willingdon Ave @ Still Creek Dr";49.261672;-123.003477
"025";1;4;"Southbound Willingdon Ave @ Canada Way";49.254039;-123.004529
"025";1;5;"Southbound Willingdon Ave @ Goard Way";49.252275;-123.004486
"025";1;6;"Southbound Willingdon Ave @ Sanderson Way";49.247982;-123.004458
"025";1;7;"Westbound Sanderson Way @ Gilmore Way";49.248582999999996;-123.008823
"025";1;8;"Westbound Kincaid St @ Gilmore Way";49.249354;-123.01124
"025";1;9;"Westbound Kincaid St @ Ingleton Ave";49.248874;-123.01717
"025";1;10;"Westbound Kincaid St @ Smith Ave";49.248873;-123.020257
"025";1;11;"Westbound Kincaid St @ Boundary Rd";49.248902;-123.023276
"025";1;12;"Westbound E 22 Ave @ Boundary Rd";49.250709;-123.024281
"025";1;13;"Westbound E 22 Ave @ Cassiar St";49.25068;-123.030751
"025";1;14;"Westbound E 22nd Ave @ Rupert St";49.250668;-123.034451
"025";1;15;"Westbound E 22 Ave @ Windermere St";49.250673;-123.036977
"025";1;16;"Westbound E 22 Ave @ Renfrew St";49.250695;-123.043691
"025";1;17;"Westbound E 22 Ave @ Slocan St";49.250757;-123.050631
"025";1;18;"Southbound Nanaimo St @ E 22 Ave";49.250206;-123.056793
"025";1;19;"Nanaimo Station @ Bay 2";49.248591;-123.055976
"025";1;20;"Southbound Nanaimo St @ E 28 Ave";49.24547;-123.056785
"025";1;21;"Southbound Nanaimo St @ Brock St";49.243673;-123.056787
"025";1;22;"Westbound Kingsway @ Nanaimo St";49.242491;-123.059177
"025";1;23;"Westbound Kingsway @ Gladstone St";49.243838;-123.062124
"025";1;24;"Westbound Kingsway @ Victoria Dr";49.245543;-123.065671
"025";1;25;"Westbound Kingsway @ Miller St";49.247236;-123.069355
"025";1;26;"Westbound E King Edward Ave @ Kingsway";49.248545;-123.073165
"025";1;27;"Westbound E King Edward Ave @ Knight St";49.248617;-123.076713
"025";1;28;"Westbound E King Edward Ave @ Inverness St";49.248604;-123.080503
"025";1;29;"Westbound E King Edward Ave @ Windsor St";49.248642;-123.084376
"025";1;30;"Westbound E King Edward Ave @ Fraser St";49.248731;-123.090666
"025";1;31;"Westbound King Edward Ave @ St. George St";49.248754;-123.093756
"025";1;32;"Westbound E King Edward Ave @ Prince Edward Ave";49.248792;-123.096539
"025";1;33;"Westbound E King Edward Ave @ Main St";49.248868;-123.101632
"025";1;34;"Westbound W King Edward Ave @ Ontario St";49.248929;-123.105487
"025";1;35;"Westbound W King Edward Ave @ Columbia St";49.249023;-123.110516
"025";1;36;"King Edward Station @ Bay 1";49.249121;-123.116003
"025";1;37;"Westbound W King Edward Ave @ Heather St";49.249205;-123.120844
"025";1;38;"Westbound W King Edward Ave @ Laurel St";49.249311;-123.125191
"025";1;39;"Westbound W King Edward Ave @ Oak St";49.249375;-123.128078
"025";1;40;"Westbound W King Edward Ave @ Selkirk St";49.249452;-123.132497
"025";1;41;"Westbound W King Edward Ave @ Granville St";49.24956;-123.139586
"025";1;42;"Westbound W King Edward Ave @ Marguerite St";49.249651;-123.145097
"025";1;43;"Westbound W King Edward Ave @ Pine Cres";49.249695;-123.14792
"025";1;44;"Westbound W King Edward Ave @ Maple Cres";49.251216;-123.151701
"025";1;45;"Westbound W King Edward Ave @ Arbutus St";49.251747;-123.153741
"025";1;46;"Westbound W King Edward Ave @ Yew St";49.251149;-123.156163
"025";1;47;"Westbound W King Edward Ave @ Valley Dr";49.249723;-123.159848
"025";1;48;"Westbound W King Edward Ave @ Trafalgar St";49.248213;-123.165826
"025";1;49;"Westbound W King Edward Ave @ Macdonald St";49.248646;-123.16864
"025";1;50;"Westbound W King Edward Ave @ Quesnel Dr";49.250158;-123.172648
"025";1;51;"Westbound W King Edward Ave @ Blenheim St";49.250186;-123.179099
"025";1;52;"Northbound Dunbar St @ W King Edward Ave";49.250494;-123.185062
"025";1;53;"Northbound Dunbar St @ W 22 Ave";49.253177;-123.18504
"025";1;54;"Northbound Dunbar St @ W 18 Ave";49.256842;-123.185013
"025";1;55;"Westbound W 16 Ave @ Alma St";49.258091;-123.18653
"025";1;56;"Westbound W 16 Ave @ Wallace St";49.258162;-123.191535
"025";1;57;"Westbound W 16 Ave @ Camosun St";49.258254;-123.197604
"025";1;58;"Westbound W 16 Ave @ Discovery St";49.258337;-123.203675
"025";1;59;"Westbound W 16 Ave @ Sasamat St";49.258437;-123.209896
"025";1;60;"Westbound W 16 Ave @ Blanca St";49.258508;-123.21457
"025";1;61;"Westbound W 16 Ave @ Pacific Spirit Park";49.258662;-123.222569
"025";1;62;"Westbound W 16 Ave @ Wesbrook Mall";49.25626;-123.235061
"025";1;63;"Northbound Wesbrook Mall @ 2900 Block";49.258778;-123.238774
"025";1;64;"Northbound Wesbrook Mall @ Thunderbird Blvd";49.262267;-123.241873
"025";1;65;"Northbound Wesbrook Mall @ 2100 Block";49.264762;-123.243949
"025";1;66;"UBC Exchange @ Unloading Only";49.267674;-123.247621
"026";0;1;"29th Avenue Station @ Bay 4";49.244435;-123.044461
"026";0;2;"Southbound Earles St @ E 29 Ave";49.244188;-123.042637
"026";0;3;"Southbound Earles St @ Vanness Ave";49.242853;-123.043935
"026";0;4;"Southbound Earles St @ Euclid Ave";49.240939;-123.045765
"026";0;5;"Southbound Earles St @ Horley St";49.239532;-123.047123
"026";0;6;"Eastbound Kingsway @ Earles St";49.23728;-123.048397
"026";0;7;"Eastbound Kingsway @ Killarney St";49.236159;-123.045333
"026";0;8;"Southbound Rupert St @ School Ave";49.234833;-123.04321
"026";0;9;"Southbound Rupert St @ E 41 Ave";49.232594;-123.043215
"026";0;10;"Southbound Rupert St @ E 43 Ave";49.230767;-123.043216
"026";0;11;"Southbound Rupert St @ E 45 Ave";49.228948;-123.04322
"026";0;12;"Southbound Rupert St @ Kerr St";49.227481;-123.041563
"026";0;13;"Southbound Kerr St @ E 49 Ave";49.224314;-123.041185
"026";0;14;"Southbound Kerr St @ E 52 Ave";49.221906;-123.041297
"026";0;15;"Southbound Kerr St @ E 54 Ave";49.219855;-123.041405
"026";0;16;"Southbound Kerr St @ E 56 Ave";49.218403;-123.041467
"026";0;17;"Southbound Kerr St @ E 59 Ave";49.216248;-123.041587
"026";0;18;"Eastbound Rosemont Dr @ 3200 Block";49.215571;-123.036746
"026";0;19;"Southbound Butler St @ Rosemont Dr";49.216166;-123.034529
"026";0;20;"Eastbound Maquinna Dr @ Stikine Place";49.215458;-123.031682
"026";0;21;"Southbound Champlain Cres @ Langford Ave";49.214195;-123.02994
"026";0;22;"Southbound Champlain Cres @ Marquette Cres";49.212376;-123.029816
"026";0;23;"Northbound Matheson Cres @ Champlain Cres";49.21096;-123.026965
"026";0;24;"Northbound Matheson Cres @ Limewood Place";49.211972;-123.025326
"026";0;25;"Northbound Matheson Cres @ Raintree Court";49.21425;-123.025462
"026";0;26;"Northbound Matheson Cres @ Borham Cres";49.21648;-123.025012
"026";0;27;"Eastbound Arbor Ave @ Matheson Cres";49.217418;-123.024627
"026";0;28;"Northbound Boundary Rd @ Arbor Ave";49.217909;-123.023539
"026";0;29;"Northbound Boundary Rd @ Hurst Ave";49.220212;-123.023547
"026";0;30;"Westbound E 49 Ave @ Boundary Rd";49.222065;-123.024529
"026";0;31;"Westbound E 49 Ave @ Frontenac St";49.222475;-123.026533
"026";0;32;"Southbound Arlington St @ E 49 Ave";49.222808;-123.028887
"026";0;33;"Northbound Champlain Cres @ E 54 Ave";49.219894;-123.032299
"026";0;34;"Northbound Tyne St @ E 53 Ave";49.221556;-123.032245
"026";0;35;"Northbound Tyne St @ E 50 Ave";49.22352;-123.032199
"026";0;36;"Northbound Tyne St @ E 49 Ave";49.225083;-123.032151
"026";0;37;"Northbound Tyne St @ E 47 Ave";49.226688;-123.032071
"026";0;38;"Northbound Tyne St @ E 45 Ave";49.228978;-123.031961
"026";0;39;"Northbound Joyce St @ E 45 Ave";49.229581;-123.037333
"026";0;40;"Northbound Joyce St @ Marmion Ave";49.231836;-123.03734
"026";0;41;"Northbound Joyce St @ Church St";49.234646;-123.03528
"026";0;42;"Northbound Joyce St @ Euclid Ave";49.236629;-123.033326
"026";0;43;"Joyce Station @ Bay 1 Unload Only";49.238592;-123.032425
"026";1;1;"Joyce Station @ Bay 6";49.237996;-123.032261
"026";1;2;"Southbound Joyce St @ Euclid Ave";49.236266;-123.033907
"026";1;3;"Southbound Joyce St @ Kingsway";49.233624;-123.036583
"026";1;4;"Southbound Joyce St @ E 41 Ave";49.232718;-123.037497
"026";1;5;"Eastbound E 45 Ave @ Doman St";49.229218;-123.036047
"026";1;6;"Southbound Tyne St @ E 46 Ave";49.228174;-123.032177
"026";1;7;"Southbound Tyne St @ E 47 Ave";49.226166;-123.032301
"026";1;8;"Southbound Tyne St @ E 49 Ave";49.224305;-123.032353
"026";1;9;"Southbound Tyne St @ E 52 Ave";49.221997;-123.032422
"026";1;10;"Southbound Champlain Cres @ E 54 Ave";49.219811;-123.032506
"026";1;11;"Eastbound E 49 Ave @ Arlington St";49.223027;-123.027926
"026";1;12;"Southbound Frontenac St @ Hennepin Ave";49.221872;-123.026506
"026";1;13;"Southbound Frontenac St @ Hurst Ave";49.220252;-123.026594
"026";1;14;"Eastbound Hurst Ave @ Boundary Rd";49.22009;-123.024161
"026";1;15;"Westbound Arbor Ave @ Boundary Rd";49.217523;-123.024331
"026";1;16;"Southbound Matheson Cres @ Borham Cres";49.216164;-123.025247
"026";1;17;"Southbound Matheson Cres @ Raintree Court";49.214374;-123.025642
"026";1;18;"Southbound Matheson Cres @ Chickadee Place";49.212728;-123.025161
"026";1;19;"Westbound Champlain Cres @ Matheson Cres";49.210765;-123.027827
"026";1;20;"Northbound Champlain Cres @ Langford Ave";49.214103;-123.029741
"026";1;21;"Westbound Maquinna Dr @ Stikine Place";49.215603;-123.031944
"026";1;22;"Westbound Rosemont Dr @ Butler St";49.216141;-123.035466
"026";1;23;"Westbound Rosemont Dr @ 3200 Block";49.215615;-123.037314
"026";1;24;"Northbound Kerr St @ E 58 Ave";49.217555;-123.041311
"026";1;25;"Northbound Kerr St @ E 54 Ave";49.219585;-123.041215
"026";1;26;"Northbound Kerr St @ E 51 Ave";49.223331;-123.041021
"026";1;27;"Northbound Kerr St @ E 49 Ave";49.22509;-123.040907
"026";1;28;"Northbound Rupert St @ Kerr St";49.227532;-123.041348
"026";1;29;"Northbound Rupert St @ E 45 Ave";49.229567;-123.043028
"026";1;30;"Northbound Rupert St @ E 43 Ave";49.231367;-123.042993
"026";1;31;"Northbound Rupert St @ E 41 Ave";49.233276;-123.042996
"026";1;32;"Westbound Kingsway @ Rupert St";49.236114;-123.04296
"026";1;33;"Westbound Kingsway @ Fairmont St";49.236931;-123.046942
"026";1;34;"Northbound Earles St @ Kingsway";49.238002;-123.048391
"026";1;35;"Northbound Earles St @ Horley St";49.23999;-123.046457
"026";1;36;"Northbound Earles St @ Euclid Ave";49.241376;-123.045131
"026";1;37;"Northbound Earles St @ Kings Ave";49.243327;-123.043266
"026";1;38;"Westbound E 29 Ave @ Nootka St";49.244625;-123.042759
"026";1;39;"29th Avenue Station @ Bay 1";49.244269;-123.045608
"027";0;1;"Westbound Kingsway @ Boundary Rd";49.232402;-123.024096
"027";0;2;"Westbound Kingsway @ Aberdeen St";49.232179;-123.028643
"027";0;3;"Westbound Kingsway @ Wessex St";49.233186;-123.033761
"027";0;4;"Northbound Joyce St @ Church St";49.234646;-123.03528
"027";0;5;"Northbound Joyce St @ Euclid Ave";49.236629;-123.033326
"027";0;6;"Joyce Station @ Bay 7";49.238723;-123.031266
"027";0;7;"Westbound Wellington Ave @ Joyce St";49.240302;-123.030526
"027";0;8;"Westbound Wellington Ave @ McHardy St";49.241397;-123.033186
"027";0;9;"Northbound Rupert St @ Wellington Ave";49.242748;-123.035635
"027";0;10;"Northbound Rupert St @ E 29 Ave";49.244846;-123.033756
"027";0;11;"Northbound Rupert St @ E 27 Ave";49.246536;-123.033689
"027";0;12;"Northbound Rupert St @ E 25 Ave";49.248137;-123.033674
"027";0;13;"Northbound Rupert St @ E 22 Ave";49.250951;-123.033666
"027";0;14;"Northbound Rupert St @ Seaforth Dr";49.253435;-123.033663
"027";0;15;"Northbound Rupert St @ E 17 Ave";49.255039;-123.033652
"027";0;16;"Northbound Rupert St @ Worthington Dr";49.25681;-123.033644
"027";0;17;"Northbound Rupert St @ Grandview Hwy";49.258529;-123.033603
"027";0;18;"Rupert Station @ Bay 1";49.260804;-123.033608
"027";0;19;"Northbound Rupert St @ E Broadway";49.262245;-123.033587
"027";0;20;"Northbound Rupert St @ E 7th Ave";49.264088;-123.033609
"027";0;21;"Northbound Rupert St @ E 5th Ave";49.265981;-123.033605
"027";0;22;"Northbound Rupert St @ E 3rd Ave";49.267805;-123.033576
"027";0;23;"Northbound Rupert St @ Graveley St";49.270822;-123.033606
"027";0;24;"Northbound Rupert St @ Kitchener St";49.272547;-123.033591
"027";0;25;"Northbound Rupert St @ William St";49.274384;-123.03354
"027";0;26;"Northbound Rupert St @ Parker St";49.27613;-123.03352
"027";0;27;"Eastbound Adanac St @ Rupert St";49.277386;-123.03308
"027";0;28;"Eastbound Adanac St @ Skeena St";49.277384;-123.029097
"027";0;29;"Eastbound Adanac St @ Kootenay St";49.277369;-123.024867
"027";0;30;"Northbound Boundary Rd @ Georgia St";49.278725;-123.023311
"027";0;31;"Kootenay Loop @ Bay 3";49.281408;-123.026254
"027";1;1;"Southbound Rupert St @ E Broadway";49.262185;-123.03393
"027";1;2;"Rupert Station @ Bay 2";49.26049;-123.033896
"027";1;3;"Southbound Rupert St @ Grandview Hwy";49.257755;-123.033953
"027";1;4;"Southbound Rupert St @ E 16 Ave";49.255276;-123.03393
"027";1;5;"Southbound Rupert St @ E 18 Ave";49.253698;-123.033945
"027";1;6;"Southbound Rupert St @ E 20 Ave";49.251961;-123.033954
"027";1;7;"Southbound Rupert St @ E 22 Ave";49.25033;-123.033942
"027";1;8;"Southbound Rupert St @ E 24 Ave";49.248502;-123.033956
"027";1;9;"Southbound Rupert St @ E 26 Ave";49.246798;-123.033962
"027";1;10;"Southbound Rupert St @ E 28 Ave";49.245072;-123.033981
"027";1;11;"Eastbound Wellington Ave @ Rupert St";49.242237;-123.035603
"027";1;12;"Eastbound Wellington Ave @ McHardy St";49.241059;-123.032729
"027";1;13;"Southbound Joyce St @ Wellington Ave";49.2398;-123.030473
"027";1;14;"Joyce Station @ Bay 1 Unload Only";49.238592;-123.032425
"028";0;1;"Joyce Station @ Bay 2";49.238709;-123.032702
"028";0;2;"Eastbound Vanness Ave @ Melbourne St";49.236321;-123.027853
"028";0;3;"Northbound Boundary Rd @ Vanness Ave";49.235076;-123.023292
"028";0;4;"Eastbound Burke St @ Boundary Rd";49.236949;-123.022912
"028";0;5;"Northbound Smith Ave @ Burke St";49.237291;-123.019798
"028";0;6;"Northbound Smith Ave @ Brandon St";49.23903;-123.019776
"028";0;7;"Northbound Smith Ave @ Price St";49.240426;-123.019753
"028";0;8;"Northbound Smith Ave @ Moscrop St";49.243373;-123.01973
"028";0;9;"Northbound Smith Ave @ Fir St";49.24545;-123.019724
"028";0;10;"Northbound Smith Ave @ Spruce St";49.247336;-123.019726
"028";0;11;"Eastbound Kincaid St @ Smith Ave";49.248763;-123.019355
"028";0;12;"Northbound Ingleton Ave @ Sunset St";49.249639;-123.017354
"028";0;13;"Northbound Smith Ave @ Sunset St";49.250063;-123.019709
"028";0;14;"Northbound Smith Ave @ Avondale St";49.25222;-123.019698
"028";0;15;"Northbound Smith Ave @ Linwood St";49.253539;-123.019687
"028";0;16;"Westbound Canada Way @ Smith Ave";49.254781;-123.021521
"028";0;17;"Northbound Boundary Rd @ Dominion St";49.256757;-123.023409
"028";0;18;"Northbound Boundary Rd @ Grandview Hwy";49.258575;-123.023406
"028";0;19;"Eastbound Henning Dr @ Boundary Rd";49.263596;-123.022725
"028";0;20;"Eastbound Henning Dr @ 3800 Block";49.263862;-123.018496
"028";0;21;"Gilmore Station @ Bay 1";49.264851;-123.014187
"028";0;22;"Westbound Lougheed Hwy @ Gilmore Ave";49.266208;-123.014957
"028";0;23;"Northbound Boundary Rd @ Lougheed Hwy";49.26604;-123.023373
"028";0;24;"Northbound Boundary Rd @ 2nd Ave";49.268791;-123.023347
"028";0;25;"Northbound Boundary Rd @ 1st Ave";49.269895;-123.023355
"028";0;26;"Northbound Boundary Rd @ Kitchener St";49.272518;-123.02333
"028";0;27;"Northbound Boundary Rd @ William St";49.274253;-123.023314
"028";0;28;"Northbound Boundary Rd @ Venables St";49.276981;-123.023311
"028";0;29;"Northbound Boundary Rd @ Georgia St";49.278725;-123.023311
"028";0;30;"Kootenay Loop @ Bay 6";49.281212;-123.026407
"028";0;31;"Northbound Cassiar Connector @ 100 Block";49.283253;-123.031278
"028";0;32;"Phibbs Exchange @ Bay 1";49.304937;-123.028312
"028";1;1;"Southbound Boundary Rd @ Kitchener St";49.271739;-123.023795
"028";1;2;"Southbound Boundary Rd @ E 1st Ave";49.26913;-123.023801
"028";1;3;"Eastbound Lougheed Hwy @ Boundary Rd";49.265602;-123.022312
"028";1;4;"Gilmore Station @ Bay 3";49.26457;-123.015179
"028";1;5;"Westbound Henning Dr @ 3800 Block";49.264012;-123.019214
"028";1;6;"Southbound Boundary Rd @ Henning Dr";49.263322;-123.023842
"028";1;7;"Southbound Boundary Rd @ Regent St";49.259136;-123.023869
"028";1;8;"Southbound Boundary Rd @ Grandview Hwy";49.257666;-123.023879
"028";1;9;"Eastbound Canada Way @ Boundary Rd";49.254672;-123.022875
"028";1;10;"Southbound Smith Ave @ Laurel St";49.253862;-123.019847
"028";1;11;"Southbound Smith Ave @ Avondale St";49.25269;-123.019844
"028";1;12;"Southbound Smith Ave @ Nithsdale St";49.251237;-123.019879
"028";1;13;"Southbound Smith Ave @ Sunset St";49.25;-123.019899
"028";1;14;"Southbound Ingleton Ave @ Sunset St";49.249331;-123.017521
"028";1;15;"Southbound Smith Ave @ Kincaid St";49.24847;-123.019893
"028";1;16;"Southbound Smith Ave @ Spruce St";49.24677;-123.019897
"028";1;17;"Southbound Smith Ave @ Fir St";49.244604;-123.019856
"028";1;18;"Southbound Smith Ave @ Moscrop St";49.242674;-123.019874
"028";1;19;"Southbound Smith Ave @ Belleville Ave";49.239663;-123.019922
"028";1;20;"Westbound Burke St @ Smith Ave";49.23703;-123.020478
"028";1;21;"Southbound Boundary Rd @ Burke St";49.236626;-123.023676
"028";1;22;"Westbound Vanness Ave @ Boundary Rd";49.234751;-123.024219
"028";1;23;"Westbound Vanness Ave @ Melbourne St";49.236726;-123.028401
"028";1;24;"Joyce Station @ Bay 1 Unload Only";49.238592;-123.032425
"029";0;1;"Northbound Muirfield Dr @ Scarboro Ave";49.213192;-123.057069
"029";0;2;"Northbound Muirfield Dr @ Bobolink Ave";49.214723;-123.055961
"029";0;3;"Northbound Muirfield Dr @ Lynbrook Dr";49.217274;-123.055257
"029";0;4;"Eastbound Ashburn St @ Elliott St";49.218226;-123.054997
"029";0;5;"Northbound Elliott St @ E 54 Ave";49.220497;-123.0548
"029";0;6;"Northbound Elliott St @ E 52 Ave";49.222238;-123.054709
"029";0;7;"Northbound Elliott St @ E 49 Ave";49.225178;-123.054616
"029";0;8;"Northbound Elliott St @ Waverley Ave";49.227113;-123.054592
"029";0;9;"Northbound Elliott St @ E 46 Ave";49.228739;-123.054556
"029";0;10;"Northbound Clarendon St @ E 43 Ave";49.231191;-123.055124
"029";0;11;"Northbound Clarendon St @ E 41 Ave";49.23319;-123.055335
"029";0;12;"Northbound Clarendon St @ E 39 Ave";49.235129;-123.055396
"029";0;13;"Northbound Clarendon St @ E 37 Ave";49.237621;-123.055365
"029";0;14;"Northbound Clarendon St @ E 33 Ave";49.23952;-123.055375
"029";0;15;"Northbound Slocan St @ Kingsway";49.24028;-123.053651
"029";0;16;"Northbound Slocan St @ Ward St";49.241686;-123.052298
"029";0;17;"Northbound Slocan St @ Euclid Ave";49.243511;-123.050495
"029";0;18;"Eastbound E 29 Ave @ Slocan St";49.244554;-123.04908
"029";0;19;"29th Avenue Station @ Bay 1";49.244269;-123.045608
"029";1;1;"29th Avenue Station @ Bay 2";49.244186;-123.045328
"029";1;2;"Southbound Slocan St @ E 29 Ave";49.24424;-123.050004
"029";1;3;"Southbound Slocan St @ Norquay St";49.242186;-123.052022
"029";1;4;"Southbound Slocan St @ Kingsway";49.240272;-123.053886
"029";1;5;"Southbound Clarendon St @ E 33 Ave";49.239443;-123.055538
"029";1;6;"Southbound Clarendon St @ E 38 Ave";49.235635;-123.05558
"029";1;7;"Southbound Clarendon St @ E 40 Ave";49.233499;-123.055616
"029";1;8;"Southbound Clarendon St @ E 41 Ave";49.232504;-123.055437
"029";1;9;"Southbound Elliott St @ E 45 Ave";49.229145;-123.054924
"029";1;10;"Southbound Elliott St @ E 47 Ave";49.227337;-123.054776
"029";1;11;"Southbound Elliott St @ E 49 Ave";49.224553;-123.054884
"029";1;12;"Southbound Elliott St @ E 51 Ave";49.222288;-123.054911
"029";1;13;"Southbound Elliott St @ E 54 Ave";49.220551;-123.054963
"029";1;14;"Southbound Elliott St @ E 56 Ave";49.218817;-123.055039
"029";1;15;"Southbound Muirfield Dr @ Ashburn St";49.217307;-123.055499
"029";1;16;"Southbound Muirfield Dr @ Hoylake Ave";49.215481;-123.055616
"029";1;17;"Southbound Muirfield Dr @ Bobolink Ave";49.214167;-123.056564
"029";1;18;"Southbound Muirfield Dr @ Scarboro Ave";49.212549;-123.05788
"029";1;19;"Northbound Nanaimo St @ Fraserview Dr";49.212049;-123.059294
"029";1;20;"Northbound Muirfield Dr @ Scarboro Ave";49.213192;-123.057069
"031";0;1;"Westbound Sawmill Cres @ River District Crossing";49.205981;-123.031611
"031";0;2;"Eastbound SE Marine Dr @ Fieldstone Ave";49.208333;-123.035248
"031";0;3;"Northbound Matheson Cres @ SE Marine Dr";49.208301;-123.030733
"031";0;4;"Northbound Matheson Cres @ Champlain Cres";49.21096;-123.026965
"031";0;5;"Northbound Matheson Cres @ Limewood Place";49.211972;-123.025326
"031";0;6;"Northbound Matheson Cres @ Raintree Court";49.21425;-123.025462
"031";0;7;"Northbound Matheson Cres @ Borham Cres";49.21648;-123.025012
"031";0;8;"Eastbound Arbor Ave @ Matheson Cres";49.217418;-123.024627
"031";0;9;"Northbound Boundary Rd @ Arbor Ave";49.217909;-123.023539
"031";0;10;"Northbound Boundary Rd @ Hurst Ave";49.220212;-123.023547
"031";0;11;"Eastbound Imperial St @ Boundary Rd";49.221875;-123.022768
"031";0;12;"Eastbound Imperial St @ Mandy Ave";49.221886;-123.017609
"031";0;13;"Northbound Willingdon Extension @ Imperial St";49.222441;-123.01246
"031";0;14;"Northbound Willingdon Ave @ Mayberry St";49.225697;-123.009541
"031";0;15;"Eastbound Central Blvd @ Willingdon Ave";49.227271;-123.006974
"031";0;16;"Metrotown Station @ Bay 10";49.22639;-123.004928
"031";0;17;"Metrotown Station @ Bay 1";49.226277;-123.003299
"031";1;1;"Metrotown Station @ Bay 7";49.226075;-123.003117
"031";1;2;"Southbound Willingdon Ave @ Maywood St";49.224417;-123.011162
"031";1;3;"Westbound Imperial St @ Patterson Ave";49.222012;-123.013345
"031";1;4;"Westbound Imperial St @ Mandy Ave";49.22201;-123.018511
"031";1;5;"Westbound Arbor Ave @ Boundary Rd";49.217523;-123.024331
"031";1;6;"Southbound Matheson Cres @ Borham Cres";49.216164;-123.025247
"031";1;7;"Southbound Matheson Cres @ Raintree Court";49.214374;-123.025642
"031";1;8;"Southbound Matheson Cres @ Chickadee Place";49.212728;-123.025161
"031";1;9;"Southbound Matheson Cres @ Champlain Cres";49.210359;-123.027535
"031";1;10;"Westbound SE Marine Dr @ Matheson Cres";49.208224;-123.031482
"031";1;11;"Westbound SE Marine Dr @ Fieldstone Ave";49.208441;-123.03581
"031";1;12;"Westbound Sawmill Cres @ River District Crossing";49.205981;-123.031611
"033";0;1;"UBC Exchange @ Bay 1";49.267415;-123.247954
"033";0;2;"Southbound Wesbrook Mall @ Agronomy Rd";49.264;-123.243748
"033";0;3;"Southbound Wesbrook Mall @ Thunderbird Blvd";49.260754;-123.240994
"033";0;4;"Southbound Wesbrook Mall @ Hampton Place";49.257295;-123.237949
"033";0;5;"Eastbound W 16 Ave @ Wesbrook Mall";49.256014;-123.235156
"033";0;6;"Eastbound W 16 Ave @ Pacific Spirit Park";49.258318;-123.221642
"033";0;7;"Eastbound W 16 Ave @ Blanca St";49.258259;-123.214903
"033";0;8;"Eastbound W 16 Ave @ Tolmie St";49.25819;-123.21185
"033";0;9;"Eastbound W 16 Ave @ Trimble St";49.258107;-123.205776
"033";0;10;"Eastbound W 16 Ave @ Camosun St";49.257993;-123.197445
"033";0;11;"Eastbound W 16 Ave @ Crown St";49.257917;-123.193063
"033";0;12;"Eastbound W 16 Ave @ Highbury St";49.257833;-123.187544
"033";0;13;"Eastbound W 16 Ave @ Dunbar St";49.257785;-123.184606
"033";0;14;"Eastbound W 16 Ave @ Blenheim St";49.257689;-123.178434
"033";0;15;"Eastbound W 16 Ave @ Musqueamview St";49.257636;-123.175459
"033";0;16;"Eastbound W 16 Ave @ Carnarvon St";49.257586;-123.171363
"033";0;17;"Eastbound W 16 Ave @ Macdonald St";49.257525;-123.167913
"033";0;18;"Eastbound W 16 Ave @ Trafalgar St";49.257427;-123.16452
"033";0;19;"Eastbound W 16 Ave @ Vine St";49.25729;-123.157508
"033";0;20;"Eastbound W 16 Ave @ East Blvd";49.257204;-123.15198
"033";0;21;"Eastbound W 16 Ave @ Burrard St";49.257121;-123.146366
"033";0;22;"Eastbound Marpole Ave @ McRae Ave";49.257415;-123.137767
"033";0;23;"Eastbound W 16 Ave @ Oak St";49.256969;-123.127706
"033";0;24;"Eastbound W 16 Ave @ Willow St";49.256969;-123.121578
"033";0;25;"Southbound Cambie St @ W 16 Ave";49.256555;-123.115252
"033";0;26;"Southbound Cambie St @ W 18 Ave";49.254674;-123.115282
"033";0;27;"Southbound Cambie St @ W 20 Ave";49.252766;-123.115379
"033";0;28;"Southbound Cambie St @ W 22 Ave";49.250985;-123.115447
"033";0;29;"King Edward Station @ Bay 4";49.248634;-123.115722
"033";0;30;"Eastbound E 29 Ave @ Cambie St";49.245108;-123.114568
"033";0;31;"Eastbound Midlothian Ave @ Clancy Loranger Way";49.242588;-123.108805
"033";0;32;"Eastbound E 33 Ave @ Ontario St";49.240505;-123.104966
"033";0;33;"Eastbound E 33 Ave @ Main St";49.240435;-123.101853
"033";0;34;"Eastbound E 33 Ave @ Prince Edward St";49.240343;-123.096513
"033";0;35;"Eastbound E 33 Ave @ Fraser St";49.240241;-123.089815
"033";0;36;"Eastbound E 33 Ave @ Somerville St";49.240204;-123.085349
"033";0;37;"Eastbound E 33 Ave @ Inverness St";49.240161;-123.079787
"033";0;38;"Eastbound E 33 Ave @ Knight St";49.240146;-123.075958
"033";0;39;"Eastbound E 33 Ave @ Argyle St";49.240064;-123.070849
"033";0;40;"Eastbound E 33 Ave @ Victoria Dr";49.239826;-123.06484
"033";0;41;"Eastbound E 33 Ave @ Nanaimo St";49.239712;-123.058302
"033";0;42;"Northbound Slocan St @ Kingsway";49.24028;-123.053651
"033";0;43;"Northbound Slocan St @ Ward St";49.241686;-123.052298
"033";0;44;"Northbound Slocan St @ Euclid Ave";49.243511;-123.050495
"033";0;45;"Eastbound E 29 Ave @ Slocan St";49.244554;-123.04908
"033";0;46;"29th Avenue Station @ Bay 1";49.244269;-123.045608
"033";1;1;"29th Avenue Station @ Bay 1";49.244269;-123.045608
"033";1;2;"Southbound Slocan St @ E 29 Ave";49.24424;-123.050004
"033";1;3;"Southbound Slocan St @ Norquay St";49.242186;-123.052022
"033";1;4;"Southbound Slocan St @ Kingsway";49.240272;-123.053886
"033";1;5;"Westbound E 33 Ave @ Nanaimo St";49.239843;-123.059192
"033";1;6;"Westbound E 33 Ave @ Victoria Dr";49.240047;-123.064935
"033";1;7;"Westbound E 33 Ave @ Argyle St";49.240196;-123.070533
"033";1;8;"Westbound E 33 Ave @ Knight St";49.240276;-123.076877
"033";1;9;"Westbound E 33 Ave @ Inverness St";49.240296;-123.080645
"033";1;10;"Westbound E 33 Ave @ Windsor St";49.240328;-123.085243
"033";1;11;"Westbound E 33 Ave @ Fraser St";49.240373;-123.090765
"033";1;12;"Westbound E 33 Ave @ Prince Edward St";49.240485;-123.097295
"033";1;13;"Westbound E 33 Ave @ Main St";49.240577;-123.101925
"033";1;14;"Westbound E 33 Ave @ Ontario St";49.240633;-123.105056
"033";1;15;"Westbound Midlothian Ave @ Clancy Loranger Way";49.243313;-123.109291
"033";1;16;"Northbound Cambie St @ W 29 Ave";49.245537;-123.11525
"033";1;17;"King Edward Station @ Bay 2";49.249415;-123.115245
"033";1;18;"Northbound Cambie St @ W 22 Ave";49.251472;-123.115164
"033";1;19;"Northbound Cambie St @ W 20 Ave";49.253243;-123.115102
"033";1;20;"Northbound Cambie St @ W 18 Ave";49.255125;-123.115019
"033";1;21;"Westbound W 16 Ave @ Cambie St";49.257005;-123.11568
"033";1;22;"Westbound W 16 Ave @ Heather St";49.257062;-123.120455
"033";1;23;"Westbound W 16 Ave @ Oak St";49.257181;-123.12688
"033";1;24;"Westbound W 15 Ave @ Birch St";49.257964;-123.134406
"033";1;25;"Westbound W 16 Ave @ Granville St";49.25714;-123.139365
"033";1;26;"Westbound W 16 Ave @ Burrard St";49.257239;-123.146565
"033";1;27;"Westbound W 16 Ave @ Arbutus St";49.257372;-123.153431
"033";1;28;"Westbound W 16 Ave @ Vine St";49.257435;-123.15827
"033";1;29;"Westbound W 16 Ave @ Trafalgar St";49.257758;-123.165382
"033";1;30;"Westbound W 16 Ave @ Macdonald St";49.257816;-123.168896
"033";1;31;"Westbound W 16 Ave @ Mackenzie St";49.257845;-123.170847
"033";1;32;"Westbound W 16 Ave @ Balaclava St";49.257904;-123.174638
"033";1;33;"Westbound W 16 Ave @ Blenheim St";49.257961;-123.178447
"033";1;34;"Westbound W 16 Ave @ Dunbar St";49.258059;-123.184455
"033";1;35;"Westbound W 16 Ave @ Wallace St";49.258162;-123.191535
"033";1;36;"Westbound W 16 Ave @ Camosun St";49.258254;-123.197604
"033";1;37;"Westbound W 16 Ave @ Discovery St";49.258337;-123.203675
"033";1;38;"Westbound W 16 Ave @ Sasamat St";49.258437;-123.209896
"033";1;39;"Westbound W 16 Ave @ Blanca St";49.258508;-123.21457
"033";1;40;"Westbound W 16 Ave @ Pacific Spirit Park";49.258662;-123.222569
"033";1;41;"Westbound W 16 Ave @ Wesbrook Mall";49.25626;-123.235061
"033";1;42;"Northbound Wesbrook Mall @ 2900 Block";49.258778;-123.238774
"033";1;43;"Northbound Wesbrook Mall @ Thunderbird Blvd";49.262267;-123.241873
"033";1;44;"Northbound Wesbrook Mall @ 2100 Block";49.264762;-123.243949
"033";1;45;"UBC Exchange @ Unloading Only";49.267674;-123.247621
"041";0;1;"Eastbound W 41 Ave @ Crown St";49.234685;-123.194154
"041";0;2;"Eastbound W 41 Ave @ Wallace St";49.234701;-123.190529
"041";0;3;"Eastbound W 41 Ave @ Highbury St";49.234704;-123.187956
"041";0;4;"Dunbar Loop @ Bay 3";49.234673;-123.186318
"041";0;5;"Eastbound W 41 Ave @ Collingwood St";49.234698;-123.181583
"041";0;6;"Eastbound W 41 Ave @ Blenheim St";49.234696;-123.178303
"041";0;7;"Eastbound W 41 Ave @ Carnarvon St";49.23467;-123.173495
"041";0;8;"Eastbound W 41 Ave @ Mackenzie St";49.234673;-123.169829
"041";0;9;"Eastbound W 41 Ave @ Macdonald St";49.234665;-123.166968
"041";0;10;"Eastbound W 41 Ave @ Elm St";49.234632;-123.16364
"041";0;11;"Eastbound W 41 Ave @ Balsam St";49.234588;-123.160946
"041";0;12;"Eastbound W 41 Ave @ Yew St";49.234552;-123.158131
"041";0;13;"Eastbound W 41 Ave @ East Blvd";49.234484;-123.154358
"041";0;14;"Eastbound W 41 Ave @ Maple St";49.234437;-123.151616
"041";0;15;"Eastbound W 41 Ave @ Cypress St";49.234394;-123.148854
"041";0;16;"Eastbound W 41 Ave @ Wiltshire St";49.234351;-123.145952
"041";0;17;"Eastbound W 41 Ave @ Adera St";49.2343;-123.142893
"041";0;18;"Eastbound W 41 Ave @ Granville St";49.234268;-123.140768
"041";1;1;"Joyce Station @ Bay 5";49.238127;-123.031478
"041";1;2;"Southbound Joyce St @ Euclid Ave";49.236266;-123.033907
"041";1;3;"Southbound Joyce St @ Kingsway";49.233624;-123.036583
"041";1;4;"Westbound E 41 Ave @ School Ave";49.233084;-123.03794
"041";1;5;"Westbound E 41 Ave @ Kerr St";49.233031;-123.040741
"041";1;6;"Westbound E 41 Ave @ Rupert St";49.233057;-123.043713
"041";1;7;"Westbound E 41 Ave @ Killarney St";49.23303;-123.046378
"041";1;8;"Westbound E 41 Ave @ Earles St";49.232858;-123.049155
"041";1;9;"Westbound E 41 Ave @ Wales St";49.232871;-123.05213
"041";1;10;"Westbound E 41 Ave @ Clarendon St";49.232902;-123.055955
"041";1;11;"Westbound E 41 Ave @ Nanaimo St";49.232926;-123.059252
"041";1;12;"Westbound E 41 Ave @ Gladstone St";49.232961;-123.062675
"041";1;13;"Westbound E 41 Ave @ Victoria Dr";49.232733;-123.066544
"041";1;14;"Westbound E 41 Ave @ Commercial St";49.232719;-123.069244
"041";1;15;"Westbound E 41 Ave @ Fleming St";49.232762;-123.07324
"041";1;16;"Westbound E 41 Ave @ Knight St";49.232845;-123.077938
"041";1;17;"Westbound E 41 Ave @ Inverness St";49.232846;-123.080303
"041";1;18;"Westbound E 41 Ave @ Windsor St";49.23291;-123.085282
"041";1;19;"Westbound E 41 Ave @ St. Catherines St";49.232938;-123.087318
"041";1;20;"Westbound E 41 Ave @ Chester St";49.232994;-123.089838
"041";1;21;"Westbound E 41 Ave @ Fraser St";49.233019;-123.091581
"041";1;22;"Westbound E 41 Ave @ St. George St";49.233046;-123.094859
"041";1;23;"Westbound E 41 Ave @ Prince Edward St";49.233094;-123.097712
"041";1;24;"Westbound E 41st Ave @ Main St";49.233193;-123.101267
"041";1;25;"Westbound W 41 Ave @ Ontario St";49.233269;-123.106197
"041";1;26;"Westbound W 41 Ave @ Columbia St";49.233442;-123.11122
"041";1;27;"Oakridge-41st Ave Station @ Bay 5";49.233681;-123.116855
"041";1;28;"Westbound W 41st Ave @ Willow St";49.233946;-123.124174
"041";1;29;"Westbound W 41 Ave @ Oak St";49.234095;-123.129021
"041";1;30;"Westbound W 41 Ave @ Selkirk St";49.234201;-123.132951
"041";1;31;"Westbound W 41 Ave @ Cartier St";49.234332;-123.137
"041";1;32;"Westbound W 41 Ave @ Granville St";49.234391;-123.139167
"041";1;33;"Westbound W 41 Ave @ Churchill St";49.234437;-123.141226
"041";1;34;"Westbound W 41 Ave @ Marguerite St";49.234499;-123.145101
"041";1;35;"Westbound W 41 Ave @ Angus Dr";49.234547;-123.148146
"041";1;36;"Westbound W 41 Ave @ Maple St";49.234633;-123.152449
"041";1;37;"Westbound W 41 Ave @ East Blvd";49.234672;-123.15479
"041";1;38;"Westbound W 41 Ave @ Vine St";49.234721;-123.160343
"041";1;39;"Westbound W 41 Ave @ Larch St";49.234767;-123.163165
"041";1;40;"Westbound W 41 Ave @ Macdonald St";49.23481;-123.167912
"041";1;41;"Westbound W 41 Ave @ Mackenzie St";49.234822;-123.170847
"041";1;42;"Westbound W 41 Ave @ Carnarvon St";49.234826;-123.174148
"041";1;43;"Westbound W 41 Ave @ Blenheim St";49.234837;-123.179482
"041";1;44;"Westbound W 41 Ave @ Collingwood St";49.234842;-123.182673
"041";1;45;"Dunbar Loop @ Bay 5";49.234831;-123.185966
"041";1;46;"Westbound W 41 Ave @ Olympic St";49.234831;-123.190048
"041";1;47;"Westbound W 41 Ave @ Holland St";49.234836;-123.19284
"041";1;48;"Southbound Crown St @ SW Marine Dr";49.234042;-123.193856
"041";1;49;"Eastbound W 41 Ave @ Crown St";49.23468;-123.194664
"044";0;1;"UBC Exchange @ Bay 3";49.267177;-123.24863
"044";0;2;"Eastbound Chancellor Blvd @ Western Parkway";49.273301;-123.246837
"044";0;3;"Eastbound Chancellor Blvd @ Hamber Rd";49.272894;-123.237649
"044";0;4;"Eastbound W 4th Ave @ Tolmie St";49.268974;-123.21149
"044";0;5;"Eastbound W 4th Ave @ 4100 Block";49.268679;-123.197617
"044";0;6;"Eastbound W 4th Ave @ Alma St";49.268542;-123.186256
"044";0;7;"Eastbound W 4th Ave @ Macdonald St";49.268274;-123.167779
"044";0;8;"Eastbound W 4th Ave @ Yew St";49.268111;-123.154472
"044";0;9;"Northbound Burrard St @ W 3rd Ave";49.269179;-123.145428
"044";0;10;"Northbound Burrard St @ Davie St";49.278885;-123.129252
"044";0;11;"Northbound Burrard St @ Comox St";49.280741;-123.126502
"044";0;12;"Northbound Burrard St @ Robson St";49.283593;-123.12214
"044";0;13;"Burrard Station @ Bay 7";49.284688;-123.120503
"044";0;14;"Eastbound W Pender St @ Granville St";49.284791;-123.115231
"044";0;15;"Northbound Seymour St @ W Hastings St";49.28481;-123.112535
"044";1;1;"Waterfront Station @ Bay 1";49.285809;-123.112392
"044";1;2;"Burrard Station @ Bay 5";49.285787;-123.119282
"044";1;3;"Southbound Burrard St @ W Georgia St";49.284178;-123.121677
"044";1;4;"Southbound Burrard St @ Nelson St";49.280981;-123.126516
"044";1;5;"Southbound Burrard St @ Burnaby St";49.278573;-123.130164
"044";1;6;"Southbound Burrard St @ W 3rd Ave";49.268549;-123.145798
"044";1;7;"Westbound W 4th Ave @ Yew St";49.268242;-123.155847
"044";1;8;"Westbound W 4th Ave @ Macdonald St";49.268459;-123.168863
"044";1;9;"Westbound W 4th Ave @ Alma St";49.26871;-123.186254
"044";1;10;"Westbound W 4th Ave @ NW Marine Dr";49.268604;-123.200584
"044";1;11;"Westbound W 4th Ave @ Blanca St";49.269195;-123.215565
"044";1;12;"Westbound Chancellor Blvd @ Hamber Rd";49.273342;-123.239004
"044";1;13;"Westbound Chancellor Blvd @ Allison Rd";49.273563;-123.246195
"044";1;14;"UBC Exchange @ Unloading Only";49.267674;-123.247621
"049";0;1;"Eastbound W 49 Ave @ Granville St";49.226886;-123.139329
"049";0;2;"Eastbound W 49 Ave @ Hudson St";49.226708;-123.134675
"049";0;3;"Eastbound W 49 Ave @ Montgomery St";49.226598;-123.131458
"049";0;4;"Eastbound W 49 Ave @ Oak St";49.22645;-123.12776
"049";0;5;"Eastbound W 49th Ave @ Tisdall St";49.226199;-123.121385
"049";0;6;"Langara-49th Station @ Bay 3";49.226003;-123.11584
"049";0;7;"Eastbound E 49 Ave @ Ontario St";49.225697;-123.106275
"049";0;8;"Eastbound E 49 Ave @ Quebec St";49.225636;-123.103335
"049";0;9;"Eastbound E 49 Ave @ Main St";49.225593;-123.101045
"049";0;10;"Eastbound E 49 Ave @ Prince Edward St";49.225514;-123.097041
"049";0;11;"Eastbound E 49 Ave @ St. George St";49.225455;-123.093656
"049";0;12;"Eastbound E 49 Ave @ Fraser St";49.225406;-123.090264
"049";0;13;"Eastbound E 49 Ave @ Prince Albert St";49.225373;-123.08761
"049";0;14;"Eastbound E 49 Ave @ Windsor St";49.225337;-123.084766
"049";0;15;"Eastbound E 49 Ave @ Sherbrooke St";49.225278;-123.080946
"049";0;16;"Eastbound E 49 Ave @ Knight St";49.225208;-123.076725
"049";0;17;"Eastbound E 49 Ave @ Dumfries St";49.225193;-123.074083
"049";0;18;"Eastbound E 49 Ave @ Argyle St";49.225164;-123.071276
"049";0;19;"Eastbound E 49 Ave @ Commercial St";49.22514;-123.068504
"049";0;20;"Eastbound E 49 Ave @ Victoria Dr";49.225106;-123.065263
"049";0;21;"Eastbound E 49 Ave @ Gladstone St";49.225035;-123.061875
"049";0;22;"Eastbound E 49 Ave @ Nanaimo St";49.224949;-123.058733
"049";0;23;"Eastbound E 49 Ave @ Elliott St";49.224744;-123.054297
"049";0;24;"Eastbound E 49 Ave @ Vivian St";49.22471;-123.049761
"049";0;25;"Eastbound E 49 Ave @ Killarney St";49.224673;-123.045214
"049";0;26;"Eastbound E 49 Ave @ Kerr St";49.224663;-123.040495
"049";0;27;"Eastbound E 49 Ave @ Doman St";49.224634;-123.036296
"049";0;28;"Eastbound E 49 Ave @ Tyne St";49.22453;-123.03149
"049";0;29;"Eastbound E 49 Ave @ Arlington St";49.223027;-123.027926
"049";0;30;"Eastbound E 49 Ave @ Frontenac St";49.222096;-123.025794
"049";0;31;"Eastbound Imperial St @ Boundary Rd";49.221875;-123.022768
"049";0;32;"Eastbound Imperial St @ Mandy Ave";49.221886;-123.017609
"049";0;33;"Northbound Willingdon Extension @ Imperial St";49.222441;-123.01246
"049";0;34;"Northbound Willingdon Ave @ Mayberry St";49.225697;-123.009541
"049";0;35;"Eastbound Central Blvd @ Willingdon Ave";49.227271;-123.006974
"049";0;36;"Metrotown Station @ Bay 10";49.22639;-123.004928
"049";1;1;"Metrotown Station @ Bay 11";49.226034;-123.004152
"049";1;2;"Eastbound Central Blvd @ 4500 Block";49.224203;-123.000304
"049";1;3;"Westbound Imperial St @ Waverley Ave";49.222;-122.998195
"049";1;4;"Westbound Imperial St @ Frederick Ave";49.222;-123.001621
"049";1;5;"Westbound Imperial St @ Dow Ave";49.222001;-123.003694
"049";1;6;"Westbound Imperial St @ McKay Ave";49.222002;-123.00948
"049";1;7;"Westbound Imperial St @ Patterson Ave";49.222012;-123.013345
"049";1;8;"Westbound Imperial St @ Mandy Ave";49.22201;-123.018511
"049";1;9;"Westbound E 49 Ave @ Boundary Rd";49.222065;-123.024529
"049";1;10;"Westbound E 49 Ave @ Frontenac St";49.222475;-123.026533
"049";1;11;"Westbound E 49 Ave @ Arlington St";49.223442;-123.028307
"049";1;12;"Westbound E 49 Ave @ Tyne St";49.224736;-123.032636
"049";1;13;"Westbound E 49 Ave @ Doman St";49.224782;-123.036952
"049";1;14;"Westbound E 49 Ave @ Kerr St";49.224818;-123.041573
"049";1;15;"Westbound E 49 Ave @ Killarney St";49.224808;-123.045365
"049";1;16;"Westbound E 49 Ave @ Vivian St";49.224856;-123.050858
"049";1;17;"Westbound E 49 Ave @ Elliott St";49.224889;-123.05517
"049";1;18;"Westbound E 49 Ave @ Nanaimo St";49.225118;-123.05961
"049";1;19;"Westbound E 49 Ave @ Gladstone St";49.225187;-123.06295
"049";1;20;"Westbound E 49 Ave @ Victoria Dr";49.225238;-123.065364
"049";1;21;"Westbound E 49 Ave @ Beatrice St";49.225263;-123.067538
"049";1;22;"Westbound E 49 Ave @ Bruce St";49.225286;-123.070409
"049";1;23;"Westbound E 49 Ave @ Fleming St";49.225316;-123.073579
"049";1;24;"Westbound E 49 Ave @ Knight St";49.225388;-123.077939
"049";1;25;"Westbound E 49 Ave @ Inverness St";49.225407;-123.080565
"049";1;26;"Westbound E 49 Ave @ Elgin St";49.225453;-123.083275
"049";1;27;"Westbound E 49 Ave @ St. Catherines St";49.225497;-123.087115
"049";1;28;"Westbound E 49 Ave @ Fraser St";49.225535;-123.091289
"049";1;29;"Westbound E 49 Ave @ St. George St";49.225593;-123.094471
"049";1;30;"Westbound E 49 Ave @ Prince Edward St";49.22566;-123.098055
"049";1;31;"Westbound E 49 Ave @ Main St";49.225716;-123.100866
"049";1;32;"Westbound W 49 Ave @ Ontario St";49.225848;-123.106842
"049";1;33;"Westbound W 49 Ave @ Alberta St";49.226074;-123.113387
"049";1;34;"Langara-49th Station @ Bay 2";49.226178;-123.116035
"049";1;35;"Westbound W 49 Ave @ Tisdall St";49.226392;-123.121435
"049";1;36;"Westbound W 49 Ave @ Laurel St";49.226538;-123.125587
"049";1;37;"Westbound W 49 Ave @ Oak St";49.226658;-123.128988
"049";1;38;"Westbound W 49 Ave @ Montgomery St";49.226774;-123.132581
"049";1;39;"Westbound W 49 Ave @ Hudson St";49.22688;-123.135533
"049";1;40;"Westbound W 49 Ave @ Cartier St";49.226981;-123.138278
"049";1;41;"Westbound W 49 Ave @ Adera St";49.227081;-123.144091
"049";1;42;"Westbound W 49 Ave @ Wiltshire St";49.227122;-123.147056
"049";1;43;"Westbound W 49 Ave @ Maple St";49.227195;-123.152702
"049";1;44;"Westbound W 49 Ave @ West Blvd";49.227224;-123.155682
"049";1;45;"Westbound W 49 Ave @ Yew St";49.227274;-123.159273
"049";1;46;"Westbound W 49 Ave @ Larch St";49.227333;-123.163668
"049";1;47;"Westbound W 49 Ave @ Macdonald St";49.227377;-123.167912
"049";1;48;"Westbound SW Marine Dr @ Carnarvon St";49.228416;-123.17401
"049";1;49;"Westbound SW Marine Dr @ Blenheim St";49.230206;-123.179318
"049";1;50;"Northbound Dunbar St @ SW Marine Dr";49.231041;-123.185323
"049";1;51;"Northbound Dunbar St @ W 43 Ave";49.233182;-123.18528
"049";1;52;"Dunbar Loop @ Bay 4";49.234836;-123.186649
"049";1;53;"Westbound W 41 Ave @ Olympic St";49.234831;-123.190048
"049";1;54;"Westbound W 41 Ave @ Holland St";49.234836;-123.19284
"049";1;55;"Westbound SW Marine Dr @ Camosun St";49.235286;-123.197663
"049";1;56;"Westbound SW Marine Dr @ Kullahun Dr";49.237441;-123.205607
"049";1;57;"Northbound Wesbrook Mall @ Triumf Centre";49.247687;-123.231681
"049";1;58;"Northbound Wesbrook Mall @ Birney Ave";49.254485;-123.235195
"049";1;59;"Northbound Wesbrook Mall @ 2900 Block";49.258778;-123.238774
"049";1;60;"Northbound Wesbrook Mall @ Thunderbird Blvd";49.262267;-123.241873
"049";1;61;"Northbound Wesbrook Mall @ 2100 Block";49.264762;-123.243949
"049";1;62;"UBC Exchange @ Unloading Only";49.267674;-123.247621
"050";0;1;"Olympic Village Station @ Bay 1";49.266245;-123.115944
"050";0;2;"Heather Square @ Bay 2";49.266296;-123.120135
"050";0;3;"Westbound Lameys Mill Rd @ Sitka Square";49.266459;-123.129345
"050";0;4;"Westbound Lameys Mill Rd @ Alder Crossing";49.266831;-123.132521
"050";0;5;"Westbound Lameys Mill Rd @ 1300 Block";49.267336;-123.134423
"050";0;6;"Westbound W 2nd Ave @ Anderson St";49.26952;-123.138092
"050";0;7;"Southbound Fir St @ W 2nd Ave";49.269373;-123.140897
"050";0;8;"Eastbound W 4th Ave @ Fir St";49.267853;-123.140145
"050";0;9;"Westbound W 5th Ave @ Granville St";49.266843;-123.137905
"050";0;10;"Northbound Granville St @ Drake St";49.276487;-123.127092
"050";0;11;"Northbound Granville St @ Davie St";49.277584;-123.125372
"050";0;12;"Northbound Granville St @ Smithe St";49.280784;-123.120537
"050";0;13;"Northbound Granville St @ W Georgia St";49.282317;-123.118291
"050";0;14;"Northbound Granville St @ Dunsmuir St";49.283461;-123.116549
"050";0;15;"Northbound Granville St @ W Pender St";49.284493;-123.114994
"050";0;16;"Northbound Granville St @ W Hastings St";49.285553;-123.11335
"050";0;17;"Waterfront Station @ Bay 3";49.284786;-123.111191
"050";0;18;"Eastbound W Cordova St @ Homer St";49.283719;-123.10959
"050";0;19;"Southbound Cambie St @ W Hastings St";49.282211;-123.109799
"050";0;20;"Southbound Abbott St @ W Pender St";49.28074;-123.107725
"050";0;21;"Eastbound Keefer Place @ Taylor St";49.279254;-123.105167
"050";1;1;"Eastbound Keefer Place @ Taylor St";49.279254;-123.105167
"050";1;2;"Northbound Columbia St @ E Pender St";49.280772;-123.102196
"050";1;3;"Westbound E Cordova St @ Columbia St";49.282405;-123.102668
"050";1;4;"Westbound W Cordova St @ Abbott St";49.283083;-123.107266
"050";1;5;"Waterfront Station @ Bay 2";49.285599;-123.112074
"050";1;6;"Southbound Granville St @ W Pender St";49.284039;-123.115939
"050";1;7;"Southbound Granville St @ W Georgia St";49.28266;-123.117951
"050";1;8;"Southbound Granville St @ Robson St";49.28172;-123.119373
"050";1;9;"Southbound Granville St @ Nelson St";49.278877;-123.123712
"050";1;10;"Southbound Granville St @ Davie St";49.276786;-123.126905
"050";1;11;"Southbound Granville St @ Drake St";49.275854;-123.128375
"050";1;12;"Westbound W 5th Ave Offramp @ Granville St";49.266915;-123.139663
"050";1;13;"Northbound Fir St @ W 4th Ave";49.268248;-123.140709
"050";1;14;"Eastbound W 2nd Ave @ Fir St";49.269638;-123.140065
"050";1;15;"Eastbound W 2nd Ave @ Anderson St";49.269468;-123.138366
"050";1;16;"Eastbound Lameys Mill Rd @ Fountain Way Court";49.267431;-123.135141
"050";1;17;"Eastbound Lameys Mill Rd @ Alder Crossing";49.266544;-123.131643
"050";1;18;"Eastbound Lameys Mill Rd @ Sitka Square";49.26632;-123.128703
"050";1;19;"Heather Square @ Bay 1";49.266191;-123.120109
"050";1;20;"Olympic Village Station @ Bay 3";49.265937;-123.116053
"068";0;1;"Northbound Wesbrook Mall @ W 16 Ave";49.255309;-123.235823
"068";0;2;"Southbound Wesbrook Mall @ Birney Ave";49.254064;-123.23498
"068";0;3;"Westbound Ross Dr @ Birney Ave";49.251694;-123.237733
"068";0;4;"Northbound East Mall @ Eagles Dr";49.25836;-123.244207
"068";0;5;"Westbound Thunderbird Blvd @ Larkin Dr";49.259061;-123.249148
"068";0;6;"Southbound West Mall @ Hawthorn Lane";49.257665;-123.249997
"068";0;7;"Westbound Stadium Rd @ West Mall";49.25498;-123.24893
"068";0;8;"Northbound NW Marine Dr @ Agronomy Rd";49.259575;-123.254983
"068";0;9;"NW Marine Dr @ University Blvd";49.262988;-123.258481
"068";0;10;"Eastbound NW Marine Dr @ West Mall";49.268769;-123.258526
"068";0;11;"Eastbound NW Marine Dr @ East Mall";49.270734;-123.254576
"068";0;12;"Southbound Wesbrook Mall @ Iona Dr";49.271678;-123.248276
"068";0;13;"UBC Exchange @ Unloading Only";49.267674;-123.247621
"068";1;1;"UBC Exchange @ Bay 1";49.267415;-123.247954
"068";1;2;"Westbound NW Marine Dr @ Cecil Green Park Rd";49.270517;-123.255442
"068";1;3;"Westbound NW Marine Dr @ West Mall";49.268916;-123.258632
"068";1;4;"Southbound NW Marine Dr @ University Blvd";49.262899;-123.258633
"068";1;5;"Eastbound Agronomy Rd @ West Mall";49.260466;-123.252885
"068";1;6;"Eastbound Thunderbird Blvd @ Eagles Dr";49.259395;-123.247674
"068";1;7;"Southbound East Mall @ Eagles Dr";49.258079;-123.24443
"068";1;8;"Eastbound Ross Dr @ Birney Ave";49.251615;-123.237747
"068";1;9;"Northbound Wesbrook Mall @ W 16 Ave";49.255309;-123.235823
"080";0;1;"Marine Drive Station @ Bay 1";49.209087;-123.116823
"080";0;2;"Eastbound SE Marine Dr @ Main St";49.210807;-123.101511
"080";0;3;"Eastbound SE Marine Dr @ Fraser St";49.210909;-123.090507
"080";0;4;"Eastbound SE Marine Dr @ Knight St";49.210924;-123.075001
"080";0;5;"Eastbound SE Marine Dr @ Victoria Dr";49.209318;-123.065395
"080";0;6;"Eastbound SE Marine Dr @ Elliott St";49.207019;-123.056143
"080";0;7;"Eastbound SE Marine Dr @ Kerr St";49.207748;-123.044803
"080";0;8;"Eastbound Sawmill Cres @ River District Crossing";49.205803;-123.030484
"080";1;1;"Eastbound Sawmill Cres @ River District Crossing";49.205803;-123.030484
"080";1;2;"Westbound SE Marine Dr @ Kerr St";49.208162;-123.042926
"080";1;3;"Westbound SE Marine Dr @ Elliott St";49.207187;-123.057208
"080";1;4;"Westbound SE Marine Dr @ Victoria Dr";49.209974;-123.066581
"080";1;5;"Westbound SE Marine Dr @ Knight St";49.211235;-123.077603
"080";1;6;"Westbound SE Marine Dr @ Chester St";49.211147;-123.089925
"080";1;7;"Westbound SE Marine Dr @ Main St";49.211487;-123.103003
"080";1;8;"Marine Drive Station @ Bay 2";49.209383;-123.116116
"084";0;1;"UBC Exchange @ Bay 2";49.2673;-123.24828
"084";0;2;"Eastbound Chancellor Blvd @ Western Parkway";49.273301;-123.246837
"084";0;3;"Eastbound Chancellor Blvd @ Hamber Rd";49.272894;-123.237649
"084";0;4;"Eastbound W 4th Ave @ Tolmie St";49.268974;-123.21149
"084";0;5;"Eastbound W 4th Ave @ 4100 Block";49.268679;-123.197617
"084";0;6;"Eastbound W 4th Ave @ Alma St";49.268542;-123.186256
"084";0;7;"Eastbound W 4th Ave @ Macdonald St";49.268274;-123.167779
"084";0;8;"Eastbound W 4th Ave @ Yew St";49.268111;-123.154472
"084";0;9;"Eastbound W 4th Ave @ Burrard St";49.26793;-123.144877
"084";0;10;"Eastbound W 4th Ave @ Fir St";49.267853;-123.140145
"084";0;11;"Eastbound W 6th Ave @ Alder St";49.26601;-123.130869
"084";0;12;"Eastbound W 6th Ave @ Heather St";49.265832;-123.120144
"084";0;13;"Olympic Village Station @ Bay 2";49.266425;-123.114936
"084";0;14;"Eastbound W 2nd Ave @ Columbia St";49.269029;-123.109733
"084";0;15;"Eastbound E 2nd Ave @ Ontario St";49.269125;-123.104153
"084";0;16;"Eastbound E 2nd Ave @ Lorne St";49.268312;-123.099412
"084";0;17;"Eastbound Great Northern Way @ Brunswick St";49.266743;-123.095812
"084";0;18;"Eastbound Great Northern Way @ Carolina St";49.26668;-123.090557
"084";0;19;"Eastbound Great Northern Way @ Foley St";49.266021;-123.086122
"084";0;20;"VCC-Clark Station @ Unloading Only";49.266014;-123.080036
"084";1;1;"VCC-Clark Station @ Bay 1";49.265986;-123.079816
"084";1;2;"Westbound Great Northern Way @ Foley St";49.266404;-123.087137
"084";1;3;"Westbound Great Northern Way @ Carolina Street";49.266868;-123.091178
"084";1;4;"Westbound Great Northern Way @ Thornton St";49.266906;-123.09471
"084";1;5;"Westbound E 2nd Ave @ Main St";49.269283;-123.101217
"084";1;6;"Westbound W 2nd Ave @ Manitoba St";49.269368;-123.106978
"084";1;7;"Westbound W 2nd Ave @ Crowe St";49.26817;-123.111966
"084";1;8;"Olympic Village Station @ Bay 1";49.266245;-123.115944
"084";1;9;"Westbound W 6th Ave @ Alder Crossing";49.266199;-123.132576
"084";1;10;"Westbound W 4th Ave @ Fir St";49.268039;-123.141569
"084";1;11;"Westbound W 4th Ave @ Burrard St";49.268093;-123.14645
"084";1;12;"Westbound W 4th Ave @ Yew St";49.268242;-123.155847
"084";1;13;"Westbound W 4th Ave @ Macdonald St";49.268459;-123.168863
"084";1;14;"Westbound W 4th Ave @ Alma St";49.26871;-123.186254
"084";1;15;"Westbound W 4th Ave @ NW Marine Dr";49.268604;-123.200584
"084";1;16;"Westbound W 4th Ave @ Blanca St";49.269195;-123.215565
"084";1;17;"Westbound Chancellor Blvd @ Hamber Rd";49.273342;-123.239004
"084";1;18;"Westbound Chancellor Blvd @ Allison Rd";49.273563;-123.246195
"084";1;19;"UBC Exchange @ Unloading Only";49.267674;-123.247621
"099";0;1;"UBC Exchange @ Bay 7";49.267419;-123.246831
"099";0;2;"Eastbound University Blvd @ Allison Rd";49.266827;-123.241849
"099";0;3;"Eastbound W 10 Ave @ Sasamat St";49.263764;-123.208525
"099";0;4;"Eastbound W Broadway @ Alma St";49.264263;-123.184623
"099";0;5;"Eastbound W Broadway @ Macdonald St";49.263995;-123.167357
"099";0;6;"Eastbound W Broadway @ Yew St";49.263761;-123.154831
"099";0;7;"Eastbound W Broadway @ Granville St";49.263505;-123.139857
"099";0;8;"Eastbound W Broadway @ Heather St";49.263212;-123.120173
"099";0;9;"Broadway-City Hall Station @ Bay 1";49.263107;-123.114283
"099";0;10;"Eastbound E Broadway @ Kingsway";49.262778;-123.099816
"099";0;11;"Eastbound E Broadway  @ Fraser St";49.26236;-123.088379
"099";0;12;"Eastbound E Broadway @ Clark Dr";49.262263;-123.076191
"099";0;13;"Commercial-Broadway Station @ Bay 1";49.262213;-123.068963
"099";0;14;"Eastbound E Broadway @ Nanaimo St";49.261889;-123.055558
"099";0;15;"Eastbound E Broadway @ Penticton St";49.261916;-123.051333
"099";0;16;"Eastbound E Broadway @ Renfrew St";49.261812;-123.043749
"099";0;17;"Eastbound E Broadway @ Rupert St";49.261781;-123.033192
"099";0;18;"Northbound Boundary Rd @ Lougheed Hwy";49.26604;-123.023373
"099";1;1;"Westbound Lougheed Hwy @ Boundary Loop";49.265243;-123.02541
"099";1;2;"Westbound E Broadway @ Rupert St";49.262009;-123.034312
"099";1;3;"Westbound E Broadway @ Renfrew St";49.262097;-123.044962
"099";1;4;"Westbound E Broadway @ Penticton St";49.262111;-123.051889
"099";1;5;"Westbound E Broadway @ Nanaimo St";49.26234;-123.057336
"099";1;6;"Commercial-Broadway Station @ Bay 5";49.262416;-123.06875
"099";1;7;"Westbound E Broadway @ Clark Dr";49.262499;-123.078554
"099";1;8;"Westbound E Broadway @ Fraser St";49.262593;-123.09009
"099";1;9;"Westbound E Broadway @ Brunswick St";49.262916;-123.097845
"099";1;10;"Westbound E Broadway @ Ontario St";49.263095;-123.104676
"099";1;11;"Broadway-City Hall Station @ Bay 4";49.263351;-123.11645
"099";1;12;"Westbound W Broadway @ Willow St";49.263433;-123.122318
"099";1;13;"Westbound W Broadway @ Granville St";49.263732;-123.140158
"099";1;14;"Westbound W Broadway @ Arbutus St";49.263948;-123.154464
"099";1;15;"Westbound W Broadway @ Macdonald St";49.264156;-123.167544
"099";1;16;"Southbound Alma St @ W 10 Ave";49.26367;-123.186028
"099";1;17;"Eastbound W Broadway @ Alma St";49.264263;-123.184623
"100";0;1;"Marpole Loop @ Bay 5";49.203203;-123.133071
"100";0;2;"Eastbound SW Marine Dr @ Oak St";49.204348;-123.130671
"100";0;3;"Eastbound SW Marine Dr @ Heather St";49.207179;-123.123861
"100";0;4;"Eastbound SW Marine Dr @ Ash St";49.209394;-123.118587
"100";0;5;"Marine Drive Station @ Bay 2";49.209383;-123.116116
"100";0;6;"Eastbound SW Marine Dr @ Manitoba St";49.212198;-123.109277
"100";0;7;"Eastbound SE Marine Dr @ Ontario St";49.21214;-123.106006
"100";0;8;"Eastbound SE Marine Dr @ Main St";49.210807;-123.101511
"100";0;9;"Eastbound SE Marine Dr @ Prince Edward St";49.210767;-123.097945
"100";0;10;"Eastbound SE Marine Dr @ St. George St";49.210918;-123.093606
"100";0;11;"Eastbound SE Marine Dr @ Fraser St";49.210909;-123.090507
"100";0;12;"Eastbound SE Marine Dr @ Ross St";49.211036;-123.083514
"100";0;13;"Eastbound SE Marine Dr @ Knight St";49.210924;-123.075001
"100";0;14;"Eastbound SE Marine Dr @ Argyle St";49.210911;-123.071659
"100";0;15;"Eastbound SE Marine Dr @ Victoria Dr";49.209318;-123.065395
"100";0;16;"Eastbound SE Marine Dr @ Gladstone St";49.208087;-123.061681
"100";0;17;"Eastbound SE Marine Dr @ Nanaimo St";49.207215;-123.059043
"100";0;18;"Eastbound SE Marine Dr @ Elliott St";49.207019;-123.056143
"100";0;19;"Eastbound SE Marine Dr @ 2600 Block";49.207204;-123.053335
"100";0;20;"Eastbound SE Marine Dr @ Jellicoe St";49.207592;-123.047214
"100";0;21;"Eastbound SE Marine Dr @ Kerr St";49.207748;-123.044803
"100";0;22;"Eastbound SE Marine Dr @ Fieldstone Ave";49.208333;-123.035248
"100";0;23;"Eastbound SE Marine Dr @ Matheson Cres";49.207971;-123.030512
"100";0;24;"Eastbound SE Marine Dr @ City Edge Place";49.207927;-123.025837
"100";0;25;"Eastbound Marine Dr @ Joffre Ave";49.208059;-123.019656
"100";0;26;"Eastbound Marine Dr @ Greenall Ave";49.208273;-123.017485
"100";0;27;"Eastbound Marine Dr @ Patterson Ave";49.209174;-123.011806
"100";0;28;"Eastbound Marine Dr @ Sussex Ave";49.209147;-123.005664
"100";0;29;"Eastbound Marine Dr @ Strathearn Ave";49.208071;-123.000545
"100";0;30;"Eastbound Marine Dr @ Nelson Ave";49.207616;-122.99743
"100";0;31;"Eastbound Marine Dr @ 4900 Block";49.207204;-122.993675
"100";0;32;"Eastbound Marine Dr @ Royal Oak Ave";49.206681;-122.988226
"100";0;33;"Eastbound Marine Dr @ 5500 Block";49.206193;-122.983643
"100";0;34;"Eastbound Marine Dr @ Gilley Ave";49.20562;-122.979134
"100";0;35;"Eastbound Southridge Dr @ Marine Dr";49.204851;-122.975514
"100";0;36;"Eastbound Marine Dr @ Willard St";49.204776;-122.971589
"100";0;37;"Southbound Willard St @ 14 Ave";49.201498;-122.967209
"100";0;38;"Southbound Willard St @ 12 Ave";49.200344;-122.965752
"100";0;39;"Southbound Willard St @ 10 Ave";49.199059;-122.964164
"100";0;40;"Southbound Willard St @ 9th Ave";49.197409;-122.962107
"100";0;41;"Southbound Willard St @ Thorne Ave";49.195953;-122.96035
"100";0;42;"Eastbound Trapp Rd @ Marine Dr";49.19795;-122.953331
"100";0;43;"22nd Street Station @ Unloading Only";49.199857;-122.949711
"100";1;1;"22nd Street Station @ Bay 6";49.199727;-122.949615
"100";1;2;"Westbound Marine Dr @ 7th Ave";49.198195;-122.95361
"100";1;3;"Westbound Marine Dr @ 10 Ave";49.201118;-122.960458
"100";1;4;"Northbound Byrnepark Dr @ Marine Dr";49.204315;-122.967247
"100";1;5;"Westbound Southridge Dr @ Byrnepark Dr";49.205818;-122.968894
"100";1;6;"Westbound Marine Dr @ Gilley Ave";49.2057;-122.978904
"100";1;7;"Westbound Marine Dr @ Macpherson Ave";49.206271;-122.982724
"100";1;8;"Westbound Marine Dr @ Royal Oak Ave";49.206806;-122.988159
"100";1;9;"Westbound Marine Dr @ 4900 Block";49.207331;-122.993856
"100";1;10;"Westbound Marine Dr @ Nelson Ave";49.207893;-122.998827
"100";1;11;"Westbound Marine Dr @ Sussex Ave";49.209233;-123.005464
"100";1;12;"Westbound Marine Dr @ Patterson Ave";49.209131;-123.013786
"100";1;13;"Westbound Marine Dr @ Greenall Ave";49.208428;-123.017297
"100";1;14;"Westbound SE Marine Dr @ City Edge Place";49.207979;-123.026647
"100";1;15;"Westbound SE Marine Dr @ Matheson Cres";49.208224;-123.031482
"100";1;16;"Westbound SE Marine Dr @ Fieldstone Ave";49.208441;-123.03581
"100";1;17;"Westbound SE Marine Dr @ Kerr St";49.208162;-123.042926
"100";1;18;"Westbound SE Marine Dr @ Jellicoe St";49.207743;-123.048165
"100";1;19;"Westbound SE Marine Dr @ Elliott St";49.207187;-123.057208
"100";1;20;"Westbound SE Marine Dr @ Gladstone St";49.208533;-123.062381
"100";1;21;"Westbound SE Marine Dr @ Victoria Dr";49.209974;-123.066581
"100";1;22;"Westbound SE Marine Dr @ Argyle St";49.211151;-123.072699
"100";1;23;"Westbound SE Marine Dr @ Knight St";49.21122;-123.076755
"100";1;24;"Westbound SE Marine Dr @ Inverness St";49.211201;-123.08071
"100";1;25;"Westbound SE Marine Dr @ Ross St";49.211217;-123.083635
"100";1;26;"Westbound SE Marine Dr @ Chester St";49.211147;-123.089925
"100";1;27;"Westbound SE Marine Dr @ Poplar St";49.211145;-123.09365
"100";1;28;"Westbound SE Marine Dr @ Prince Edward St";49.210898;-123.098986
"100";1;29;"Westbound SE Marine Dr @ Main St";49.211487;-123.103003
"100";1;30;"Westbound SW Marine Dr @ Ontario St";49.212459;-123.107012
"100";1;31;"Westbound SW Marine Dr @ Manitoba St";49.212212;-123.110409
"100";1;32;"Marine Drive Station @ Bay 2";49.209383;-123.116116
"100";1;33;"Westbound SW Marine Dr @ Ash St";49.209141;-123.119749
"100";1;34;"Westbound SW Marine Dr @ Heather St";49.207414;-123.123941
"100";1;35;"Westbound SW Marine Dr @ Laurel St";49.206184;-123.126813
"100";1;36;"Westbound SW Marine Dr @ Oak St";49.20453;-123.131063
"100";1;37;"Marpole Loop @ Bay 4";49.20366;-123.135845
"100";1;38;"Westbound SW Marine Dr @ Granville St";49.205047;-123.139869
"100";1;39;"Northbound Granville St @ W 71 Ave";49.206713;-123.140464
"100";1;40;"Northbound Granville St @ W 71 Ave";49.207431;-123.1404
"100";1;41;"Eastbound W 70 Ave @ French St";49.208535;-123.138831
"100";1;42;"Southbound Hudson St @ W 70 Ave";49.208213;-123.1347
"100";1;43;"Southbound Hudson St @ W 72 Ave";49.2063;-123.134764
"100";1;44;"Marpole Loop @ Bay 1";49.202789;-123.133802
"101";0;1;"22nd Street Station @ Bay 5";49.199792;-122.949358
"101";0;2;"Eastbound 8th Ave @ 23 St";49.200284;-122.952972
"101";0;3;"Eastbound 8th Ave @ 22 St";49.200902;-122.951796
"101";0;4;"Eastbound 8th Ave @ 21 St";49.201938;-122.949878
"101";0;5;"Eastbound 8th Ave @ 20 St";49.203013;-122.947894
"101";0;6;"Eastbound 8th Ave @ 19 St";49.204196;-122.945706
"101";0;7;"Eastbound 8th Ave @ 18 St";49.205399;-122.943473
"101";0;8;"Eastbound 8th Ave @ 16 St";49.207123;-122.940278
"101";0;9;"Eastbound 8th Ave @ 14 St";49.208969;-122.936874
"101";0;10;"Southbound 12 St @ 8th Ave";49.210241;-122.933947
"101";0;11;"Southbound 12 St @ 7th Ave";49.208748;-122.932063
"101";0;12;"Eastbound 6th Ave @ 12 St";49.207766;-122.930156
"101";0;13;"Eastbound 6th Ave @ 10 St";49.209744;-122.926494
"101";0;14;"Eastbound 6th Ave @ 8th St";49.211406;-122.923426
"101";0;15;"Northbound 6th St @ 6th Ave";49.213612;-122.920751
"101";0;16;"Northbound 6th St @ 8th Ave";49.216369;-122.924263
"101";0;17;"Northbound 6th St @ 10 Ave";49.219331;-122.927943
"101";0;18;"Eastbound 12 Ave @ 6th St";49.220672;-122.929105
"101";0;19;"Eastbound 12 Ave @ 4th St";49.222137;-122.926344
"101";0;20;"Eastbound 12 Ave @ 2nd St";49.223902;-122.92304
"101";0;21;"Northbound 1st St @ 12 Ave";49.225189;-122.921643
"101";0;22;"Northbound 1st St @ 14 Ave";49.226684;-122.923529
"101";0;23;"Northbound 1st St @ 16 Ave";49.227758;-122.92489
"101";0;24;"Eastbound 16 Ave @ Newcombe St";49.229404;-122.922439
"101";0;25;"Eastbound 16 Ave @ Wright St";49.230667;-122.920126
"101";0;26;"Southbound Cumberland St @ 16 Ave";49.231484;-122.917431
"101";0;27;"Eastbound Armstrong Ave @ Cumberland St";49.22992;-122.914604
"101";0;28;"Eastbound Armstrong Ave @ Coquitlam St";49.231544;-122.911643
"101";0;29;"Eastbound Armstrong Ave @ Langley St";49.233591;-122.907828
"101";0;30;"Northbound Cariboo Rd @ Armstrong Ave";49.235762;-122.90441
"101";0;31;"Northbound Cariboo Rd @ 7600 Block";49.236902;-122.905845
"101";0;32;"Northbound Cariboo Rd @ 7100 Block";49.244165;-122.910016
"101";0;33;"Northbound Cariboo Rd @ Stormont Ave";49.245474;-122.911079
"101";0;34;"Northbound Cariboo Rd @ Avalon Ave";49.247956;-122.913545
"101";0;35;"Northbound Cariboo Rd @ Cariboo Place";49.249825;-122.91415
"101";0;36;"Eastbound Government St @ 8700 Block";49.250136;-122.910084
"101";0;37;"Eastbound Government St @ Halston Court";49.247775;-122.906818
"101";0;38;"Eastbound Government St @ Manchester Dr";49.247258;-122.899151
"101";0;39;"Lougheed Station @ Bay 6";49.247428;-122.894766
"101";1;1;"Lougheed Station @ Bay 4";49.24749;-122.894732
"101";1;2;"Westbound Government St @ Cardston Court";49.247557;-122.899309
"101";1;3;"Westbound Government St @ Halston Court";49.248331;-122.906875
"101";1;4;"Westbound Government St @ Horne St";49.249347;-122.907929
"101";1;5;"Westbound Government St @ 8700 Block";49.25025;-122.91026
"101";1;6;"Southbound Cariboo Rd @ Cariboo Place";49.249633;-122.914361
"101";1;7;"Southbound Cariboo Rd @ Avalon Ave";49.248037;-122.914064
"101";1;8;"Southbound Cariboo Rd @ Stormont Ave";49.245468;-122.911482
"101";1;9;"Southbound Cariboo Rd @ 7100 Block";49.243573;-122.909715
"101";1;10;"Southbound Cariboo Rd @ 16 Ave";49.238494;-122.907245
"101";1;11;"Southbound Cariboo Rd @ 7600 Block";49.2367;-122.905975
"101";1;12;"Westbound Armstrong Ave @ Cariboo Rd";49.235277;-122.904958
"101";1;13;"Westbound Armstrong Ave @ Langley St";49.233279;-122.908658
"101";1;14;"Westbound Armstrong Ave @ Coquitlam St";49.231178;-122.912547
"101";1;15;"Northbound Cumberland St @ Armstrong Ave";49.229963;-122.915329
"101";1;16;"Westbound 16 Ave @ Cumberland St";49.231712;-122.918362
"101";1;17;"Westbound 16 Ave @ Wright St";49.230399;-122.92088
"101";1;18;"Westbound 16 Ave @ Newcombe St";49.229189;-122.923124
"101";1;19;"Southbound 1st St @ 16 Ave";49.227572;-122.924862
"101";1;20;"Southbound 1st St @ 14 Ave";49.226146;-122.923065
"101";1;21;"Westbound 12 Ave @ 1st St";49.2247;-122.921822
"101";1;22;"Westbound 12 Ave @ 2nd St";49.223714;-122.923659
"101";1;23;"Westbound 12 Ave @ 4th St";49.221906;-122.927
"101";1;24;"Southbound 6th St @ 10 Ave";49.218617;-122.927335
"101";1;25;"Southbound 6th St @ 8th Ave";49.215581;-122.923521
"101";1;26;"Westbound 6th Ave @ 6th St";49.212927;-122.920895
"101";1;27;"Westbound 6th Ave @ 8th St";49.211448;-122.923688
"101";1;28;"Westbound 6th Ave @ 10 St";49.209492;-122.927228
"101";1;29;"Northbound 12 St @ Nanaimo St";49.208439;-122.931438
"101";1;30;"Northbound 12 St @ 7th Ave";49.209189;-122.932386
"101";1;31;"Westbound 8th Ave @ 14 St";49.208697;-122.937613
"101";1;32;"Westbound 8th Ave @ 16 St";49.206854;-122.940985
"101";1;33;"Westbound 8th Ave @ 18 St";49.205023;-122.944427
"101";1;34;"Westbound 8th Ave @ 19 St";49.203929;-122.946466
"101";1;35;"Westbound 8th Ave @ 20 St";49.202694;-122.948761
"101";1;36;"Westbound 8th Ave @ 22 St";49.200666;-122.952508
"101";1;37;"22nd Street Station @ Unloading Only";49.199857;-122.949711
"102";0;1;"New Westminster Station @ Bay 9";49.201472;-122.911997
"102";0;2;"Eastbound Columbia St @ 6th St";49.203434;-122.907238
"102";0;3;"Columbia Station @ Bay 3";49.20493;-122.905597
"102";0;4;"Northbound 4th St @ Agnes St";49.206075;-122.907046
"102";0;5;"Southbound Merivale St @ Royal Ave";49.207905;-122.90605
"102";0;6;"Eastbound Agnes St @ Elliot St";49.208324;-122.903391
"102";0;7;"Northbound 1st St @ Agnes St";49.209455;-122.90204
"102";0;8;"Eastbound E Royal Ave @ McBride Blvd";49.212701;-122.898435
"102";0;9;"Northbound Ross Dr @ 200 Block";49.214217;-122.899827
"102";0;10;"Westbound Queens Park Care Centre @ Blackberry Dr";49.216676;-122.901632
"102";1;1;"Westbound Queens Park Care Centre @ Blackberry Dr";49.216676;-122.901632
"102";1;2;"Southbound Ross Dr @ 200 Block";49.213958;-122.899656
"102";1;3;"Westbound E Royal Ave @ McBride Blvd";49.212748;-122.898522
"102";1;4;"Southbound 1st St @ Agnes St";49.209275;-122.90199
"102";1;5;"Westbound Agnes St @ Elliot St";49.208075;-122.904083
"102";1;6;"Southbound 4th St @ Agnes St";49.205888;-122.907044
"102";1;7;"Columbia Station @ Bay 1";49.204434;-122.905796
"102";1;8;"Westbound Columbia St @ 6th St";49.203028;-122.908363
"102";1;9;"New Westminster Station @ Bay 2";49.201037;-122.912095
"103";0;1;"Northbound Renaissance Square @ Quayside Dr";49.199988;-122.924574
"103";0;2;"Eastbound Quayside Dr @ Laguna Court";49.199906;-122.922576
"103";0;3;"Eastbound Quayside Dr @ Reliance Court";49.198963;-122.91808
"103";0;4;"New Westminster Station @ Bay 8";49.201571;-122.91343
"103";0;5;"New Westminster Station @ Bay 9";49.201472;-122.911997
"103";1;1;"New Westminster Station @ Bay 2";49.201037;-122.912095
"103";1;2;"Eastbound Carnarvon St @ Quayside Dr";49.200769;-122.914936
"103";1;3;"Westbound Quayside Dr @ Reliance Court";49.199058;-122.917675
"103";1;4;"Westbound Quayside Dr @ 1200 Block";49.199244;-122.920647
"103";1;5;"Northbound Renaissance Square @ Quayside Dr";49.199988;-122.924574
"104";0;1;"Southbound Cliveden Ave @ 1600 Block";49.162461;-122.972288
"104";0;2;"Eastbound Derwent Way @ 1600 Block";49.161416;-122.967538
"104";0;3;"Eastbound Derwent Way @ Ridley Place";49.161935;-122.964018
"104";0;4;"Eastbound Derwent Way @ Eaton Way";49.162207;-122.960766
"104";0;5;"Eastbound Derwent Way @ Ebury Place";49.16193;-122.957531
"104";0;6;"Eastbound Derwent Way @ Fraserview Place";49.161678;-122.952704
"104";0;7;"Eastbound Derwent Way @ Derwent Place";49.163708;-122.948324
"104";0;8;"Eastbound Derwent Way @ Humber Place";49.165246;-122.945487
"104";0;9;"Eastbound Derwent Way @ Chester Rd";49.167828;-122.942522
"104";0;10;"Eastbound Derwent Way @ Annance Court";49.16974;-122.939537
"104";0;11;"Eastbound Derwent Way @ 900 Block";49.171194;-122.93558
"104";0;12;"Eastbound Derwent Way @ 800 Block";49.173384;-122.934378
"104";0;13;"Eastbound Derwent Way @ Audley Blvd";49.175883;-122.932394
"104";0;14;"Eastbound Derwent Way @ Caldew St";49.177665;-122.931007
"104";0;15;"Eastbound Derwent Way @ 600 Block";49.180195;-122.92957
"104";0;16;"Northbound Boyd St @ Ewen Ave";49.192086;-122.933723
"104";0;17;"Eastbound Duncan St @ 400 Block";49.195134;-122.934695
"104";0;18;"Southbound Furness St @ Ewen Ave";49.194614;-122.927269
"104";0;19;"Westbound Ewen Ave @ Derwent Way";49.191588;-122.934168
"104";0;20;"Westbound Ewen Ave @ Fenton St";49.190749;-122.936196
"104";0;21;"Westbound Ewen Ave @ Wood St";49.189151;-122.940041
"104";0;22;"Westbound Ewen Ave @ McGillivray Place";49.188473;-122.941678
"104";0;23;"Northbound Howes St @ Ewen Ave";49.18668;-122.946975
"104";0;24;"Northbound Hwy 91A Onramp @ Howes St";49.187932;-122.947272
"104";0;25;"22nd Street Station @ Unloading Only";49.199857;-122.949711
"104";1;1;"22nd Street Station @ Bay 3";49.199941;-122.948853
"104";1;2;"Southbound Howes St @ Hwy 91A Offramp";49.187052;-122.947624
"104";1;3;"Eastbound Ewen Ave @ Howes St";49.186414;-122.946218
"104";1;4;"Eastbound Ewen Ave @ Lawrence St";49.187364;-122.943923
"104";1;5;"Eastbound Ewen Ave @ McGillivray Place";49.18861;-122.940844
"104";1;6;"Eastbound Ewen Ave @ Wood St";49.189452;-122.938836
"104";1;7;"Eastbound Ewen Ave @ Johnston St";49.191128;-122.934777
"104";1;8;"Northbound Boyd St @ Ewen Ave";49.192086;-122.933723
"104";1;9;"Eastbound Duncan St @ 400 Block";49.195134;-122.934695
"104";1;10;"Southbound Furness St @ Ewen Ave";49.194614;-122.927269
"104";1;11;"Southbound Derwent Way @ Belgrave Way";49.182712;-122.929683
"104";1;12;"Westbound Belgrave Way @ Caldew St";49.180234;-122.933974
"104";1;13;"Southbound Audley Blvd @ Belgrave Way";49.178385;-122.936861
"104";1;14;"Westbound Cliveden Ave @ 800 Block";49.176444;-122.936769
"104";1;15;"Westbound Cliveden Ave @ 900 Block";49.175094;-122.939567
"104";1;16;"Westbound Cliveden Ave @ Carlisle Rd";49.173382;-122.943093
"104";1;17;"Westbound Cliveden Ave @ Chester Rd";49.172449;-122.945799
"104";1;18;"Westbound Cliveden Ave @ Cliveden Place";49.169238;-122.956987
"104";1;19;"Westbound Cliveden Ave @ Carleton Court";49.168551;-122.959289
"104";1;20;"Westbound Cliveden Ave @ 1400 Block";49.16795;-122.961255
"104";1;21;"Westbound Cliveden Ave @ Eaton Way";49.166551;-122.964313
"104";1;22;"Westbound Cliveden Ave @ Hampstead Close";49.164457;-122.969491
"104";1;23;"Southbound Cliveden Ave @ 1600 Block";49.162461;-122.972288
"105";0;1;"New Westminster Station @ Bay 5";49.20106;-122.913116
"105";0;2;"Eastbound Columbia St @ 6th St";49.203434;-122.907238
"105";0;3;"Columbia Station @ Bay 3";49.20493;-122.905597
"105";0;4;"Northbound 4th St @ Agnes St";49.206075;-122.907046
"105";0;5;"Southbound Merivale St @ Royal Ave";49.207905;-122.90605
"105";0;6;"Eastbound Agnes St @ Elliot St";49.208324;-122.903391
"105";0;7;"Northbound 1st St @ Agnes St";49.209455;-122.90204
"105";0;8;"Westbound Royal Ave @ 1st St";49.209727;-122.903375
"105";0;9;"Northbound 2nd St @ Clinton Place";49.20971;-122.905374
"105";0;10;"Northbound 2nd St @ Queens Ave";49.210698;-122.906604
"105";0;11;"Northbound 2nd St @ 3rd Ave";49.212298;-122.908626
"105";0;12;"Northbound 2nd St @ 4th Ave";49.213817;-122.910527
"105";0;13;"Northbound 2nd St @ 5th Ave";49.215381;-122.912502
"105";0;14;"Eastbound 6th Ave @ 2nd St";49.216681;-122.913691
"105";0;15;"Eastbound 6th Ave @ 1st St";49.217906;-122.911347
"105";0;16;"Eastbound E 6th Ave @ McBride Blvd";49.219778;-122.907863
"105";0;17;"Eastbound E 6th Ave @ Glenbrook Dr";49.220926;-122.905741
"105";0;18;"Northbound Cumberland St @ E 7th Ave";49.222954;-122.906699
"105";0;19;"Westbound E 8th Ave @ Cumberland St";49.224097;-122.90898
"105";0;20;"Westbound 8th Ave @ McBride Blvd";49.222006;-122.912958
"105";0;21;"Westbound Ovens Ave @ Colborne St";49.221993;-122.915253
"105";0;22;"Westbound 8th Ave @ 2nd St";49.219151;-122.918227
"105";0;23;"Westbound 8th Ave @ 4th St";49.217284;-122.921705
"105";0;24;"Southbound 6th St @ 8th Ave";49.215581;-122.923521
"105";0;25;"Westbound 6th Ave @ 6th St";49.212927;-122.920895
"105";0;26;"Northbound 8th St @ 6th Ave";49.211541;-122.924297
"105";0;27;"Northbound 8th St @ 7th Ave";49.212787;-122.925861
"105";1;1;"Northbound 8th St @ 7th Ave";49.212787;-122.925861
"105";1;2;"Eastbound 8th Ave @ 8th St";49.214252;-122.927079
"105";1;3;"Eastbound 8th Ave @ 6th St";49.216205;-122.923443
"105";1;4;"Eastbound 8th Ave @ 4th St";49.217552;-122.920951
"105";1;5;"Eastbound 8th Ave @ 2nd St";49.219577;-122.917194
"105";1;6;"Eastbound Ovens Ave @ Colborne St";49.221941;-122.915059
"105";1;7;"Eastbound 8th Ave @ Park Cres";49.221478;-122.913518
"105";1;8;"Eastbound E 8th Ave @ McBride Blvd";49.222855;-122.910938
"105";1;9;"Southbound Cumberland St @ E 8th Ave";49.223886;-122.908073
"105";1;10;"Southbound Cumberland St @ E 7th Ave";49.221957;-122.905682
"105";1;11;"Westbound E 6th Ave @ Glenbrook Dr";49.22081;-122.90625
"105";1;12;"Westbound 6th Ave @ McBride Blvd";49.219348;-122.908984
"105";1;13;"Westbound 6th Ave @ 1st St";49.217458;-122.91245
"105";1;14;"Southbound 2nd St @ 6th Ave";49.216232;-122.9139
"105";1;15;"Southbound 2nd St @ 5th Ave";49.214881;-122.912205
"105";1;16;"Southbound 2nd St @ 4th Ave";49.213365;-122.910289
"105";1;17;"Southbound 2nd St @ 3rd Ave";49.21183;-122.90836
"105";1;18;"Southbound 2nd St @ Queens Ave";49.210702;-122.906943
"105";1;19;"Southbound 1st St @ Park Row";49.211025;-122.90397
"105";1;20;"Southbound 1st St @ Agnes St";49.209275;-122.90199
"105";1;21;"Westbound Agnes St @ Elliot St";49.208075;-122.904083
"105";1;22;"Southbound 4th St @ Agnes St";49.205888;-122.907044
"105";1;23;"Columbia Station @ Bay 1";49.204434;-122.905796
"105";1;24;"Westbound Columbia St @ 6th St";49.203028;-122.908363
"105";1;25;"New Westminster Station @ Bay 2";49.201037;-122.912095
"106";0;1;"Edmonds Station @ Bay 4";49.21197;-122.958485
"106";0;2;"Eastbound Edmonds St @ 18 St";49.215363;-122.95647
"106";0;3;"Eastbound Edmonds St @ 16 St";49.217231;-122.953118
"106";0;4;"Eastbound Edmonds St @ Linden Ave";49.219331;-122.949758
"106";0;5;"Eastbound Edmonds St @ Humphries Ave";49.221051;-122.946536
"106";0;6;"Eastbound Edmonds St @ Mary Ave";49.222058;-122.944643
"106";0;7;"Eastbound Edmonds St @ New Vista Place";49.223067;-122.942773
"106";0;8;"Eastbound Edmonds St @ Canada Way";49.224262;-122.940465
"106";0;9;"Eastbound Edmonds St @ 6th St";49.225533;-122.938132
"106";0;10;"Southbound 6th St @ 18 Ave";49.224881;-122.935179
"106";0;11;"Southbound 6th St @ 16 Ave";49.22347;-122.9334
"106";0;12;"Southbound 6th St @ 15 Ave";49.222301;-122.931933
"106";0;13;"Southbound 6th St @ 13 Ave";49.221046;-122.930356
"106";0;14;"Southbound 6th St @ 12 Ave";49.220227;-122.929311
"106";0;15;"Southbound 6th St @ 10 Ave";49.218617;-122.927335
"106";0;16;"Southbound 6th St @ 8th Ave";49.215581;-122.923521
"106";0;17;"Southbound 6th St @ Princess St";49.213416;-122.92083
"106";0;18;"Southbound 6th St @ 5th Ave";49.211482;-122.918365
"106";0;19;"Southbound 6th St @ 4th Ave";49.209881;-122.916356
"106";0;20;"Southbound 6th St @ 3rd Ave";49.208345;-122.914425
"106";0;21;"Southbound 6th St @ Queens Ave";49.20683;-122.912514
"106";0;22;"Southbound 6th St @ Royal Ave";49.205995;-122.911456
"106";0;23;"Southbound 6th St @ Agnes St";49.204961;-122.910141
"106";0;24;"Westbound Columbia St @ 6th St";49.203028;-122.908363
"106";0;25;"New Westminster Station @ Bay 3";49.200804;-122.912513
"106";1;1;"New Westminster Station @ Bay 7";49.201379;-122.913535
"106";1;2;"Westbound 6th St @ Carnarvon St";49.204255;-122.908982
"106";1;3;"Northbound 6th St @ Royal Ave";49.206053;-122.911238
"106";1;4;"Northbound 6th St @ Queens Ave";49.2074;-122.912964
"106";1;5;"Northbound 6th St @ 3rd Ave";49.208885;-122.914819
"106";1;6;"Northbound 6th St @ 4th Ave";49.210454;-122.9168
"106";1;7;"Northbound 6th St @ 5th Ave";49.212012;-122.918751
"106";1;8;"Northbound 6th St @ 6th Ave";49.213612;-122.920751
"106";1;9;"Northbound 6th St @ 8th Ave";49.216369;-122.924263
"106";1;10;"Northbound 6th St @ 10 Ave";49.219331;-122.927943
"106";1;11;"Northbound 6th St @ 12 Ave";49.220388;-122.92926
"106";1;12;"Northbound 6th St @ 13 Ave";49.221551;-122.930735
"106";1;13;"Northbound 6th St @ 15 Ave";49.222828;-122.932337
"106";1;14;"Northbound 6th St @ 16 Ave";49.224155;-122.934009
"106";1;15;"Northbound 6th St @ 18 Ave";49.224944;-122.934996
"106";1;16;"Westbound Edmonds St @ 7800 Block";49.225462;-122.938563
"106";1;17;"Westbound Edmonds St @ Canada Way";49.223878;-122.941553
"106";1;18;"Westbound Edmonds St @ New Vista Place";49.223071;-122.943045
"106";1;19;"Westbound Edmonds St @ Mary Ave";49.221794;-122.945453
"106";1;20;"Westbound Edmonds St @ Humphries Ave";49.220694;-122.947514
"106";1;21;"Westbound Edmonds St @ Linden Ave";49.219094;-122.950508
"106";1;22;"Westbound Edmonds St @ Kingsway";49.217441;-122.953061
"106";1;23;"Westbound Edmonds St @ Salisbury Ave";49.215403;-122.956871
"106";1;24;"Edmonds Station @ Bay 2";49.212196;-122.958297
"109";0;1;"New Westminster Station @ Bay 5";49.20106;-122.913116
"109";0;2;"Eastbound Columbia St @ 6th St";49.203434;-122.907238
"109";0;3;"Eastbound Columbia St @ 200 Block";49.205926;-122.902572
"109";0;4;"Northbound Jamieson Court @ Richmond St";49.216059;-122.89572
"109";0;5;"Northbound Richmond St @ Miner St";49.218387;-122.896392
"109";0;6;"Eastbound Cumberland St @ Richmond St";49.220487;-122.89837
"109";0;7;"Eastbound Cumberland St @ Miner St";49.220434;-122.895443
"109";0;8;"Northbound E Columbia St @ Alberta St";49.223416;-122.892813
"109";0;9;"Northbound E Columbia St @ Keary St";49.225777;-122.892836
"109";0;10;"Northbound E Columbia St @ Sherbrooke St";49.227612;-122.89274
"109";0;11;"Northbound E Columbia St @ Cedar St";49.230458;-122.892653
"109";0;12;"Northbound E Columbia St @ Braid St";49.231905;-122.892608
"109";0;13;"Northbound E Columbia St @ Holmes St";49.236127;-122.892459
"109";0;14;"Northbound North Rd @ Young Dr";49.243516;-122.892495
"109";0;15;"Northbound North Rd @ Lougheed Hwy";49.24647;-122.892571
"109";0;16;"Lougheed Station @ Bay 6";49.247428;-122.894766
"109";1;1;"Lougheed Station @ Bay 10";49.247897;-122.895638
"109";1;2;"Southbound North Rd @ Rochester St";49.244275;-122.892772
"109";1;3;"Southbound North Rd @ Delestre Ave";49.242795;-122.892775
"109";1;4;"Southbound E Columbia St @ 600 Block";49.236815;-122.892659
"109";1;5;"Southbound E Columbia St @ Holmes St";49.235386;-122.892694
"109";1;6;"Southbound E Columbia St @ Braid St";49.231132;-122.89282
"109";1;7;"Southbound E Columbia St @ Sherbrooke St";49.227569;-122.892923
"109";1;8;"Southbound E Columbia St @ Keary St";49.225301;-122.892976
"109";1;9;"Westbound Cumberland St  @ Sapper St";49.220538;-122.894757
"109";1;10;"Southbound Richmond St @ Seymour Court";49.219804;-122.898494
"109";1;11;"Southbound Richmond St @ Miner St";49.218132;-122.896555
"109";1;12;"Northbound Jamieson Court @ Richmond St";49.216059;-122.89572
"109";1;13;"Southbound E Columbia St @ Richmond St";49.216185;-122.894078
"109";1;14;"Westbound E Columbia St @ McBride Blvd";49.212727;-122.89612
"109";1;15;"Westbound Columbia St @ 200 Block";49.206351;-122.902216
"109";1;16;"Columbia Station @ Bay 1";49.204434;-122.905796
"109";1;17;"Westbound Columbia St @ 6th St";49.203028;-122.908363
"109";1;18;"New Westminster Station @ Bay 2";49.201037;-122.912095
"110";0;1;"Metrotown Station @ Bay 13";49.22541;-123.002774
"110";0;2;"Eastbound Central Blvd @ 4500 Block";49.224203;-123.000304
"110";0;3;"Northbound Bonsor Ave @ Central Blvd";49.224103;-122.997738
"110";0;4;"Northbound Nelson Ave @ Bennett St";49.225569;-122.994051
"110";0;5;"Northbound Nelson Ave @ Newton St";49.227326;-122.994102
"110";0;6;"Northbound Nelson Ave @ Dover St";49.230297;-122.99412
"110";0;7;"Northbound Nelson Ave @ Grafton St";49.232104;-122.994135
"110";0;8;"Northbound Nelson Ave @ Sardis Cres";49.233648;-122.994145
"110";0;9;"Westbound Bond St @ Nelson Ave";49.235465;-122.994807
"110";0;10;"Westbound Bond St @ Sussex Ave";49.235452;-122.998207
"110";0;11;"Westbound Bond St @ Elsom Ave";49.235444;-123.001547
"110";0;12;"Northbound Willingdon Ave @ Bond St";49.235911;-123.003266
"110";0;13;"Northbound Willingdon Ave @ Burke St";49.237319;-123.003261
"110";0;14;"Northbound Willingdon Ave @ Grassmere St";49.238854;-123.003286
"110";0;15;"Northbound Willingdon Ave @ Price St";49.240537;-123.003294
"110";0;16;"Eastbound Deer Lake Parkway @ Willingdon Ave";49.242827;-123.002605
"110";0;17;"Eastbound Deer Lake Parkway @ Wayburne Dr";49.241548;-122.997353
"110";0;18;"Eastbound Gilpin St @ Royal Oak Ave";49.241815;-122.988389
"110";0;19;"Eastbound Gilpin St @ Chapple Cres";49.241779;-122.98231
"110";0;20;"Eastbound Gilpin St @ Cedarwood St";49.241748;-122.976908
"110";0;21;"Bus Loop @ Burnaby City Hall";49.243262;-122.973407
"110";0;22;"Northbound Norland Ave @ Canada Way";49.245817;-122.974513
"110";0;23;"Northbound Norland Ave @ Ledger Ave";49.248593;-122.974611
"110";0;24;"Eastbound Sprott St @ Norland Ave East";49.24985;-122.970225
"110";0;25;"Eastbound Sprott St @ Kensington Ave";49.249864;-122.967763
"110";0;26;"Northbound Kensington Ave @ Joe Sakic Way";49.253861;-122.966403
"110";0;27;"Sperling Station @ Bay 3";49.258754;-122.963937
"110";0;28;"Eastbound Winston St @ Bainbridge Ave";49.250878;-122.955835
"110";0;29;"Eastbound Winston St @ 7200 Block";49.249918;-122.95305
"110";0;30;"Northbound Phillips Ave @ Winston St";49.250387;-122.948669
"110";0;31;"Eastbound Government Rd @ Lozells Ave";49.250869;-122.941691
"110";0;32;"Eastbound Government Rd @ Jensen Place";49.250852;-122.938264
"110";0;33;"Eastbound Government Rd @ Piper Ave";49.250826;-122.934862
"110";0;34;"Eastbound Government Rd @ 8000 Block";49.2508;-122.931033
"110";0;35;"Eastbound Government Rd @ Lakedale Ave";49.250791;-122.925688
"110";0;36;"Eastbound Government Rd @ 8300 Block";49.250768;-122.922175
"110";0;37;"Eastbound Government Rd @ Brighton Ave";49.250777;-122.919356
"110";0;38;"Production Station @ Bay 3";49.254032;-122.918229
"110";0;39;"Eastbound Eastlake Dr @ Production Way";49.257677;-122.916163
"110";0;40;"Southbound Eastlake Dr @ Centaurus Dr";49.256481;-122.910285
"110";0;41;"Eastbound Beaverbrook Dr @ Eastlake Dr";49.255052;-122.909082
"110";0;42;"Eastbound Beaverbrook Dr @ Centaurus Dr";49.255732;-122.906297
"110";0;43;"Eastbound Beaverbrook Dr @ Noel Dr";49.254811;-122.903598
"110";0;44;"Eastbound Cameron St @ Beaverbrook Dr";49.253412;-122.901462
"110";0;45;"Eastbound Cameron St @ Bartlett Court";49.253396;-122.898292
"110";0;46;"Eastbound Cameron St @ Morrey Court";49.253366;-122.89576
"110";0;47;"Southbound North Rd @ Cameron St";49.252969;-122.893126
"110";0;48;"Southbound North Rd @ Austin Rd";49.248477;-122.893
"110";0;49;"Lougheed Station @ Bay 6";49.247428;-122.894766
"110";1;1;"Lougheed Station @ Bay 3";49.247609;-122.894945
"110";1;2;"Northbound North Rd @ Gatineau Place";49.248513;-122.892661
"110";1;3;"Northbound North Rd @ Austin Ave";49.250455;-122.892713
"110";1;4;"Westbound Cameron St @ North Rd";49.253503;-122.894241
"110";1;5;"Westbound Cameron St @ Morrey Court";49.253498;-122.8967
"110";1;6;"Westbound Cameron St @ Bartlett Court";49.25352;-122.899001
"110";1;7;"Northbound Beaverbrook Dr @ Cameron St";49.254308;-122.902754
"110";1;8;"Westbound Beaverbrook Dr @ Centaurus Dr";49.25596;-122.905734
"110";1;9;"Northbound Eastlake Dr @ Beaverbrook Dr";49.255374;-122.909668
"110";1;10;"Northbound Eastlake Dr @ Centaurus Dr";49.256986;-122.910536
"110";1;11;"Southbound Production Way @ Eastlake Dr";49.257296;-122.916944
"110";1;12;"Production Way Station @ Bay 2";49.253798;-122.918198
"110";1;13;"Westbound Government Rd @ Brighton Ave";49.250879;-122.919712
"110";1;14;"Westbound Government Rd @ 8300 Block";49.250886;-122.923035
"110";1;15;"Westbound Government Rd @ Lakedale Ave";49.250903;-122.927012
"110";1;16;"Westbound Government Rd @ 8000 Block";49.250916;-122.930617
"110";1;17;"Westbound Government Rd @ Piper Ave";49.250956;-122.935811
"110";1;18;"Westbound Government Rd @ Lozells Ave";49.250986;-122.941404
"110";1;19;"Westbound Government Rd @ 7500 Block";49.251001;-122.944637
"110";1;20;"Southbound Phillips Ave @ Government Rd";49.250673;-122.948844
"110";1;21;"Westbound Winston St @ 7200 Block";49.250043;-122.953046
"110";1;22;"Westbound Winston St @ Bainbridge Ave";49.25166;-122.956525
"110";1;23;"Sperling Station @ Bay 3";49.258754;-122.963937
"110";1;24;"Southbound Kensington Ave @ Joe Sakic Way";49.253068;-122.966682
"110";1;25;"Westbound Sprott St @ Kensington Ave";49.24999;-122.967656
"110";1;26;"Westbound Sprott St @ Norland Ave East";49.250017;-122.969368
"110";1;27;"Southbound Norland Ave @ Sprott St West";49.249593;-122.9748
"110";1;28;"Southbound Norland Ave @ Kincaid St";49.247612;-122.974806
"110";1;29;"Southbound Deer Lake Parkway @ Canada Way";49.244975;-122.97466
"110";1;30;"Bus Loop @ Burnaby City Hall";49.243262;-122.973407
"110";1;31;"Westbound Gilpin St @ Cedarwood St";49.241865;-122.977443
"110";1;32;"Westbound Gilpin St @ Mahon Ave";49.241892;-122.982127
"110";1;33;"Westbound Gilpin St @ Gatenby Ave";49.241916;-122.987939
"110";1;34;"Westbound Deer Lake Parkway @ Garden Grove Dr";49.241534;-122.995717
"110";1;35;"Westbound Deer Lake Parkway @ Wayburne Dr";49.241748;-122.998659
"110";1;36;"Southbound Willingdon Ave @ Moscrop St";49.242583;-123.003491
"110";1;37;"Southbound Willingdon Ave @ Wildwood Cres";49.239901;-123.003479
"110";1;38;"Southbound Willingdon Ave @ Price Cres";49.238369;-123.003467
"110";1;39;"Eastbound Bond St @ Willingdon Ave";49.235328;-123.002807
"110";1;40;"Eastbound Bond St @ Elsom Ave";49.235346;-123.000601
"110";1;41;"Eastbound Bond St @ Sussex Ave";49.235351;-122.997427
"110";1;42;"Southbound Nelson Ave @ Buxton St";49.234098;-122.994314
"110";1;43;"Southbound Nelson Ave @ Shepherd St";49.232189;-122.994302
"110";1;44;"Southbound Nelson Ave @ Grange St";49.2291;-122.994316
"110";1;45;"Southbound Nelson Ave @ Hazel St";49.227594;-122.994345
"110";1;46;"Westbound Bennett St @ Nelson Ave";49.225276;-122.995659
"110";1;47;"Southbound Bonsor Ave @ Bennett St";49.224817;-122.997189
"110";1;48;"Westbound Central Blvd @ Bonsor Ave";49.223785;-122.99906
"110";1;49;"Westbound Central Blvd @ 4500 Block";49.224507;-123.000438
"110";1;50;"Metrotown Station @ Bay 1";49.226277;-123.003299
"112";0;1;"Edmonds Station @ Bay 5";49.212185;-122.95867
"112";0;2;"Southbound Griffiths Dr @ Southpoint Dr";49.210902;-122.955497
"112";0;3;"Eastbound 14 Ave @ Griffiths Dr";49.210392;-122.953152
"112";0;4;"Eastbound 14 Ave @ 15 St";49.214391;-122.946489
"112";0;5;"Eastbound 14 Ave @ Kingsway";49.21627;-122.943021
"112";0;6;"Southbound Kingsway @ 12 Ave";49.214565;-122.939633
"112";0;7;"Southbound 12 St @ London St";49.212449;-122.936713
"112";0;8;"Southbound 12 St @ 8th Ave";49.210241;-122.933947
"112";0;9;"Southbound 12 St @ 7th Ave";49.208748;-122.932063
"112";0;10;"Southbound 12 St @ 6th Ave";49.207236;-122.930196
"112";0;11;"Southbound 12 St @ 5th Ave";49.205909;-122.9285
"112";0;12;"Southbound 12 St @ 4th Ave";49.204496;-122.926726
"112";0;13;"Southbound 12 St @ 3rd Ave";49.202926;-122.924754
"112";0;14;"Southbound 12 St @ Queens Ave";49.20182;-122.923185
"112";0;15;"New Westminster Station @ Bay 10";49.201085;-122.914339
"112";1;1;"New Westminster Station @ Bay 10";49.201085;-122.914339
"112";1;2;"Westbound Columbia St @ 10 St";49.20022;-122.916234
"112";1;3;"Westbound Columbia St @ Royal Ave";49.200396;-122.919036
"112";1;4;"Northbound 12 St @ Queens Ave";49.201922;-122.923059
"112";1;5;"Northbound 12 St @ 3rd Ave";49.203451;-122.925157
"112";1;6;"Northbound 12 St @ 4th Ave";49.204921;-122.927008
"112";1;7;"Northbound 12 St @ 5th Ave";49.206465;-122.928955
"112";1;8;"Northbound 12 St @ Nanaimo St";49.208439;-122.931438
"112";1;9;"Northbound 12 St @ 7th Ave";49.209189;-122.932386
"112";1;10;"Northbound 12 St @ 8th Ave";49.210819;-122.934416
"112";1;11;"Northbound 12 St @ Dublin St";49.212308;-122.936292
"112";1;12;"Northbound 12 St @ 10 Ave";49.213306;-122.937545
"112";1;13;"Northbound Kingsway @ 12 Ave";49.214394;-122.939099
"112";1;14;"Westbound 14 Ave @ Kingsway";49.216172;-122.94345
"112";1;15;"Westbound 14th Ave @ 15th St";49.213997;-122.948
"112";1;16;"Westbound 14 Ave @ Griffiths Dr";49.210182;-122.953538
"112";1;17;"Northbound Griffiths Dr @ Southpoint Dr";49.211497;-122.955798
"112";1;18;"Edmonds Station @ Bay 5";49.212185;-122.95867
"116";0;1;"Metrotown Station @ Bay 12";49.225643;-123.003278
"116";0;2;"Eastbound Central Blvd @ 4500 Block";49.224203;-123.000304
"116";0;3;"Westbound Imperial St @ Waverley Ave";49.222;-122.998195
"116";0;4;"Westbound Imperial St @ Frederick Ave";49.222;-123.001621
"116";0;5;"Westbound Imperial St @ Dow Ave";49.222001;-123.003694
"116";0;6;"Southbound Sussex Ave @ Imperial St";49.221363;-123.005145
"116";0;7;"Southbound Sussex Ave @ Hurst St";49.220021;-123.005099
"116";0;8;"Southbound Sussex Ave @ Victory St";49.218151;-123.005074
"116";0;9;"Southbound Sussex Ave @ Irmin St";49.216133;-123.005029
"116";0;10;"Southbound Sussex Ave @ Rumble St";49.21459;-123.004999
"116";0;11;"Westbound Portland St @ Sussex Ave";49.212239;-123.005792
"116";0;12;"Westbound Portland St @ McKay Ave";49.212271;-123.009009
"116";0;13;"Southbound Patterson Ave @ Winnifred St";49.21108;-123.012496
"116";0;14;"Westbound Marine Dr @ Patterson Ave";49.209131;-123.013786
"116";0;15;"Southbound Roseberry Ave @ Keith St";49.206391;-123.015277
"116";0;16;"Southbound Boundary Rd @ E Kent Ave";49.20373;-123.023457
"116";0;17;"Eastbound North Fraser Way @ 3700 Block";49.20204;-123.021851
"116";0;18;"Eastbound North Fraser Way @ Fraserwood Court";49.201108;-123.017666
"116";0;19;"Eastbound North Fraser Way @ Fraserton Court";49.200272;-123.0139
"116";0;20;"Eastbound North Fraser Way @ Glenlyon Parkway West";49.200053;-123.009524
"116";0;21;"Eastbound North Fraser Way @ 5000 Block";49.200111;-123.004741
"116";0;22;"Eastbound North Fraser Way @ 5100 Block";49.199096;-123.000877
"116";0;23;"Eastbound North Fraser Way @ Glenlyon Parkway East";49.196331;-122.996932
"116";0;24;"Eastbound North Fraser Way @ Byrne Rd";49.194396;-122.994459
"116";0;25;"Eastbound North Fraser Way @ Tillicum St";49.189656;-122.988442
"116";0;26;"Eastbound North Fraser Way @ 8000 Block";49.188967;-122.98073
"116";0;27;"Eastbound North Fraser Way @ Wiggins St";49.191324;-122.975455
"116";0;28;"Eastbound North Fraser Way @ 8200 Block";49.192522;-122.973314
"116";0;29;"Eastbound North Fraser Way @ Glenwood Dr";49.194501;-122.969672
"116";0;30;"Northbound Marine Way @ Market Crossing";49.200254;-122.97942
"116";0;31;"Northbound Byrne Rd @ Marine Way";49.202444;-122.980895
"116";0;32;"Eastbound Southridge Dr @ Marine Dr";49.204851;-122.975514
"116";0;33;"Eastbound Southridge Dr @ Byrnepark Dr";49.205619;-122.967999
"116";0;34;"Eastbound Southridge Dr @ 6700 Block";49.204111;-122.956692
"116";0;35;"Northbound Griffiths Dr @ 10 Ave";49.206235;-122.952433
"116";0;36;"Northbound Griffiths Dr @ 14 Ave";49.2102;-122.954091
"116";0;37;"Northbound Griffiths Dr @ Southpoint Dr";49.211497;-122.955798
"116";0;38;"Edmonds Station @ Bay 6";49.212256;-122.958512
"116";1;1;"Edmonds Station @ Bay 6";49.212256;-122.958512
"116";1;2;"Southbound Griffiths Dr @ Southpoint Dr";49.210902;-122.955497
"116";1;3;"Southbound Griffiths Dr @ 14 Ave";49.209454;-122.953563
"116";1;4;"Southbound Griffiths Dr @ Southridge Dr";49.206149;-122.952684
"116";1;5;"Westbound Southridge Dr @ 6600 Block";49.204888;-122.95922
"116";1;6;"Westbound Southridge Dr @ Byrnepark Dr";49.205818;-122.968894
"116";1;7;"Southbound Byrne Rd @ Meadow Ave";49.204316;-122.977921
"116";1;8;"Southbound Marine Way @ Market Crossing";49.19909;-122.978586
"116";1;9;"Westbound North Fraser Way @ Meadow Ave";49.195234;-122.96929
"116";1;10;"Westbound North Fraser Way @ 8200 Block";49.193424;-122.972034
"116";1;11;"Westbound North Fraser Way @ Wiggins St";49.191133;-122.976246
"116";1;12;"Westbound North Fraser Way @ 8000 Block";49.188912;-122.982503
"116";1;13;"Westbound North Fraser Way @ Tillicum St";49.190273;-122.988946
"116";1;14;"Westbound North Fraser Way @ Byrne Rd";49.195504;-122.995601
"116";1;15;"Westbound North Fraser Way @ Glenlyon Parkway East";49.197454;-122.998035
"116";1;16;"Westbound North Fraser Way @ 5100 Block";49.199471;-123.001482
"116";1;17;"Westbound North Fraser Way @ 4300 Block";49.20024;-123.005536
"116";1;18;"Westbound North Fraser Way @ Glenlyon Parkway West";49.200252;-123.010666
"116";1;19;"Westbound North Fraser Way @ Northbrook Court";49.200729;-123.015264
"116";1;20;"Westbound North Fraser Way @ Fraserwood Court";49.20149;-123.018581
"116";1;21;"Northbound Boundary Rd @ E Kent Ave North";49.203898;-123.023178
"116";1;22;"Northbound Greenall Ave @ Marine Way";49.206144;-123.017836
"116";1;23;"Northbound Roseberry Ave @ Keith St";49.207207;-123.015048
"116";1;24;"Westbound Marine Dr @ Greenall Ave";49.208428;-123.017297
"116";1;25;"Northbound Joffre Ave @ Maple Tree Lane";49.209345;-123.019766
"116";1;26;"Northbound Joffre Ave @ Carson St";49.210668;-123.019815
"116";1;27;"Northbound Joffre Ave @ Clinton St";49.213088;-123.02068
"116";1;28;"Eastbound Rumble St @ Joffre Ave";49.214742;-123.020308
"116";1;29;"Eastbound Rumble St @ Greenall Ave";49.214764;-123.017582
"116";1;30;"Eastbound Rumble St @ Patterson Ave";49.214786;-123.011839
"116";1;31;"Eastbound Rumble St @ McKay Ave";49.214779;-123.008307
"116";1;32;"Northbound Sussex Ave @ Rumble St";49.215135;-123.004858
"116";1;33;"Northbound Sussex Ave @ Watling St";49.216898;-123.004891
"116";1;34;"Northbound Sussex Ave @ Victory St";49.218708;-123.004916
"116";1;35;"Northbound Sussex Ave @ Hurst St";49.220512;-123.004945
"116";1;36;"Westbound Imperial St @ McKay Ave";49.222002;-123.00948
"116";1;37;"Northbound Willingdon Extension @ Imperial St";49.222441;-123.01246
"116";1;38;"Northbound Willingdon Ave @ Mayberry St";49.225697;-123.009541
"116";1;39;"Eastbound Central Blvd @ Willingdon Ave";49.227271;-123.006974
"116";1;40;"Metrotown Station @ Bay 10";49.22639;-123.004928
"116";1;41;"Metrotown Station @ Bay 12";49.225643;-123.003278
"119";0;1;"Metrotown Station @ Bay 6";49.225986;-123.002908
"119";0;2;"Northbound McKay Ave @ Kingsborough St";49.228218;-123.004017
"119";0;3;"Eastbound Kingsway @ McKay Ave";49.229202;-123.002247
"119";0;4;"Eastbound Kingsway @ Sussex Ave";49.227881;-122.998248
"119";0;5;"Eastbound Kingsway @ Nelson Ave";49.226457;-122.993821
"119";0;6;"Eastbound Kingsway @ Marlborough Ave";49.225628;-122.991139
"119";0;7;"Eastbound Kingsway @ Royal Oak Ave";49.224712;-122.988392
"119";0;8;"Eastbound Kingsway @ Grimmer St";49.223354;-122.984101
"119";0;9;"Eastbound Kingsway @ Imperial St";49.222233;-122.980611
"119";0;10;"Eastbound Kingsway @ Waltham Ave";49.220689;-122.975658
"119";0;11;"Eastbound Kingsway @ Gilley Ave";49.219703;-122.97143
"119";0;12;"Eastbound Kingsway @ Arcola St";49.218855;-122.96752
"119";0;13;"Eastbound Kingsway @ Sperling Ave";49.218308;-122.964089
"119";0;14;"Eastbound Kingsway @ Griffiths Dr";49.218364;-122.959902
"119";0;15;"Eastbound Kingsway @ Salisbury Ave";49.21835;-122.957133
"119";0;16;"Eastbound Kingsway @ Hall Ave";49.218273;-122.953325
"119";0;17;"Westbound Edmonds St @ Kingsway";49.217441;-122.953061
"119";0;18;"Westbound Edmonds St @ Salisbury Ave";49.215403;-122.956871
"119";0;19;"Edmonds Station @ Bay 3";49.212031;-122.958288
"119";1;1;"Edmonds Station @ Bay 3";49.212031;-122.958288
"119";1;2;"Eastbound Edmonds St @ 18 St";49.215363;-122.95647
"119";1;3;"Eastbound Edmonds St @ 16 St";49.217231;-122.953118
"119";1;4;"Westbound Kingsway @ Walker Ave";49.21848;-122.953152
"119";1;5;"Westbound Kingsway @ Salisbury Ave";49.218535;-122.957951
"119";1;6;"Westbound Kingsway @ Griffiths Ave";49.21854;-122.961424
"119";1;7;"Westbound Kingsway @ Sperling Ave";49.218571;-122.96522
"119";1;8;"Westbound Kingsway @ Arcola St";49.219403;-122.96918
"119";1;9;"Westbound Kingsway @ Gilley Ave";49.220162;-122.97264
"119";1;10;"Westbound Kingsway @ Waltham Ave";49.220877;-122.975623
"119";1;11;"Westbound Kingsway @ Imperial St";49.222234;-122.979991
"119";1;12;"Westbound Kingsway @ Macpherson Ave";49.223353;-122.983473
"119";1;13;"Westbound Kingsway @ Denbigh Ave";49.224004;-122.985508
"119";1;14;"Westbound Kingsway @ Royal Oak Ave";49.22532;-122.989612
"119";1;15;"Westbound Kingsway @ Marlborough Ave";49.226121;-122.992052
"119";1;16;"Westbound Kingsway @ Nelson Ave";49.227163;-122.995118
"119";1;17;"Westbound Kingsway @ McMurray Ave";49.227685;-122.996794
"119";1;18;"Westbound Kingsway @ Sussex Ave";49.228641;-122.999701
"119";1;19;"Southbound McKay Ave @ Kingsway";49.229088;-123.003381
"119";1;20;"Southbound McKay Ave @ Kingsborough St";49.227578;-123.005015
"119";1;21;"Metrotown Station @ Bay 10";49.22639;-123.004928
"119";1;22;"Metrotown Station @ Bay 1";49.226277;-123.003299
"123";0;1;"Brentwood Station @ Bay 8";49.267684;-123.002954
"123";0;2;"Brentwood Station @ Bay 7";49.266007;-123.003347
"123";0;3;"Southbound Willingdon Ave @ Dawson St";49.264033;-123.003368
"123";0;4;"Southbound Willingdon Ave @ Still Creek Dr";49.261672;-123.003477
"123";0;5;"Eastbound Canada Way @ Willingdon Ave";49.254507;-123.003569
"123";0;6;"Eastbound Canada Way @ Beta Ave";49.254571;-122.997559
"123";0;7;"Eastbound Canada Way @ Wayburne Dr";49.254305;-122.992775
"123";0;8;"Southbound Canada Way @ Hardwick St";49.252217;-122.989142
"123";0;9;"Eastbound Canada Way @ 4800 Block";49.249929;-122.985898
"123";0;10;"Eastbound Canada Way @ Kincaid St";49.247739;-122.978665
"123";0;11;"Eastbound Canada Way @ Deer Lake Parkway";49.245055;-122.974083
"123";0;12;"Eastbound Canada Way @ Ledger Ave";49.243978;-122.9723
"123";0;13;"Eastbound Canada Way @ Century Park Way";49.242011;-122.969218
"123";0;14;"Eastbound Canada Way @ Sperling Ave";49.239512;-122.963822
"123";0;15;"Eastbound Canada Way @ Rugby St";49.238484;-122.959861
"123";0;16;"Southbound Canada Way @ Haszard St";49.236789;-122.956115
"123";0;17;"Southbound Canada Way @ Burris St";49.234871;-122.953988
"123";0;18;"Southbound Canada Way @ Stanley Cres";49.232238;-122.950937
"123";0;19;"Southbound Canada Way @ Morley Dr";49.230217;-122.948543
"123";0;20;"Southbound Canada Way @ Imperial St";49.228803;-122.946882
"123";0;21;"Southbound Canada Way @ Ulster St";49.22719;-122.944919
"123";0;22;"Southbound Canada Way @ Rosewood St";49.225564;-122.943012
"123";0;23;"Southbound Canada Way @ Edmonds St";49.22343;-122.940419
"123";0;24;"Southbound Canada Way @ 18 Ave";49.222565;-122.939172
"123";0;25;"Southbound Canada Way @ 16 Ave";49.221406;-122.937665
"123";0;26;"Southbound Canada Way @ 14 Ave";49.219738;-122.935427
"123";0;27;"Southbound Canada Way @ 12 Ave";49.218044;-122.933166
"123";0;28;"Southbound 8th St @ 10 Ave";49.216549;-122.931135
"123";0;29;"Southbound 8th St @ 8th Ave";49.213493;-122.927156
"123";0;30;"Southbound 8th St @ 7th Ave";49.212073;-122.925333
"123";0;31;"Southbound 8th St @ 5th Ave";49.209506;-122.922026
"123";0;32;"Southbound 8th St @ 4th Ave";49.207915;-122.920024
"123";0;33;"Southbound 8th St @ 3rd Ave";49.206465;-122.918199
"123";0;34;"Southbound 8th St @ Queens Ave";49.204869;-122.916193
"123";0;35;"Southbound 8th St @ Royal Ave";49.203882;-122.914965
"123";0;36;"New Westminster Station @ Unloading Only";49.200807;-122.912785
"123";1;1;"New Westminster Station @ Bay 4";49.20088;-122.912854
"123";1;2;"Northbound 8th St @ Royal Ave";49.20405;-122.914885
"123";1;3;"Northbound 8th St @ Queens Ave";49.205416;-122.9166
"123";1;4;"Northbound 8th St @ 3rd Ave";49.206953;-122.918538
"123";1;5;"Northbound 8th St @ 4th Ave";49.20815;-122.920044
"123";1;6;"Northbound 8th St @ 5th Ave";49.210061;-122.922436
"123";1;7;"Northbound 8th St @ 6th Ave";49.211541;-122.924297
"123";1;8;"Northbound 8th St @ 7th Ave";49.212787;-122.925861
"123";1;9;"Northbound 8th St @ 8th Ave";49.214331;-122.927874
"123";1;10;"Northbound 8th St @ 10 Ave";49.216422;-122.930621
"123";1;11;"Northbound Canada Way @ 12 Ave";49.218787;-122.933888
"123";1;12;"Northbound Canada Way @ 14 Ave";49.220335;-122.93595
"123";1;13;"Northbound Canada Way @ 16 Ave";49.22192;-122.938077
"123";1;14;"Northbound Canada Way @ 18 Ave";49.22316;-122.939669
"123";1;15;"Northbound Canada Way @ Wedgewood St";49.224812;-122.941775
"123";1;16;"Northbound Canada Way @ Elwell St";49.226926;-122.944374
"123";1;17;"Northbound Canada Way @ Goodlad St";49.228017;-122.945639
"123";1;18;"Northbound Canada Way @ Imperial St";49.229858;-122.947832
"123";1;19;"Westbound Canada Way @ Morley St";49.231054;-122.949269
"123";1;20;"Northbound Canada Way @ Stanley St";49.233087;-122.951668
"123";1;21;"Northbound Canada Way @ Burris St";49.236223;-122.955117
"123";1;22;"Westbound Canada Way @ Chiselhampton St";49.238982;-122.961114
"123";1;23;"Westbound Canada Way @ Sperling Ave";49.240075;-122.965534
"123";1;24;"Westbound Canada Way @ Ledger Ave";49.244602;-122.972866
"123";1;25;"Westbound Canada Way @ Norland Ave";49.245954;-122.975378
"123";1;26;"Westbound Canada Way @ Spruce St";49.247632;-122.978102
"123";1;27;"Westbound Canada Way @ Douglas Rd";49.249555;-122.981263
"123";1;28;"Westbound Canada Way @ 4800 Block";49.250077;-122.985904
"123";1;29;"Northbound Canada Way @ Hardwick St";49.252334;-122.988923
"123";1;30;"Westbound Canada Way @ Royal Oak Ave";49.253824;-122.989318
"123";1;31;"Westbound Canada Way @ Wayburne Dr";49.254779;-122.995127
"123";1;32;"Westbound Canada Way @ Beta Ave";49.254765;-122.9987
"123";1;33;"Westbound Canada Way @ Willingdon Ave";49.254741;-123.002423
"123";1;34;"Northbound Willingdon Ave @ Still Creek Dr";49.261653;-123.003137
"123";1;35;"Northbound Willingdon Ave @ Juneau St";49.263385;-123.003062
"123";1;36;"Brentwood Station @ Bay 8";49.267684;-123.002954
"128";0;1;"22nd Street Station @ Bay 8";49.199522;-122.950167
"128";0;2;"Eastbound 8th Ave @ 23 St";49.200284;-122.952972
"128";0;3;"Eastbound 8th Ave @ 22 St";49.200902;-122.951796
"128";0;4;"Eastbound 8th Ave @ 21 St";49.201938;-122.949878
"128";0;5;"Eastbound 8th Ave @ 20 St";49.203013;-122.947894
"128";0;6;"Eastbound 8th Ave @ 19 St";49.204196;-122.945706
"128";0;7;"Eastbound 8th Ave @ 18 St";49.205399;-122.943473
"128";0;8;"Eastbound 8th Ave @ 16 St";49.207123;-122.940278
"128";0;9;"Eastbound 8th Ave @ 14 St";49.208969;-122.936874
"128";0;10;"Eastbound 8th Ave @ 12 St";49.21066;-122.933714
"128";0;11;"Eastbound 8th Ave @ 10 St";49.212641;-122.930071
"128";0;12;"Eastbound 8th Ave @ 8th St";49.214252;-122.927079
"128";0;13;"Eastbound 8th Ave @ 6th St";49.216205;-122.923443
"128";0;14;"Eastbound 8th Ave @ 4th St";49.217552;-122.920951
"128";0;15;"Eastbound 8th Ave @ 2nd St";49.219577;-122.917194
"128";0;16;"Eastbound 8th Ave @ Park Cres";49.221478;-122.913518
"128";0;17;"Eastbound E 8th Ave @ McBride Blvd";49.222855;-122.910938
"128";0;18;"Eastbound E 8th Ave @ Cumberland St";49.224437;-122.908074
"128";0;19;"Eastbound E 8th Ave @ York St";49.225365;-122.906319
"128";0;20;"Eastbound E 8th Ave @ Chilliwack St";49.227389;-122.902493
"128";0;21;"Eastbound E 8th Ave @ Richmond St";49.229849;-122.897841
"128";0;22;"Eastbound E 8th Ave @ Buchanan Ave";49.230862;-122.895894
"128";0;23;"Eastbound Braid St @ E Columbia St";49.231544;-122.89214
"128";0;24;"Eastbound Braid St @ Fader St";49.231518;-122.889692
"128";0;25;"Braid Station @ Bay 6";49.232968;-122.882501
"128";1;1;"Braid Station @ Bay 6";49.232968;-122.882501
"128";1;2;"Westbound Braid St @ Rousseau St";49.231649;-122.886831
"128";1;3;"Westbound Braid St @ Fader St";49.231654;-122.8906
"128";1;4;"Westbound Braid St @ E Columbia St";49.231798;-122.893814
"128";1;5;"Westbound E 8th Ave @ Buchanan Ave";49.230647;-122.896592
"128";1;6;"Westbound E 8th Ave @ Richmond St";49.229236;-122.899262
"128";1;7;"Westbound E 8th Ave @ Cherry St";49.228005;-122.901597
"128";1;8;"Westbound E 8th Ave @ William St";49.226229;-122.904951
"128";1;9;"Westbound E 8th Ave @ York St";49.22515;-122.906997
"128";1;10;"Westbound E 8th Ave @ Cumberland St";49.224097;-122.90898
"128";1;11;"Westbound 8th Ave @ McBride Blvd";49.222006;-122.912958
"128";1;12;"Westbound 8th Ave @ 2nd St";49.219151;-122.918227
"128";1;13;"Westbound 8th Ave @ 4th St";49.217284;-122.921705
"128";1;14;"Westbound 8th Ave @ 6th St";49.215907;-122.924286
"128";1;15;"Westbound 8th Ave @ 8th St";49.213832;-122.92809
"128";1;16;"Westbound 8th Ave @ 10 St";49.212274;-122.931005
"128";1;17;"Westbound 8th Ave @ 12 St";49.210641;-122.934041
"128";1;18;"Westbound 8th Ave @ 14 St";49.208697;-122.937613
"128";1;19;"Westbound 8th Ave @ 16 St";49.206854;-122.940985
"128";1;20;"Westbound 8th Ave @ 18 St";49.205023;-122.944427
"128";1;21;"Westbound 8th Ave @ 19 St";49.203929;-122.946466
"128";1;22;"Westbound 8th Ave @ 20 St";49.202694;-122.948761
"128";1;23;"Westbound 8th Ave @ 22 St";49.200666;-122.952508
"128";1;24;"22nd Street Station @ Unloading Only";49.199857;-122.949711
"129";0;1;"Patterson Station @ Bay 1";49.229426;-123.012448
"129";0;2;"Northbound Patterson Ave @ Kingsway";49.232043;-123.01255
"129";0;3;"Northbound Barker Ave @ Grange St";49.233208;-123.01101
"129";0;4;"Northbound Patterson Ave @ Sardis St";49.234332;-123.013418
"129";0;5;"Northbound Patterson Ave @ Bond St";49.235727;-123.013422
"129";0;6;"Northbound Patterson Ave @ Burke St";49.237267;-123.013422
"129";0;7;"Northbound Patterson Ave @ Hazelwood Cres";49.239064;-123.013426
"129";0;8;"Northbound Patterson Ave @ Castlewood Cres";49.240744;-123.013407
"129";0;9;"Northbound Patterson Ave @ Moscrop St";49.242679;-123.013419
"129";0;10;"Westbound Moscrop St @ Inman Ave";49.243026;-123.017349
"129";0;11;"Northbound Smith Ave @ Moscrop St";49.243373;-123.01973
"129";0;12;"Northbound Smith Ave @ Fir St";49.24545;-123.019724
"129";0;13;"Northbound Smith Ave @ Spruce St";49.247336;-123.019726
"129";0;14;"Eastbound Kincaid St @ Smith Ave";49.248763;-123.019355
"129";0;15;"Eastbound Kincaid St @ MacDonald Ave";49.248894;-123.014612
"129";0;16;"Northbound Gilmore Way @ Sanderson Way";49.250056;-123.010288
"129";0;17;"Northbound Gilmore Way @ Canada Way";49.253243;-123.010616
"129";0;18;"Northbound Gilmore Diversion @ Canada Way";49.255589;-123.01105
"129";0;19;"Northbound Gilmore Diversion @ Myrtle St";49.260509;-123.013819
"129";0;20;"Gilmore Station @ Bay 1";49.264851;-123.014187
"129";0;21;"Northbound Gilmore Ave @ Halifax St";49.268646;-123.014167
"129";0;22;"Northbound Gilmore Ave @ 1st Ave";49.269681;-123.01408
"129";0;23;"Northbound Gilmore Ave @ Kitchener St";49.272367;-123.014164
"129";0;24;"Northbound Gilmore Ave @ William St";49.274137;-123.014169
"129";0;25;"Northbound Gilmore Ave @ Parker St";49.275977;-123.01418
"129";0;26;"Northbound Gilmore Ave @ Union St";49.277749;-123.014142
"129";0;27;"Northbound Gilmore Ave @ Frances St";49.279524;-123.014114
"129";0;28;"Eastbound Hastings St @ Gilmore Ave";49.280953;-123.013446
"129";0;29;"Eastbound Hastings St @ Madison Ave";49.280948;-123.008143
"129";0;30;"Eastbound Hastings St @ Willingdon Ave";49.280927;-123.005171
"129";0;31;"Eastbound Hastings St @ Alpha";49.2809;-123.00183
"129";0;32;"Eastbound Hastings St @ Beta Ave";49.280896;-122.996968
"129";0;33;"Eastbound Hastings St @ Hythe Ave";49.280184;-122.989776
"129";0;34;"Eastbound Hastings St @ Springer Ave";49.280252;-122.987294
"129";0;35;"Eastbound Hastings St @ Howard Ave";49.280242;-122.983238
"129";0;36;"Southbound Holdom Ave @ Hastings St";49.279971;-122.981029
"129";0;37;"Southbound Holdom Ave @ Georgia St";49.277852;-122.981038
"129";0;38;"Southbound Holdom Ave @ Parker St";49.275162;-122.981168
"129";0;39;"Southbound Holdom Ave @ Charles St";49.272526;-122.981223
"129";0;40;"Southbound Holdom Ave @ Halifax St";49.267723;-122.981243
"129";0;41;"Southbound Holdom Ave @ Lougheed Hwy";49.264489;-122.981313
"129";1;1;"Northbound Holdom Ave @ Lougheed Hwy";49.264688;-122.981032
"129";1;2;"Northbound Holdom Ave @ Sumas St";49.266541;-122.981093
"129";1;3;"Northbound Holdom Ave @ Halifax St";49.268316;-122.981077
"129";1;4;"Northbound Holdom Ave @ Winch St";49.270142;-122.98107
"129";1;5;"Northbound Holdom Ave @ Kitchener St";49.271944;-122.981061
"129";1;6;"Northbound Holdom Ave @ Curtis St";49.276101;-122.980894
"129";1;7;"Northbound Holdom Ave @ Union St";49.277579;-122.980878
"129";1;8;"Northbound Holdom Ave @ Frances St";49.279422;-122.980857
"129";1;9;"Westbound Hastings St @ Holdom Ave";49.280431;-122.981804
"129";1;10;"Westbound Hastings St @ Howard Ave";49.28043;-122.984501
"129";1;11;"Westbound Hastings St @ Springer Ave";49.280441;-122.988354
"129";1;12;"Westbound Hastings St @ Hythe Ave";49.28024;-122.991013
"129";1;13;"Westbound Hastings St @ Gamma Ave";49.281077;-122.995896
"129";1;14;"Westbound Hastings St @ Alpha Ave";49.281099;-123.000747
"129";1;15;"Westbound Hastings St @ Willingdon Ave";49.281129;-123.002663
"129";1;16;"Westbound Hastings St @ Madison Ave";49.281127;-123.009258
"129";1;17;"Southbound Gilmore Ave @ Hastings St";49.280694;-123.014293
"129";1;18;"Southbound Gilmore Ave @ Georgia St";49.278057;-123.01431
"129";1;19;"Southbound Gilmore Ave @ Venables St";49.276367;-123.014344
"129";1;20;"Southbound Gilmore Ave @ William St";49.273628;-123.014338
"129";1;21;"Southbound Gilmore Ave @ Kitchener St";49.271857;-123.014355
"129";1;22;"Southbound Gilmore Ave @ Douglas Rd";49.269887;-123.014355
"129";1;23;"Southbound Gilmore Ave @ 2nd Ave";49.267781;-123.014362
"129";1;24;"Gilmore Station @ Bay 2";49.264143;-123.014452
"129";1;25;"Southbound Gilmore Diversion @ Myrtle St";49.260495;-123.014128
"129";1;26;"Southbound Gilmore Diversion @ Manor St";49.25662;-123.012026
"129";1;27;"Southbound Gilmore Way @ Canada Way";49.254132;-123.010837
"129";1;28;"Southbound Gilmore Way @ 3500 Block";49.25259;-123.010799
"129";1;29;"Westbound Kincaid St @ Gilmore Way";49.249354;-123.01124
"129";1;30;"Westbound Kincaid St @ Ingleton Ave";49.248874;-123.01717
"129";1;31;"Southbound Smith Ave @ Kincaid St";49.24847;-123.019893
"129";1;32;"Southbound Smith Ave @ Spruce St";49.24677;-123.019897
"129";1;33;"Southbound Smith Ave @ Fir St";49.244604;-123.019856
"129";1;34;"Eastbound Moscrop St @ Smith Ave";49.242913;-123.019292
"129";1;35;"Southbound Patterson Ave @ Moscrop St";49.24261;-123.013599
"129";1;36;"Southbound Patterson Ave @ Castlewood Cres";49.240457;-123.013564
"129";1;37;"Southbound Patterson Ave @ Brandon St";49.238079;-123.013573
"129";1;38;"Southbound Patterson Ave @ Burke St";49.236624;-123.013568
"129";1;39;"Southbound Patterson Ave @ Bond St";49.235217;-123.013571
"129";1;40;"Southbound Patterson Ave @ Sardis St";49.234071;-123.013572
"129";1;41;"Southbound Patterson Ave @ Kingsway";49.232183;-123.012742
"129";1;42;"Patterson Station @ Bay 2";49.229312;-123.011509
"129";1;43;"Westbound Beresford St @ Willingdon Ave";49.227715;-123.00874
"129";1;44;"Patterson Station @ Bay 1";49.229426;-123.012448
"130";0;1;"Metrotown Station @ Bay 4";49.225794;-123.002518
"130";0;2;"Northbound Willingdon Ave @ Central Blvd";49.228005;-123.007012
"130";0;3;"Northbound Willingdon Ave @ Kingsborough St";49.229033;-123.005865
"130";0;4;"Northbound Willingdon Ave @ Grafton St";49.232393;-123.003238
"130";0;5;"Northbound Willingdon Ave @ Bond St";49.235911;-123.003266
"130";0;6;"Northbound Willingdon Ave @ Burke St";49.237319;-123.003261
"130";0;7;"Northbound Willingdon Ave @ Grassmere St";49.238854;-123.003286
"130";0;8;"Northbound Willingdon Ave @ Price St";49.240537;-123.003294
"130";0;9;"Northbound Willingdon Ave @ Deer Lake Parkway";49.243312;-123.003169
"130";0;10;"Northbound Willingdon Ave @ Sanderson Way";49.247628;-123.003869
"130";0;11;"Northbound Willingdon Ave @ Goard Way";49.251498;-123.004148
"130";0;12;"Northbound Willingdon Ave @ Canada Way";49.254192;-123.004109
"130";0;13;"Northbound Willingdon Ave @ Still Creek Dr";49.261653;-123.003137
"130";0;14;"Northbound Willingdon Ave @ Juneau St";49.263385;-123.003062
"130";0;15;"Brentwood Station @ Bay 1";49.267148;-123.002997
"130";0;16;"Northbound Willingdon Ave @ Midlawn Dr";49.271387;-123.003117
"130";0;17;"Northbound Willingdon Ave @ William St";49.2741;-123.003095
"130";0;18;"Northbound Willingdon Ave @ Parker St";49.275944;-123.003113
"130";0;19;"Northbound Willingdon Ave @ Georgia St";49.278616;-123.003062
"130";0;20;"Westbound Hastings St @ Willingdon Ave-";49.281121;-123.003852
"130";0;21;"Westbound Hastings St @ Madison Ave";49.281127;-123.009258
"130";0;22;"Westbound Hastings St @ MacDonald Ave";49.281164;-123.016705
"130";0;23;"Westbound Hastings St @ Ingleton Ave";49.281179;-123.01911
"130";0;24;"Westbound Hastings St @ Esmond Ave";49.281222;-123.021845
"130";0;25;"Kootenay Loop @ Bay 4";49.281365;-123.025918
"130";1;1;"Phibbs Exchange @ Bay 10";49.305231;-123.028334
"130";1;2;"Eastbound E Hastings St @ Cassiar St";49.281014;-123.029969
"130";1;3;"Kootenay Loop @ Bay 8";49.281026;-123.024952
"130";1;4;"Eastbound Hastings St @ Ingleton Ave";49.280991;-123.018168
"130";1;5;"Eastbound Hastings St @ MacDonald Ave";49.280966;-123.015771
"130";1;6;"Eastbound Hastings St @ Gilmore Ave";49.280953;-123.013446
"130";1;7;"Eastbound Hastings St @ Madison Ave";49.280948;-123.008143
"130";1;8;"Eastbound Hastings St @ Willingdon Ave";49.280927;-123.005171
"130";1;9;"Southbound Willingdon Ave @ Pender St";49.280274;-123.003234
"130";1;10;"Southbound Willingdon Ave @ Frances St";49.278815;-123.003254
"130";1;11;"Southbound Willingdon Ave @ Union St";49.277102;-123.003279
"130";1;12;"Southbound Willingdon Ave @ Parker St";49.275223;-123.00331
"130";1;13;"Southbound Willingdon Ave @ William St";49.273455;-123.003294
"130";1;14;"Southbound Willingdon Ave @ Kitchener St";49.271623;-123.003302
"130";1;15;"Brentwood Station @ Bay 6";49.267569;-123.003374
"130";1;16;"Brentwood Station @ Bay 7";49.266007;-123.003347
"130";1;17;"Southbound Willingdon Ave @ Dawson St";49.264033;-123.003368
"130";1;18;"Southbound Willingdon Ave @ Still Creek Dr";49.261672;-123.003477
"130";1;19;"Southbound Willingdon Ave @ Canada Way";49.254039;-123.004529
"130";1;20;"Southbound Willingdon Ave @ Goard Way";49.252275;-123.004486
"130";1;21;"Southbound Willingdon Ave @ Sanderson Way";49.247982;-123.004458
"130";1;22;"Southbound Willingdon Ave @ Moscrop St";49.242583;-123.003491
"130";1;23;"Southbound Willingdon Ave @ Wildwood Cres";49.239901;-123.003479
"130";1;24;"Southbound Willingdon Ave @ Price Cres";49.238369;-123.003467
"130";1;25;"Southbound Willingdon Ave @ Burke St";49.236702;-123.003467
"130";1;26;"Southbound Willingdon Ave @ Sardis St";49.233488;-123.003443
"130";1;27;"Southbound Willingdon Ave @ Kemp St";49.229565;-123.005715
"130";1;28;"Eastbound Central Blvd @ Willingdon Ave";49.227271;-123.006974
"130";1;29;"Metrotown Station @ Bay 10";49.22639;-123.004928
"130";1;30;"Metrotown Station @ Bay 1";49.226277;-123.003299
"131";0;1;"Kootenay Loop @ Bay 1";49.281403;-123.025625
"131";0;2;"Northbound Boundary Rd @ Albert St";49.28231;-123.02331
"131";0;3;"Northbound Boundary Rd @ Triumph St";49.284094;-123.023268
"131";0;4;"Northbound N Boundary Rd @ Oxford St";49.285924;-123.023238
"131";0;5;"Northbound N Boundary Rd @ Eton St";49.287718;-123.023214
"131";0;6;"Southbound N Esmond Ave @ McGill St";49.287961;-123.020951
"131";0;7;"Eastbound Eton St @ N Ingleton Ave";49.287392;-123.018147
"131";0;8;"Eastbound Eton St @ N MacDonald Ave";49.287379;-123.015799
"131";0;9;"Eastbound Eton St @ N Gilmore Ave";49.287363;-123.013693
"131";0;10;"Eastbound Eton St @ N Carleton Ave";49.287342;-123.010734
"131";0;11;"Eastbound Eton St @ N Madison Ave";49.287303;-123.008078
"131";0;12;"Southbound N Willingdon Ave @ Cambridge St";49.286146;-123.003094
"131";0;13;"Southbound Willingdon Ave @ Dundas St";49.284404;-123.00312
"131";0;14;"Southbound Willingdon Ave @ Pandora St";49.282482;-123.003151
"131";0;15;"Westbound Hastings St @ Willingdon Ave-";49.281121;-123.003852
"131";0;16;"Westbound Hastings St @ Madison Ave";49.281127;-123.009258
"131";0;17;"Westbound Hastings St @ Gilmore Ave";49.281146;-123.013374
"131";0;18;"Northbound MacDonald Ave @ Albert St";49.281716;-123.016137
"131";1;1;"Northbound MacDonald Ave @ Albert St";49.281716;-123.016137
"131";1;2;"Eastbound Hastings St @ Gilmore Ave";49.280953;-123.013446
"131";1;3;"Eastbound Hastings St @ Madison Ave";49.280948;-123.008143
"131";1;4;"Eastbound Hastings St @ Willingdon Ave";49.280927;-123.005171
"131";1;5;"Northbound Willingdon Ave @ Albert St";49.282191;-123.003044
"131";1;6;"Northbound Willingdon Ave @ Triumph St";49.283992;-123.003012
"131";1;7;"Northbound N Willingdon Ave @ Penzance Dr";49.2858;-123.002948
"131";1;8;"Westbound Eton St @ N Madison Ave";49.287403;-123.008917
"131";1;9;"Westbound Eton St @ N Carleton Ave";49.287419;-123.011609
"131";1;10;"Westbound Eton St @ N Gilmore Ave";49.287444;-123.014389
"131";1;11;"Westbound Eton St @ N MacDonald Ave";49.287464;-123.016452
"131";1;12;"Westbound McGill St @ N Esmond Ave";49.288414;-123.022039
"131";1;13;"Northbound N Boundary Rd @ Trinity St";49.289497;-123.023179
"131";1;14;"Southbound N Boundary Rd @ Eton St";49.287261;-123.02361
"131";1;15;"Southbound N Boundary Rd @ Cambridge St";49.286231;-123.023627
"131";1;16;"Southbound Boundary Rd @ Dundas St";49.284524;-123.023659
"131";1;17;"Southbound Boundary Rd @ Pandora St";49.282683;-123.023697
"131";1;18;"Kootenay Loop @ Bay 1";49.281403;-123.025625
"132";0;1;"Northbound MacDonald Ave @ Albert St";49.281716;-123.016137
"132";0;2;"Eastbound Hastings St @ Gilmore Ave";49.280953;-123.013446
"132";0;3;"Eastbound Hastings St @ Madison Ave";49.280948;-123.008143
"132";0;4;"Eastbound Hastings St @ Willingdon Ave";49.280927;-123.005171
"132";0;5;"Eastbound Hastings St @ Alpha";49.2809;-123.00183
"132";0;6;"Northbound Gamma Ave @ Albert St";49.282099;-122.99465
"132";0;7;"Northbound Gamma Ave @ Pandora St";49.283114;-122.994624
"132";0;8;"Northbound N Gamma Ave @ Empire Dr";49.285877;-122.994536
"132";0;9;"Eastbound Empire Dr @ Delta Ave";49.283521;-122.991608
"132";0;10;"Northbound Hythe Ave @ Empire Dr";49.283312;-122.990457
"132";0;11;"Eastbound Dundas St @ Hythe Ave";49.28445;-122.989844
"132";0;12;"Northbound N Glynde Ave @ Dundas St";49.284756;-122.989013
"132";0;13;"Eastbound Cambridge St @ N Glynde Ave";49.286326;-122.988457
"132";0;14;"Eastbound Cambridge St @ N Springer Ave";49.286306;-122.987186
"132";0;15;"Eastbound Cambridge St @ N Ranelagh Ave";49.286264;-122.985645
"132";0;16;"Eastbound Cambridge St @ N Grosvenor Ave";49.286257;-122.984345
"132";1;1;"Eastbound Cambridge St @ N Grosvenor Ave";49.286257;-122.984345
"132";1;2;"Westbound Dundas St @ N Howard Ave";49.284462;-122.984177
"132";1;3;"Westbound Dundas St @ N Springer Ave";49.284493;-122.988122
"132";1;4;"Westbound Dundas St @ N Hythe Ave";49.284554;-122.990254
"132";1;5;"Westbound Empire Dr @ Hythe Ave";49.283244;-122.990956
"132";1;6;"Westbound Empire Dr @ Delta Ave";49.284197;-122.992289
"132";1;7;"Southbound N Gamma Ave @ Cambridge St";49.285732;-122.994722
"132";1;8;"Southbound Gamma Ave @ Pandora St";49.282511;-122.994724
"132";1;9;"Westbound Hastings St @ Gamma Ave";49.281077;-122.995896
"132";1;10;"Westbound Hastings St @ Alpha Ave";49.281099;-123.000747
"132";1;11;"Westbound Hastings St @ Willingdon Ave";49.281129;-123.002663
"132";1;12;"Westbound Hastings St @ Madison Ave";49.281127;-123.009258
"132";1;13;"Westbound Hastings St @ Gilmore Ave";49.281146;-123.013374
"132";1;14;"Northbound MacDonald Ave @ Albert St";49.281716;-123.016137
"133";0;1;"Southbound Holdom Ave @ Lougheed Hwy";49.264489;-122.981313
"133";0;2;"Westbound Goring St @ Douglas Rd";49.263133;-122.98604
"133";0;3;"Southbound Douglas Rd @ Still Creek Ave";49.260445;-122.984344
"133";0;4;"Southbound Douglas Rd @ Regent St";49.258146;-122.983102
"133";0;5;"Southbound Douglas Rd @ Dominion St";49.256304;-122.982634
"133";0;6;"Southbound Douglas Rd @ Laurel St";49.25327;-122.982039
"133";0;7;"Southbound Douglas Rd @ Hardwick St";49.252094;-122.981855
"133";0;8;"Southbound Douglas Rd @ Sprott St";49.249427;-122.980959
"133";0;9;"Eastbound Canada Way @ Kincaid St";49.247739;-122.978665
"133";0;10;"Southbound Deer Lake Parkway @ Canada Way";49.244975;-122.97466
"133";0;11;"Bus Loop @ Burnaby City Hall";49.243262;-122.973407
"133";0;12;"Eastbound Canada Way @ Ledger Ave";49.243978;-122.9723
"133";0;13;"Eastbound Canada Way @ Century Park Way";49.242011;-122.969218
"133";0;14;"Eastbound Canada Way @ Sperling Ave";49.239512;-122.963822
"133";0;15;"Eastbound Canada Way @ Rugby St";49.238484;-122.959861
"133";0;16;"Southbound Canada Way @ Haszard St";49.236789;-122.956115
"133";0;17;"Westbound Burris St @ Canada Way";49.235262;-122.954974
"133";0;18;"Westbound Burris St @ Buckingham Ave";49.233656;-122.957861
"133";0;19;"Westbound Burris St @ Braemar Ave";49.232452;-122.96004
"133";0;20;"Westbound Burris St @ Malvern Ave";49.231088;-122.962511
"133";0;21;"Southbound Sperling Ave @ Oakland St";49.22919;-122.96486
"133";0;22;"Eastbound Stanley St @ Sperling Ave";49.227033;-122.964257
"133";0;23;"Southbound Walker Ave @ Stanley St";49.226903;-122.960724
"133";0;24;"Southbound Walker Ave @ Morley St";49.22502;-122.958429
"133";0;25;"Southbound Salisbury Ave @ Imperial St";49.223269;-122.957651
"133";0;26;"Southbound Salisbury Ave @ Elwell St";49.220907;-122.957642
"133";0;27;"Southbound Salisbury Ave @ Arcola St";49.219021;-122.957619
"133";0;28;"Eastbound Kingsway @ Hall Ave";49.218273;-122.953325
"133";0;29;"Westbound Edmonds St @ Kingsway";49.217441;-122.953061
"133";0;30;"Westbound Edmonds St @ Salisbury Ave";49.215403;-122.956871
"133";0;31;"Edmonds Station @ Bay 2";49.212196;-122.958297
"133";1;1;"Edmonds Station @ Bay 2";49.212196;-122.958297
"133";1;2;"Eastbound Edmonds St @ 18 St";49.215363;-122.95647
"133";1;3;"Eastbound Edmonds St @ 16 St";49.217231;-122.953118
"133";1;4;"Westbound Kingsway @ Walker Ave";49.21848;-122.953152
"133";1;5;"Northbound Salisbury Ave @ Kingsway";49.218855;-122.957436
"133";1;6;"Northbound Salisbury Ave @ McBride St";49.222373;-122.957498
"133";1;7;"Northbound Walker Ave @ Imperial Ave";49.224605;-122.957702
"133";1;8;"Northbound Walker Ave @ Morley St";49.225517;-122.958824
"133";1;9;"Westbound Stanley St @ Walker Ave";49.227119;-122.961356
"133";1;10;"Northbound Sperling Ave @ Stanley St";49.227413;-122.964678
"133";1;11;"Eastbound Burris St @ Leibly Ave";49.230747;-122.962885
"133";1;12;"Eastbound Burris St @ Braemar Ave";49.232779;-122.959214
"133";1;13;"Eastbound Burris St @ Buckingham Ave";49.234122;-122.956741
"133";1;14;"Northbound Canada Way @ Burris St";49.236223;-122.955117
"133";1;15;"Westbound Canada Way @ Chiselhampton St";49.238982;-122.961114
"133";1;16;"Westbound Canada Way @ Sperling Ave";49.240075;-122.965534
"133";1;17;"Westbound Canada Way @ Ledger Ave";49.244602;-122.972866
"133";1;18;"Westbound Canada Way @ Norland Ave";49.245954;-122.975378
"133";1;19;"Westbound Canada Way @ Spruce St";49.247632;-122.978102
"133";1;20;"Northbound Douglas Rd @ Sprott St";49.249667;-122.980822
"133";1;21;"Northbound Douglas Rd @ Hardwick St";49.251964;-122.98165
"133";1;22;"Northbound Douglas Rd @ Laurel St";49.253952;-122.981956
"133";1;23;"Northbound Douglas Rd @ Norfolk St";49.255423;-122.982097
"133";1;24;"Northbound Douglas Rd @ Hwy One Overpass";49.256983;-122.982623
"133";1;25;"Northbound Douglas Rd @ Still Creek Ave";49.261345;-122.984994
"133";1;26;"Eastbound Goring St @ Douglas Rd";49.262985;-122.986025
"133";1;27;"Northbound Holdom Ave @ Lougheed Hwy";49.264688;-122.981032
"134";0;1;"Brentwood Station @ Bay 2";49.266554;-123.001462
"134";0;2;"Brentwood Station @ Bay 1";49.267148;-123.002997
"134";0;3;"Eastbound Midlawn Dr @ Willingdon Ave";49.270995;-123.002468
"134";0;4;"Southbound Fairlawn Dr @ Midlawn Dr";49.270723;-122.99969
"134";0;5;"Eastbound Brentlawn Dr @ Beta Ave";49.268274;-122.996667
"134";0;6;"Northbound Delta Ave @ Brentlawn Dr";49.26865;-122.992115
"134";0;7;"Northbound Delta Ave @ Southlawn Dr";49.270477;-122.992114
"134";0;8;"Northbound Delta Ave @ Northlawn Dr";49.272871;-122.992095
"134";0;9;"Northbound Delta Ave @ Eastlawn Dr";49.274832;-122.992077
"134";0;10;"Eastbound Parker St @ Delta Ave";49.275471;-122.991581
"134";0;11;"Eastbound Parker St @ Springer Ave";49.275455;-122.987355
"134";0;12;"Eastbound Parker St @ Holdom Ave";49.275429;-122.981221
"134";0;13;"Eastbound Curtis St @ Fell Ave";49.275154;-122.975107
"134";0;14;"Kensington Ave @ Union St";49.278224;-122.969975
"134";0;15;"Eastbound Hastings St @ Kensington Ave";49.280235;-122.969233
"134";0;16;"Southbound Sperling Ave @ Hastings St";49.279848;-122.964771
"134";0;17;"Southbound Sperling Ave @ Union St";49.277515;-122.964739
"134";0;18;"Southbound Sperling Ave @ Curtis St";49.274801;-122.96472
"134";0;19;"Southbound Sperling Ave @ Aubrey St";49.273077;-122.964698
"134";0;20;"Southbound Sperling Ave @ Kitchener St";49.271235;-122.964689
"134";0;21;"Southbound Sperling Ave @ Winch St";49.269472;-122.964679
"134";0;22;"Southbound Sperling Ave @ Halifax St";49.26752;-122.964676
"134";0;23;"Southbound Sperling Ave @ Jordan Dr";49.265137;-122.964685
"134";0;24;"Southbound Sperling Ave @ Hummel St";49.263654;-122.964697
"134";0;25;"Westbound Broadway @ Sperling Ave";49.261791;-122.965817
"134";0;26;"Sperling Station @ Bay 4";49.258603;-122.963986
"134";0;27;"Northbound Bainbridge Ave @ Lougheed Hwy";49.259135;-122.955878
"134";0;28;"Eastbound Broadway @ Duthie Ave";49.261035;-122.952748
"134";0;29;"Eastbound Broadway @ Phillips Place";49.261184;-122.948215
"134";0;30;"Eastbound Broadway @ Camrose Dr";49.261089;-122.944267
"134";0;31;"Eastbound Broadway @ Lawrence Dr";49.26086;-122.940876
"134";0;32;"Eastbound Broadway @ Lake City Way";49.260851;-122.936395
"134";0;33;"Southbound Underhill Ave @ 2700 Block";49.259302;-122.9278
"134";0;34;"Westbound Enterprise St @ Underhill Ave";49.256395;-122.928242
"134";0;35;"Westbound Enterprise St @ 7900 Block";49.25554;-122.933056
"134";0;36;"Northbound Lake City Way @ Enterprise St";49.255883;-122.937855
"134";1;1;"Northbound Lake City Way @ Enterprise St";49.255883;-122.937855
"134";1;2;"Northbound Lake City Way @ Venture St";49.258128;-122.937815
"134";1;3;"Northbound Lake City Way @ Express St";49.260186;-122.937447
"134";1;4;"Westbound Broadway @ Lawrence Dr";49.260966;-122.942128
"134";1;5;"Westbound Broadway @ Camrose Dr";49.261367;-122.945529
"134";1;6;"Westbound Broadway @ Phillips Ave";49.261263;-122.948952
"134";1;7;"Southbound Bainbridge Ave @ Broadway";49.260983;-122.95602
"134";1;8;"Southbound Bainbridge Ave @ Lougheed Hwy";49.258921;-122.956096
"134";1;9;"Sperling Station @ Bay 4";49.258603;-122.963986
"134";1;10;"Eastbound Broadway @ Kensington Ave";49.261699;-122.966987
"134";1;11;"Northbound Sperling Ave @ Broadway";49.261966;-122.964557
"134";1;12;"Northbound Sperling Ave @ Adair St";49.264608;-122.964544
"134";1;13;"Northbound Sperling Ave @ Jordan Dr";49.266372;-122.964521
"134";1;14;"Northbound Sperling Ave @ Halifax St";49.268264;-122.96451
"134";1;15;"Northbound Sperling Ave @ Winch St";49.270035;-122.964524
"134";1;16;"Northbound Sperling Ave @ Kitchener St";49.271859;-122.964525
"134";1;17;"Northbound Sperling Ave @ Aubrey St";49.2736;-122.96454
"134";1;18;"Northbound Sperling Ave @ Curtis St";49.27563;-122.964554
"134";1;19;"Northbound Sperling Ave @ Union St";49.278015;-122.964558
"134";1;20;"Westbound Hastings St @ Sperling Ave";49.280454;-122.965315
"134";1;21;"Southbound Kensington Ave @ Hastings St";49.279834;-122.97013
"134";1;22;"Southbound Kensington Ave @ Hammarskjold Dr";49.277492;-122.970149
"134";1;23;"Westbound Curtis St @ Kensington Ave";49.275273;-122.970574
"134";1;24;"Westbound Curtis St @ Fell Ave";49.275272;-122.97518
"134";1;25;"Westbound Parker St @ Holdom Ave";49.275531;-122.981672
"134";1;26;"Westbound Parker St @ Springer Ave";49.275557;-122.988246
"134";1;27;"Southbound Delta Ave @ Parker St";49.27518;-122.992251
"134";1;28;"Southbound Delta Ave @ Northlawn Dr";49.272496;-122.992254
"134";1;29;"Southbound Delta Ave @ Southlawn Dr";49.269784;-122.992268
"134";1;30;"Southbound Delta Ave @ Brentlawn Dr";49.268504;-122.992305
"134";1;31;"Westbound Brentlawn Dr @ Beta Ave";49.268596;-122.997503
"134";1;32;"Westbound Brentlawn Dr @ Fairlawn Dr";49.270171;-123.000223
"134";1;33;"Southbound Willingdon Ave @ Halifax St";49.268608;-123.003388
"134";1;34;"Brentwood Station @ Bay 3";49.266048;-122.996995
"136";0;1;"Brentwood Station @ Bay 3";49.266048;-122.996995
"136";0;2;"Southbound Douglas Rd @ 2200 Block";49.264308;-122.990696
"136";0;3;"Eastbound Goring St @ Douglas Rd";49.262985;-122.986025
"136";0;4;"Northbound Holdom Ave @ Lougheed Hwy";49.264688;-122.981032
"136";0;5;"Northbound Holdom Ave @ Sumas St";49.266541;-122.981093
"136";0;6;"Eastbound Halifax St @ Holdom Ave";49.267956;-122.980575
"136";0;7;"Eastbound Halifax St @ Warwick Ave";49.267951;-122.978182
"136";0;8;"Eastbound Halifax St @ Fell Ave";49.267952;-122.975136
"136";0;9;"Eastbound Halifax St @ Woolwich Ave";49.267952;-122.972366
"136";0;10;"Eastbound Halifax St @ Kensington Ave";49.267937;-122.969604
"136";0;11;"Eastbound Halifax St @ Sperling Ave";49.267932;-122.964192
"136";0;12;"Eastbound Halifax St @ Yeovil Ave";49.267927;-122.960951
"136";0;13;"Eastbound Halifax St @ Cliff Ave";49.26793;-122.958576
"136";0;14;"Eastbound Halifax St @ Sherlock Ave";49.267923;-122.955923
"136";0;15;"Eastbound Halifax St @ Pepperidge Court";49.267916;-122.951663
"136";0;16;"Eastbound Halifax St @ Phillips Ave";49.267917;-122.948703
"136";0;17;"Northbound Burnwood Dr @ Halifax St";49.268799;-122.946063
"136";0;18;"Eastbound Greystone Dr @ Pinehurst Dr";49.270035;-122.941703
"136";0;19;"Southbound Arden Ave @ Meadowood Dr";49.264465;-122.937101
"136";0;20;"Eastbound Broadway @ Lake City Way";49.260851;-122.936395
"136";0;21;"Northbound Underhill Ave @ Broadway";49.26126;-122.927932
"136";0;22;"Eastbound Forest Grove Dr @ Underhill Ave";49.264573;-122.92632
"136";0;23;"Eastbound Forest Grove Dr @ Meridian Place";49.264328;-122.923887
"136";0;24;"Eastbound Forest Grove Dr @ Hillside Place";49.264631;-122.91993
"136";0;25;"Eastbound Forest Grove Dr @ Maple Grove Cres West";49.264008;-122.915243
"136";0;26;"Eastbound Forest Grove Dr @ 8700 Block";49.2636;-122.911152
"136";0;27;"Eastbound Forest Grove Dr @ Maple Grove Cres East";49.263789;-122.907247
"136";0;28;"Eastbound Forest Grove Dr @ Birch Grove Place";49.264891;-122.904956
"136";0;29;"Westbound Forest Grove Dr @ 9200 Block";49.262961;-122.906492
"136";0;30;"Westbound Forest Grove Dr @ Goldhurst Terrace East";49.261856;-122.91031
"136";0;31;"Southbound Production Way @ Broadway";49.25998;-122.91605
"136";0;32;"Southbound Production Way @ Eastlake Dr";49.257296;-122.916944
"136";0;33;"Production Way Station @ Bay 2";49.253798;-122.918198
"136";0;34;"Eastbound Lougheed Hwy @ Gaglardi Way";49.252106;-122.911572
"136";0;35;"Eastbound Lougheed Hwy @ Bell Ave";49.250978;-122.903693
"136";0;36;"Eastbound Lougheed Hwy @ Government St";49.249751;-122.900121
"136";0;37;"Lougheed Station @ Bay 6";49.247428;-122.894766
"136";1;1;"Lougheed Station @ Bay 7";49.247544;-122.894975
"136";1;2;"Westbound Lougheed Hwy @ Austin Rd";49.249872;-122.899753
"136";1;3;"Westbound Lougheed Hwy @ Bell Ave";49.251474;-122.905174
"136";1;4;"Westbound Lougheed Hwy @ Gaglardi Way";49.252623;-122.913354
"136";1;5;"Production Station @ Bay 3";49.254032;-122.918229
"136";1;6;"Northbound Production Way @ Eastlake Dr";49.25813;-122.916686
"136";1;7;"Northbound Production Way @ Broadway";49.260055;-122.91557
"136";1;8;"Eastbound Forest Grove Dr @ Goldhurst Terrace East";49.261735;-122.909426
"136";1;9;"Eastbound Forest Grove Dr @ 9200 Block";49.262756;-122.906674
"136";1;10;"Westbound Forest Grove Dr @ Ash Grove Cres East";49.264955;-122.903245
"136";1;11;"Westbound Forest Grove Dr @ Maple Grove Cres East";49.263833;-122.907396
"136";1;12;"Westbound Forest Grove Dr @ 8700 Block";49.263719;-122.911287
"136";1;13;"Westbound Forest Grove Dr @ Ash Grove Cres";49.264042;-122.914674
"136";1;14;"Westbound Forest Grove Dr @ Hillside Place";49.264801;-122.920409
"136";1;15;"Westbound Forest Grove Dr @ Meridian Place";49.264479;-122.923526
"136";1;16;"Westbound Forest Grove Dr @ Underhill Ave";49.264678;-122.926726
"136";1;17;"Southbound Underhill Ave @ Broadway";49.261171;-122.928104
"136";1;18;"Westbound Broadway @ 7900 Block";49.260979;-122.934473
"136";1;19;"Northbound Arden Ave @ Meadowood Dr";49.26506;-122.936967
"136";1;20;"Westbound Greystone Dr @ Pinehurst Dr";49.269991;-122.94094
"136";1;21;"Southbound Burnwood Dr @ Greystone Dr";49.269603;-122.945685
"136";1;22;"Westbound Halifax St @ Phillips Ave";49.267956;-122.947707
"136";1;23;"Westbound Halifax St @ Augusta Ave";49.268014;-122.95117
"136";1;24;"Westbound Halifax St @ Duthie Ave";49.268018;-122.953857
"136";1;25;"Westbound Halifax St @ Sherlock Ave";49.268038;-122.956844
"136";1;26;"Westbound Halifax St @ Cliff Ave";49.268031;-122.959608
"136";1;27;"Westbound Halifax St @ Sperling Ave";49.268037;-122.965074
"136";1;28;"Westbound Halifax St @ Tallin Ave";49.268041;-122.966784
"136";1;29;"Westbound Halifax St @ Kensington Ave";49.268033;-122.970568
"136";1;30;"Westbound Halifax St @ Woolwich Ave";49.268031;-122.973038
"136";1;31;"Southbound Fell Ave @ Halifax St";49.26763;-122.975694
"136";1;32;"Southbound Fell Ave @ Sumas St";49.26599;-122.976378
"136";1;33;"Westbound Broadway @ Fell Ave";49.264702;-122.97728
"136";1;34;"Southbound Holdom Ave @ Lougheed Hwy";49.264489;-122.981313
"136";1;35;"Westbound Goring St @ Douglas Rd";49.263133;-122.98604
"136";1;36;"Northbound Douglas Rd @ Springer Ave";49.263533;-122.98873
"136";1;37;"Westbound Lougheed Hwy @ Delta Ave";49.265545;-122.993239
"136";1;38;"Westbound Lougheed Hwy @ Beta Ave";49.266442;-122.998687
"136";1;39;"Brentwood Station @ Bay 2";49.266554;-123.001462
"143";0;1;"SFU Transit Exchange @ Bay 3";49.278466;-122.912681
"143";0;2;"Southbound Tower Rd @ University High Street";49.277133;-122.909375
"143";0;3;"Westbound S Campus Rd @ Science Rd";49.276558;-122.916031
"143";0;4;"SFU Transportation Centre @ Bay 1";49.279957;-122.920119
"143";0;5;"Westbound University Dr W @ W Campus Rd";49.281238;-122.928277
"143";0;6;"Eastbound Como Lake Ave @ North Rd";49.262816;-122.892396
"143";0;7;"Burquitlam Station @ Bay 1";49.261403;-122.889518
"143";1;1;"Burquitlam Station @ Bay 4";49.261316;-122.890197
"143";1;2;"Westbound Como Lake Ave @ Elmwood St";49.263168;-122.889692
"143";1;3;"SFU Transportation Centre @ Bay 2";49.279954;-122.919905
"143";1;4;"SFU Transit Exchange @ Bay 3";49.278466;-122.912681
"144";0;1;"Metrotown Station @ Bay 14";49.225091;-123.002091
"144";0;2;"Eastbound Central Blvd @ 4500 Block";49.224203;-123.000304
"144";0;3;"Northbound Bonsor Ave @ Central Blvd";49.224103;-122.997738
"144";0;4;"Northbound Nelson Ave @ Bennett St";49.225569;-122.994051
"144";0;5;"Northbound Nelson Ave @ Newton St";49.227326;-122.994102
"144";0;6;"Eastbound Dover St @ Nelson Ave";49.229848;-122.993592
"144";0;7;"Eastbound Oakland St @ Royal Oak Ave";49.229774;-122.988023
"144";0;8;"Eastbound Oakland St @ Denbigh Ave";49.229538;-122.9837
"144";0;9;"Eastbound Oakland St @ Dufferin Ave";49.228906;-122.980245
"144";0;10;"Eastbound Oakland St @ Waltham Ave";49.22918;-122.97684
"144";0;11;"Eastbound Oakland St @ Gilley Ave";49.229331;-122.971492
"144";0;12;"Eastbound Oakland St @ Brantford Ave";49.229258;-122.967266
"144";0;13;"Eastbound Burris St @ Leibly Ave";49.230747;-122.962885
"144";0;14;"Eastbound Burris St @ Braemar Ave";49.232779;-122.959214
"144";0;15;"Eastbound Burris St @ Buckingham Ave";49.234122;-122.956741
"144";0;16;"Northbound Canada Way @ Burris St";49.236223;-122.955117
"144";0;17;"Southbound Sperling Ave @ Canada Way";49.239331;-122.964769
"144";0;18;"Northbound Deer Lake Ave @ Heritage Village";49.240608;-122.967981
"144";0;19;"Westbound Deer Lake Ave @ Rowan Ave";49.241855;-122.97213
"144";0;20;"Bus Loop @ Burnaby City Hall";49.243262;-122.973407
"144";0;21;"Northbound Norland Ave @ Canada Way";49.245817;-122.974513
"144";0;22;"Northbound Norland Ave @ Ledger Ave";49.248593;-122.974611
"144";0;23;"Eastbound Sprott St @ Norland Ave East";49.24985;-122.970225
"144";0;24;"Eastbound Sprott St @ Kensington Ave";49.249864;-122.967763
"144";0;25;"Northbound Kensington Ave @ Joe Sakic Way";49.253861;-122.966403
"144";0;26;"Sperling Station @ Bay 2";49.258896;-122.964007
"144";0;27;"Eastbound Broadway @ Kensington Ave";49.261699;-122.966987
"144";0;28;"Eastbound Broadway @ Sperling Ave";49.261458;-122.963811
"144";0;29;"Eastbound Broadway @ Ellerslie Ave";49.261675;-122.960766
"144";0;30;"Eastbound Broadway @ E Ellerslie Ave";49.26148;-122.956905
"144";0;31;"Northbound Duthie Ave @ Broadway";49.261603;-122.953352
"144";0;32;"Northbound Duthie Ave @ Montecito Dr";49.264556;-122.95332
"144";0;33;"Northbound Duthie Ave @ Sutliff St";49.26658;-122.953295
"144";0;34;"Northbound Duthie Ave @ Halifax St";49.268274;-122.953426
"144";0;35;"Northbound Duthie Ave @ Greystone Dr";49.273013;-122.953411
"144";0;36;"Northbound Duthie Ave @ Curtis St";49.275691;-122.953359
"144";0;37;"Northbound Duthie Ave @ Union St";49.278088;-122.953334
"144";0;38;"Eastbound Hastings St @ Duthie Ave";49.280277;-122.952556
"144";0;39;"Eastbound Burnaby Mountain Parkway @ Burnwood Ave";49.277354;-122.946042
"144";0;40;"Eastbound Burnaby Mountain Parkway @ Curtis St";49.275139;-122.941231
"144";0;41;"SFU Transportation Centre @ Bay 2";49.279954;-122.919905
"144";0;42;"SFU Transit Exchange @ Bay 4";49.278146;-122.911827
"144";1;1;"SFU Transit Exchange @ Bay 4";49.278146;-122.911827
"144";1;2;"Southbound Tower Rd @ University High Street";49.277133;-122.909375
"144";1;3;"Westbound S Campus Rd @ Science Rd";49.276558;-122.916031
"144";1;4;"SFU Transportation Centre @ Bay 1";49.279957;-122.920119
"144";1;5;"Westbound University Dr W @ W Campus Rd";49.281238;-122.928277
"144";1;6;"Westbound Burnaby Mountain Parkway @ Curtis St";49.275447;-122.941479
"144";1;7;"Westbound Burnaby Mountain Parkway @ Burnwood Ave";49.278164;-122.946823
"144";1;8;"Southbound Duthie Ave @ Hastings St";49.280065;-122.953482
"144";1;9;"Southbound Duthie Ave @ Union St";49.277503;-122.953511
"144";1;10;"Southbound Duthie Ave @ Curtis St";49.274864;-122.953554
"144";1;11;"Southbound Duthie Ave @ Ridley Dr";49.27311;-122.953563
"144";1;12;"Southbound Duthie Ave @ Kitchener St";49.271123;-122.953593
"144";1;13;"Southbound Duthie Ave @ Halifax St";49.267617;-122.953438
"144";1;14;"Southbound Duthie Ave @ Camarillo Place";49.26513;-122.953467
"144";1;15;"Southbound Duthie Ave @ Gibson St";49.263035;-122.953487
"144";1;16;"Southbound Duthie Ave @ Broadway";49.261553;-122.953511
"144";1;17;"Westbound Broadway @ Bainbridge Ave";49.261514;-122.956521
"144";1;18;"Westbound Broadway @ Cliff Ave";49.261966;-122.959556
"144";1;19;"Westbound Broadway @ Sperling Ave";49.261791;-122.965817
"144";1;20;"Sperling Station @ Bay 2";49.258896;-122.964007
"144";1;21;"Southbound Kensington Ave @ Joe Sakic Way";49.253068;-122.966682
"144";1;22;"Westbound Sprott St @ Kensington Ave";49.24999;-122.967656
"144";1;23;"Westbound Sprott St @ Norland Ave East";49.250017;-122.969368
"144";1;24;"Southbound Norland Ave @ Sprott St West";49.249593;-122.9748
"144";1;25;"Southbound Norland Ave @ Kincaid St";49.247612;-122.974806
"144";1;26;"Southbound Deer Lake Parkway @ Canada Way";49.244975;-122.97466
"144";1;27;"Bus Loop @ Burnaby City Hall";49.243262;-122.973407
"144";1;28;"Eastbound Deer Lake Ave @ Rowan Ave";49.241745;-122.972366
"144";1;29;"Southbound Deer Lake Ave @ Shadbolt Centre";49.240017;-122.968103
"144";1;30;"Eastbound Canada Way @ Sperling Ave";49.239512;-122.963822
"144";1;31;"Eastbound Canada Way @ Rugby St";49.238484;-122.959861
"144";1;32;"Southbound Canada Way @ Haszard St";49.236789;-122.956115
"144";1;33;"Westbound Burris St @ Canada Way";49.235262;-122.954974
"144";1;34;"Westbound Burris St @ Buckingham Ave";49.233656;-122.957861
"144";1;35;"Westbound Burris St @ Braemar Ave";49.232452;-122.96004
"144";1;36;"Westbound Burris St @ Malvern Ave";49.231088;-122.962511
"144";1;37;"Westbound Oakland St @ Walker Ave";49.229722;-122.964907
"144";1;38;"Westbound Oakland St @ Brantford Ave";49.229358;-122.967542
"144";1;39;"Westbound Oakland St @ Gilley Ave";49.229447;-122.972374
"144";1;40;"Westbound Oakland St @ Waltham Ave";49.229383;-122.976567
"144";1;41;"Westbound Oakland St @ Dufferin Ave";49.229249;-122.980952
"144";1;42;"Westbound Oakland St @ Oakdale Rd";49.229706;-122.986269
"144";1;43;"Westbound Dover St @ Royal Oak Ave";49.229977;-122.989632
"144";1;44;"Southbound Nelson Ave @ Grange St";49.2291;-122.994316
"144";1;45;"Southbound Nelson Ave @ Hazel St";49.227594;-122.994345
"144";1;46;"Westbound Bennett St @ Nelson Ave";49.225276;-122.995659
"144";1;47;"Southbound Bonsor Ave @ Bennett St";49.224817;-122.997189
"144";1;48;"Westbound Central Blvd @ Bonsor Ave";49.223785;-122.99906
"144";1;49;"Westbound Central Blvd @ 4500 Block";49.224507;-123.000438
"144";1;50;"Metrotown Station @ Bay 1";49.226277;-123.003299
"145";0;1;"Production Way Station @ Bay 1";49.253683;-122.918013
"145";0;2;"Northbound Production Way @ Eastlake Dr";49.25813;-122.916686
"145";0;3;"Northbound Production Way @ Broadway";49.260055;-122.91557
"145";0;4;"Northbound Gaglardi Way @ Broadway";49.26024;-122.90798
"145";0;5;"SFU Transportation Centre @ Bay 2";49.279954;-122.919905
"145";0;6;"SFU Transit Exchange @ Bay 1";49.278518;-122.91294
"145";1;1;"SFU Transit Exchange @ Bay 1";49.278518;-122.91294
"145";1;2;"Southbound Tower Rd @ University High Street";49.277133;-122.909375
"145";1;3;"Westbound S Campus Rd @ Science Rd";49.276558;-122.916031
"145";1;4;"SFU Transportation Centre @ Bay 1";49.279957;-122.920119
"145";1;5;"Westbound University Dr W @ W Campus Rd";49.281238;-122.928277
"145";1;6;"Westbound Lougheed Hwy @ Gaglardi Way";49.252623;-122.913354
"145";1;7;"Westbound Lougheed Hwy @ Production Way";49.253225;-122.917557
"145";1;8;"Production Way Station @ Bay 1";49.253683;-122.918013
"146";0;1;"Westbound Marine Dr @ Greenall Ave";49.208428;-123.017297
"146";0;2;"Northbound Joffre Ave @ Maple Tree Lane";49.209345;-123.019766
"146";0;3;"Northbound Joffre Ave @ Carson St";49.210668;-123.019815
"146";0;4;"Northbound Joffre Ave @ Clinton St";49.213088;-123.02068
"146";0;5;"Eastbound Rumble St @ Joffre Ave";49.214742;-123.020308
"146";0;6;"Eastbound Rumble St @ Greenall Ave";49.214764;-123.017582
"146";0;7;"Northbound Patterson Ave @ Rumble St";49.215171;-123.0123
"146";0;8;"Northbound Patterson Ave @ Victory St";49.218594;-123.01236
"146";0;9;"Northbound Willingdon Extension @ Imperial St";49.222441;-123.01246
"146";0;10;"Northbound Willingdon Ave @ Mayberry St";49.225697;-123.009541
"146";0;11;"Metrotown Station @ Bay 10";49.22639;-123.004928
"146";0;12;"Metrotown Station @ Bay 1";49.226277;-123.003299
"146";1;1;"Metrotown Station @ Bay 8";49.226172;-123.003354
"146";1;2;"Southbound Willingdon Ave @ Maywood St";49.224417;-123.011162
"146";1;3;"Southbound Patterson Ave @ Imperial St";49.221627;-123.012703
"146";1;4;"Southbound Patterson Ave @ Victory St";49.218127;-123.012508
"146";1;5;"Southbound Patterson Ave @ Rumble St";49.214602;-123.012488
"146";1;6;"Southbound Patterson Ave @ Clinton St";49.212629;-123.012493
"146";1;7;"Southbound Patterson Ave @ Winnifred St";49.21108;-123.012496
"146";1;8;"Westbound Marine Dr @ Patterson Ave";49.209131;-123.013786
"146";1;9;"Westbound Marine Dr @ Greenall Ave";49.208428;-123.017297
"147";0;1;"Metrotown Station @ Bay 8";49.226172;-123.003354
"147";0;2;"Southbound Willingdon Ave @ Maywood St";49.224417;-123.011162
"147";0;3;"Southbound Patterson Ave @ Imperial St";49.221627;-123.012703
"147";0;4;"Southbound Patterson Ave @ Victory St";49.218127;-123.012508
"147";0;5;"Eastbound Rumble St @ Patterson Ave";49.214786;-123.011839
"147";0;6;"Eastbound Rumble St @ McKay Ave";49.214779;-123.008307
"147";0;7;"Eastbound Rumble St @ Sussex Ave";49.214778;-123.004608
"147";0;8;"Eastbound Rumble St @ Gray Ave";49.214781;-122.999097
"147";0;9;"Eastbound Rumble St @ Nelson Ave";49.214773;-122.993362
"147";0;10;"Eastbound Rumble St @ Arthur Ave";49.214787;-122.991604
"147";0;11;"Southbound Royal Oak Ave @ Rumble St";49.214361;-122.988572
"147";0;12;"Eastbound Clinton St @ Royal Oak Ave";49.21297;-122.987978
"147";0;13;"Eastbound Clinton St @ Roslyn Ave";49.212987;-122.985365
"147";0;14;"Eastbound Clinton St @ Macpherson Ave";49.212958;-122.982684
"147";0;15;"Eastbound Clinton St @ Plum Ave";49.21293;-122.979839
"147";0;16;"Eastbound Clinton St @ Buller Ave";49.212912;-122.977072
"147";0;17;"Eastbound Clinton St @ Curragh Ave";49.212889;-122.974425
"147";0;18;"Northbound Gilley Ave @ Clinton St";49.213286;-122.971866
"147";0;19;"Eastbound Rumble St @ Gilley Ave";49.214658;-122.971351
"147";0;20;"Eastbound Rumble St @ Hedley Ave";49.214626;-122.967022
"147";0;21;"Eastbound Rumble St @ 6800 Block";49.214611;-122.962821
"147";0;22;"Edmonds Station @ Bay 7";49.212044;-122.958701
"147";1;1;"Edmonds Station @ Bay 7";49.212044;-122.958701
"147";1;2;"Westbound Rumble St @ 6800 Block";49.214716;-122.963544
"147";1;3;"Westbound Rumble St @ Hedley Ave";49.214747;-122.967318
"147";1;4;"Southbound Gilley Ave @ Rumble St";49.214373;-122.972068
"147";1;5;"Westbound Clinton St @ Gilley Ave";49.212972;-122.972546
"147";1;6;"Westbound Clinton St @ Curragh Ave";49.212997;-122.975345
"147";1;7;"Westbound Clinton St @ Buller Ave";49.213011;-122.977966
"147";1;8;"Westbound Clinton St @ Plum Ave";49.213054;-122.980669
"147";1;9;"Westbound Clinton St @ Macpherson Ave";49.213068;-122.98278
"147";1;10;"Westbound Clinton St @ Roslyn Ave";49.213071;-122.986069
"147";1;11;"Northbound Royal Oak Ave @ Neville St";49.21371;-122.988381
"147";1;12;"Westbound Rumble St @ Royal Oak Ave";49.214922;-122.989193
"147";1;13;"Westbound Rumble St @ Nelson Ave";49.214888;-122.994317
"147";1;14;"Westbound Rumble St @ Gray Ave";49.214862;-122.999848
"147";1;15;"Westbound Rumble St @ Sussex Ave";49.214867;-123.005284
"147";1;16;"Westbound Rumble St @ McKay Ave";49.214873;-123.009187
"147";1;17;"Northbound Patterson Ave @ Rumble St";49.215171;-123.0123
"147";1;18;"Northbound Patterson Ave @ Victory St";49.218594;-123.01236
"147";1;19;"Northbound Willingdon Extension @ Imperial St";49.222441;-123.01246
"147";1;20;"Northbound Willingdon Ave @ Mayberry St";49.225697;-123.009541
"147";1;21;"Metrotown Station @ Bay 10";49.22639;-123.004928
"147";1;22;"Metrotown Station @ Bay 1";49.226277;-123.003299
"148";0;1;"Westbound Beresford St @ Royal Oak Ave";49.219859;-122.98817
"148";0;2;"Southbound Royal Oak Ave @ Sidley St";49.217247;-122.988525
"148";0;3;"Westbound Rumble St @ Royal Oak Ave";49.214922;-122.989193
"148";0;4;"Southbound Nelson Ave @ Rumble St";49.214497;-122.993973
"148";0;5;"Southbound Nelson Ave @ Clinton St";49.212593;-122.994004
"148";0;6;"Southbound Nelson Ave @ McKee Place";49.210732;-122.994011
"148";0;7;"Southbound Nelson Ave @ Patrick Place";49.208615;-122.996792
"148";0;8;"Eastbound Marine Dr @ Nelson Ave";49.207616;-122.99743
"148";0;9;"Eastbound Marine Dr @ 4900 Block";49.207204;-122.993675
"148";0;10;"Eastbound Marine Dr @ Royal Oak Ave";49.206681;-122.988226
"148";0;11;"Eastbound Marine Dr @ 5500 Block";49.206193;-122.983643
"148";0;12;"Eastbound Marine Dr @ Gilley Ave";49.20562;-122.979134
"148";0;13;"Northbound Gilley Ave @ Keith St";49.20769;-122.97389
"148";0;14;"Northbound Gilley Ave @ Brynlor Dr";49.209028;-122.972921
"148";0;15;"Northbound Gilley Ave @ Ewart St";49.210454;-122.972279
"148";0;16;"Northbound Gilley Ave @ Clinton St";49.213286;-122.971866
"148";0;17;"Eastbound Rumble St @ Gilley Ave";49.214658;-122.971351
"148";0;18;"Eastbound Rumble St @ Hedley Ave";49.214626;-122.967022
"148";0;19;"Eastbound Rumble St @ 6800 Block";49.214611;-122.962821
"148";0;20;"Edmonds Station @ Bay 7";49.212044;-122.958701
"148";1;1;"Edmonds Station @ Bay 7";49.212044;-122.958701
"148";1;2;"Westbound Rumble St @ 6800 Block";49.214716;-122.963544
"148";1;3;"Westbound Rumble St @ Hedley Ave";49.214747;-122.967318
"148";1;4;"Southbound Gilley Ave @ Rumble St";49.214373;-122.972068
"148";1;5;"Southbound Gilley Ave @ Portland St";49.211757;-122.971972
"148";1;6;"Southbound Gilley Ave @ Ewart St";49.209909;-122.972637
"148";1;7;"Southbound Gilley Ave @ Carson St";49.209017;-122.973063
"148";1;8;"Southbound Gilley Ave @ Keith St";49.207307;-122.974399
"148";1;9;"Westbound Marine Dr @ Gilley Ave";49.2057;-122.978904
"148";1;10;"Westbound Marine Dr @ Macpherson Ave";49.206271;-122.982724
"148";1;11;"Westbound Marine Dr @ Royal Oak Ave";49.206806;-122.988159
"148";1;12;"Westbound Marine Dr @ 4900 Block";49.207331;-122.993856
"148";1;13;"Westbound Marine Dr @ Hollis Place";49.207683;-122.997213
"148";1;14;"Northbound Nelson Ave @ Carson Place";49.209406;-122.994622
"148";1;15;"Northbound Nelson Ave @ McKee Place";49.211114;-122.993842
"148";1;16;"Northbound Nelson Ave @ Portland St";49.212432;-122.993814
"148";1;17;"Eastbound Rumble St @ Nelson Ave";49.214773;-122.993362
"148";1;18;"Eastbound Rumble St @ Arthur Ave";49.214787;-122.991604
"148";1;19;"Northbound Royal Oak Ave @ Rumble St";49.215162;-122.988376
"148";1;20;"Northbound Royal Oak Ave @ Sidley St";49.217755;-122.988378
"148";1;21;"Northbound Antrim Ave @ Victory St";49.21882;-122.984964
"148";1;22;"Westbound Beresford St @ Royal Oak Ave";49.219859;-122.98817
"151";0;1;"Burquitlam Station @ Bay 3";49.260871;-122.890337
"151";0;2;"Eastbound Como Lake Ave @ Clarke Rd";49.263154;-122.887093
"151";0;3;"Eastbound Como Lake Ave @ Dogwood St";49.263393;-122.883104
"151";0;4;"Eastbound Como Lake Ave @ Robinson St";49.263527;-122.880581
"151";0;5;"Eastbound Como Lake Ave @ Banting St";49.263529;-122.876334
"151";0;6;"Eastbound Como Lake Ave @ Townley St";49.263514;-122.873835
"151";0;7;"Eastbound Como Lake Ave @ Blue Mountain St";49.263455;-122.867657
"151";0;8;"Eastbound Como Lake Ave @ Porter St";49.263445;-122.862463
"151";0;9;"Eastbound Como Lake Ave @ Gatensbury St";49.263413;-122.857007
"151";0;10;"Eastbound Como Lake Ave @ Schoolhouse St";49.263376;-122.851205
"151";0;11;"Eastbound Como Lake Ave @ Wasco St";49.26337;-122.849118
"151";0;12;"Eastbound Como Lake Ave @ Poirier St";49.263329;-122.846029
"151";0;13;"Eastbound Como Lake Ave @ Linton St";49.263289;-122.841357
"151";0;14;"Eastbound Como Lake Ave @ Custer Court";49.263264;-122.837396
"151";0;15;"Eastbound Como Lake Ave @ Thermal Dr";49.263198;-122.833721
"151";0;16;"Eastbound Como Lake Ave @ Seymour Dr";49.263142;-122.829698
"151";0;17;"Eastbound Como Lake Ave @ Baker Dr";49.263081;-122.824307
"151";0;18;"Eastbound Como Lake Ave @ 2500 Block";49.263047;-122.821744
"151";0;19;"Eastbound Spuraway Ave @ Pinnacle St";49.263204;-122.815813
"151";0;20;"Eastbound Spuraway Ave @ Cape Court";49.263828;-122.812062
"151";0;21;"Eastbound Spuraway Ave @ Cove Place";49.262302;-122.80989
"151";0;22;"Northbound Spuraway Ave @ Wagon Wheel Circle";49.261904;-122.805338
"151";0;23;"Northbound Spuraway Ave @ Pasture Circle";49.264705;-122.803032
"151";0;24;"Northbound Ranch Park Way @ Spuraway Ave";49.268601;-122.803119
"151";0;25;"Northbound Ranch Park Way @ Norman Ave";49.270618;-122.803095
"151";0;26;"Westbound Dewdney Trunk Rd @ Norman Ave";49.27171;-122.802424
"151";0;27;"Coquitlam Central Station @ Bay 10";49.275476;-122.798723
"151";1;1;"Coquitlam Central Station @ Bay 3";49.275352;-122.79869
"151";1;2;"Southbound Ranch Park Way @ Norman Ave";49.27038;-122.803249
"151";1;3;"Southbound Spuraway Ave @ 3000 Block";49.26685;-122.802721
"151";1;4;"Southbound Spuraway Ave @ Pasture Circle";49.262401;-122.80499
"151";1;5;"Westbound Spuraway Ave @ Starlight Way";49.262013;-122.809124
"151";1;6;"Westbound Spuraway Ave @ Armada St";49.263988;-122.812218
"151";1;7;"Westbound Spuraway Ave @ Pinnacle St";49.263341;-122.81578
"151";1;8;"Westbound Como Lake Ave @ 2500 Block";49.263283;-122.823035
"151";1;9;"Westbound Como Lake Ave @ Seymour Dr";49.263331;-122.830605
"151";1;10;"Westbound Como Lake Ave @ Thermal Dr";49.263405;-122.83504
"151";1;11;"Westbound Como Lake Ave @ Custer Court";49.263403;-122.837829
"151";1;12;"Westbound Como Lake Ave @ Linton St";49.263447;-122.841784
"151";1;13;"Westbound Como Lake Ave @ Prospect St";49.26346;-122.843923
"151";1;14;"Westbound Como Lake Ave @ Poirier St";49.263492;-122.847099
"151";1;15;"Westbound Como Lake Ave @ Wasco St";49.263498;-122.850097
"151";1;16;"Westbound Como Lake Ave @ Crestwood Dr";49.263528;-122.853889
"151";1;17;"Westbound Como Lake Ave @ Gatensbury St";49.263557;-122.858171
"151";1;18;"Westbound Como Lake Ave @ Porter St";49.263586;-122.863597
"151";1;19;"Westbound Como Lake Ave @ Blue Mountain St";49.263646;-122.869223
"151";1;20;"Westbound Como Lake Ave @ Townley St";49.263652;-122.874696
"151";1;21;"Westbound Como Lake Ave @ Banting St";49.263666;-122.877786
"151";1;22;"Westbound Como Lake Ave @ Robinson St";49.263627;-122.881123
"151";1;23;"Westbound Como Lake Ave @ Dogwood St";49.263475;-122.883984
"151";1;24;"Burquitlam Station @ Bay 1";49.261403;-122.889518
"152";0;1;"Lougheed Station @ Bay 2";49.247722;-122.89515
"152";0;2;"Northbound North Rd @ Gatineau Place";49.248513;-122.892661
"152";0;3;"Eastbound Austin Ave @ 500 Block";49.248998;-122.887837
"152";0;4;"Southbound Guilby St @ Austin Ave";49.248406;-122.88545
"152";0;5;"Southbound Guilby St @ Dansey Ave";49.246842;-122.885432
"152";0;6;"Eastbound Rochester Ave @ Guilby St";49.245398;-122.884756
"152";0;7;"Eastbound Rochester Ave @ Donald St";49.245368;-122.881497
"152";0;8;"Eastbound Rochester Ave @ Walker St";49.24534;-122.877297
"152";0;9;"Northbound Blue Mountain St @ Rochester Ave";49.245743;-122.872674
"152";0;10;"Northbound Blue Mountain St @ Dansey Ave";49.24741;-122.870878
"152";0;11;"Northbound Blue Mountain St @ Austin Ave";49.248661;-122.869388
"152";0;12;"Eastbound Austin Ave @ Nelson St";49.248912;-122.866254
"152";0;13;"Eastbound Austin Ave @ Marmont St";49.248903;-122.861563
"152";0;14;"Eastbound Austin Ave @ Gatensbury St";49.248889;-122.858264
"152";0;15;"Eastbound Austin Ave @ Schoolhouse St";49.248922;-122.851475
"152";0;16;"Eastbound Austin Ave @ Decaire St";49.248925;-122.849623
"152";0;17;"Eastbound Austin Ave @ Poirier St";49.248912;-122.846058
"152";0;18;"Eastbound Austin Ave @ Laurentian Cres";49.248938;-122.843554
"152";0;19;"Eastbound Austin Ave @ Linton St";49.248942;-122.840224
"152";0;20;"Eastbound Austin Ave @ Draycott St";49.248977;-122.836314
"152";0;21;"Eastbound Austin Ave @ Mundy St";49.248978;-122.833279
"152";0;22;"Eastbound Austin Ave @ 2300 Block";49.24901;-122.827911
"152";0;23;"Southbound Hickey Dr @ Austin Ave";49.248565;-122.824482
"152";0;24;"Southbound Hickey Dr @ Tolmie Ave";49.246466;-122.824501
"152";0;25;"Eastbound Hickey Dr @ Bognor St";49.243502;-122.821386
"152";0;26;"Eastbound Hickey Dr @ Dartmoor Dr";49.243668;-122.816693
"152";0;27;"Northbound Mariner Way @ Riverview Cres";49.244568;-122.81547
"152";0;28;"Northbound Mariner Way @ Crawley Ave";49.247921;-122.815491
"152";0;29;"Northbound Mariner Way @ Austin Ave";49.249319;-122.815519
"152";0;30;"Northbound Mariner Way @ 500 Block";49.251855;-122.815561
"152";0;31;"Eastbound Chilko Dr @ Mariner Way";49.25569;-122.814606
"152";0;32;"Eastbound Chilko Dr @ Douglas Dr";49.256416;-122.812245
"152";0;33;"Eastbound Chilko Dr @ Mara Dr";49.25556;-122.809454
"152";0;34;"Eastbound Chilko Dr @ Riverview Cres";49.253691;-122.806444
"152";0;35;"Eastbound Chilko Dr @ Eastlake Gate";49.255944;-122.804616
"152";0;36;"Eastbound Chilko Dr @ Silver Lake Place";49.258437;-122.803009
"152";0;37;"Eastbound Chilko Dr @ Tatla Place";49.261664;-122.799949
"152";0;38;"Northbound Lougheed Hwy @ Westwood St";49.26384;-122.798109
"152";0;39;"Westbound Dewdney Trunk Rd @ Norman Ave";49.27171;-122.802424
"152";0;40;"Coquitlam Central Station @ Bay 10";49.275476;-122.798723
"152";1;1;"Coquitlam Central Station @ Bay 10";49.275476;-122.798723
"152";1;2;"Westbound Dewdney Trunk Rd @ Norman Ave";49.27171;-122.802424
"152";1;3;"Westbound Mariner Way @ Dewdney Trunk Rd";49.27277;-122.804988
"152";1;4;"Westbound Mariner Way @ Dolphin St";49.273036;-122.809151
"152";1;5;"Westbound Mariner Way @ Windward Dr";49.272539;-122.812721
"152";1;6;"Southbound Mariner Way @ Hawser Ave";49.270574;-122.81474
"152";1;7;"Southbound Mariner Way @ Daybreak Ave";49.267856;-122.813894
"152";1;8;"Southbound Mariner Way @ 2900 Block";49.26599;-122.814324
"152";1;9;"Southbound Mariner Way @ Lighthouse Court";49.263978;-122.816975
"152";1;10;"Southbound Mariner Way @ Como Lake Ave";49.26142;-122.817531
"152";1;11;"Southbound Mariner Way @ Mara Dr";49.259252;-122.816173
"152";1;12;"Southbound Mariner Way @ Chilko Dr";49.255292;-122.815833
"152";1;13;"Southbound Mariner Way @ 500 Block";49.251232;-122.815826
"152";1;14;"Southbound Mariner Way @ Austin Ave";49.248665;-122.815775
"152";1;15;"Southbound Mariner Way @ Crawley Ave";49.247379;-122.815747
"152";1;16;"Westbound Hickey Dr @ Dartmoor Dr";49.243756;-122.816892
"152";1;17;"Westbound Hickey Dr @ Balfour Dr";49.243607;-122.821857
"152";1;18;"Northbound Hickey Dr @ Leduc Ave";49.245673;-122.82432
"152";1;19;"Northbound Hickey Dr @ Latimer Ave";49.247724;-122.824345
"152";1;20;"Westbound Austin Ave @ Hickey St";49.249139;-122.824891
"152";1;21;"Westbound Austin Ave @ 2300 Block";49.24913;-122.828378
"152";1;22;"Westbound Austin Ave @ Hillcrest St";49.249117;-122.836063
"152";1;23;"Westbound Austin Ave @ Linton St";49.249076;-122.841516
"152";1;24;"Westbound Austin Ave @ Laurentian Cres";49.249053;-122.844484
"152";1;25;"Westbound Austin Ave @ Poirier St";49.249052;-122.847067
"152";1;26;"Westbound Austin Ave @ Decaire St";49.249068;-122.850572
"152";1;27;"Westbound Austin Ave @ Schoolhouse St";49.249081;-122.852981
"152";1;28;"Westbound Austin Ave @ Gatensbury St";49.249032;-122.857431
"152";1;29;"Westbound Austin Ave @ Marmont St";49.249068;-122.862624
"152";1;30;"Westbound Austin Ave @ Nelson St";49.249072;-122.865997
"152";1;31;"Southbound Blue Mountain St @ Dansey Ave";49.247733;-122.870756
"152";1;32;"Westbound Rochester Ave @ Blue Mountain St";49.245411;-122.873497
"152";1;33;"Westbound Rochester Ave @ Walker St";49.245443;-122.877456
"152";1;34;"Westbound Rochester Ave @ Donald St";49.24546;-122.882272
"152";1;35;"Westbound Rochester Ave @ Guilby St";49.24549;-122.884431
"152";1;36;"Northbound Guilby St @ Dansey Ave";49.247481;-122.885319
"152";1;37;"Westbound Austin Ave @ Whiting Way";49.249197;-122.890392
"152";1;38;"Southbound North Rd @ Austin Rd";49.248477;-122.893
"152";1;39;"Lougheed Station @ Bay 6";49.247428;-122.894766
"153";0;1;"Braid Station @ Bay 2";49.23303;-122.88308
"153";0;2;"Eastbound Brunette Ave @ Bernatchey St";49.23556;-122.875056
"153";0;3;"Eastbound Brunette Ave @ Lougheed Hwy";49.236831;-122.870969
"153";0;4;"Eastbound Brunette Ave @ Woolridge St";49.237476;-122.86806
"153";0;5;"Eastbound Brunette Ave @ Nelson St";49.238228;-122.864276
"153";0;6;"Eastbound Brunette Ave @ King Edward St";49.238771;-122.861785
"153";0;7;"Eastbound Brunette Ave @ Begin St";49.239205;-122.859381
"153";0;8;"Eastbound Brunette Ave @ Laval St";49.239825;-122.856887
"153";0;9;"Eastbound Brunette Ave @ Casey St";49.240479;-122.854427
"153";0;10;"Eastbound Brunette Ave @ Schoolhouse St";49.240567;-122.85194
"153";0;11;"Eastbound Laurentian Cres @ Sheridan Ave";49.23985;-122.848184
"153";0;12;"Eastbound Laurentian Cres @ Glendale Ave";49.240173;-122.845375
"153";0;13;"Northbound Laurentian Cres @ Seaforth Cres";49.241605;-122.843989
"153";0;14;"Northbound Laurentian Cres @ Hammond Ave";49.243878;-122.843981
"153";0;15;"Northbound Laurentian Cres @ Madore Ave";49.246363;-122.843946
"153";0;16;"Northbound Laurentian Cres @ Austin Ave";49.248581;-122.843968
"153";0;17;"Northbound Poirier St @ Austin Ave";49.249318;-122.846569
"153";0;18;"Northbound Poirier St @ King Albert Ave";49.251691;-122.846464
"153";0;19;"Northbound Poirier St @ Winslow Ave";49.255152;-122.846333
"153";0;20;"Eastbound Foster Ave @ 1700 Block";49.256009;-122.844111
"153";0;21;"Northbound Linton St @ Foster Ave";49.256547;-122.840817
"153";0;22;"Northbound Linton St @ Rideau Ave";49.259387;-122.840777
"153";0;23;"Northbound Linton St @ Grover Ave";49.26262;-122.840736
"153";0;24;"Eastbound Como Lake Ave @ Custer Court";49.263264;-122.837396
"153";0;25;"Eastbound Como Lake Ave @ Thermal Dr";49.263198;-122.833721
"153";0;26;"Eastbound Como Lake Ave @ Seymour Dr";49.263142;-122.829698
"153";0;27;"Eastbound Como Lake Ave @ Baker Dr";49.263081;-122.824307
"153";0;28;"Eastbound Como Lake Ave @ 2500 Block";49.263047;-122.821744
"153";0;29;"Northbound Mariner Way @ Lighthouse Court";49.263884;-122.816831
"153";0;30;"Northbound Mariner Way @ 2900 Block";49.266301;-122.813994
"153";0;31;"Northbound Mariner Way @ Daybreak Ave";49.268529;-122.81365
"153";0;32;"Northbound Mariner Way @ Hawser Ave";49.271144;-122.814531
"153";0;33;"Eastbound Mariner Way @ Windward Dr";49.272582;-122.811201
"153";0;34;"Eastbound Mariner Way @ Dewdney Trunk Rd";49.2726;-122.805911
"153";0;35;"Coquitlam Central Station @ Bay 10";49.275476;-122.798723
"153";1;1;"Coquitlam Central Station @ Bay 12";49.275845;-122.798427
"153";1;2;"Westbound Dewdney Trunk Rd @ Norman Ave";49.27171;-122.802424
"153";1;3;"Westbound Mariner Way @ Dewdney Trunk Rd";49.27277;-122.804988
"153";1;4;"Westbound Mariner Way @ Dolphin St";49.273036;-122.809151
"153";1;5;"Westbound Mariner Way @ Windward Dr";49.272539;-122.812721
"153";1;6;"Southbound Mariner Way @ Hawser Ave";49.270574;-122.81474
"153";1;7;"Southbound Mariner Way @ Daybreak Ave";49.267856;-122.813894
"153";1;8;"Southbound Mariner Way @ 2900 Block";49.26599;-122.814324
"153";1;9;"Southbound Mariner Way @ Lighthouse Court";49.263978;-122.816975
"153";1;10;"Westbound Como Lake Ave @ 2500 Block";49.263283;-122.823035
"153";1;11;"Westbound Como Lake Ave @ Seymour Dr";49.263331;-122.830605
"153";1;12;"Westbound Como Lake Ave @ Thermal Dr";49.263405;-122.83504
"153";1;13;"Westbound Como Lake Ave @ Custer Court";49.263403;-122.837829
"153";1;14;"Southbound Linton St @ Regan Ave";49.261869;-122.840924
"153";1;15;"Southbound Linton St @ Walnut Cres";49.258674;-122.840946
"153";1;16;"Westbound Foster Ave @ Linton St";49.256117;-122.841436
"153";1;17;"Westbound Foster Ave @ 1700 Block";49.256131;-122.844171
"153";1;18;"Southbound Poirier St @ Winslow Ave";49.254901;-122.846529
"153";1;19;"Southbound Poirier St @ King Albert Ave";49.251043;-122.846665
"153";1;20;"Eastbound Austin Ave @ Poirier St";49.248912;-122.846058
"153";1;21;"Southbound Laurentian Cres @ Austin Ave";49.248591;-122.844147
"153";1;22;"Southbound Laurentian Cres @ Dansey Ave";49.246857;-122.84412
"153";1;23;"Southbound Laurentian Cres @ Rochester Ave";49.24472;-122.84413
"153";1;24;"Southbound Laurentian Cres @ Thomas Ave";49.242457;-122.844152
"153";1;25;"Westbound Laurentian Cres @ Glendale Ave";49.240148;-122.845775
"153";1;26;"Westbound Laurentian Cres @ Sheridan Ave";49.239927;-122.847743
"153";1;27;"Westbound Brunette Ave @ Laurentian Cres";49.24028;-122.85036
"153";1;28;"Westbound Brunette Ave @ Schoolhouse St";49.240679;-122.852859
"153";1;29;"Westbound Brunette Ave @ Laval St";49.239561;-122.858388
"153";1;30;"Westbound Brunette Ave @ Marmont St";49.23874;-122.862739
"153";1;31;"Westbound Brunette Ave @ Nelson St";49.238045;-122.865946
"153";1;32;"Westbound Brunette Ave @ Lebleu St";49.237616;-122.868095
"153";1;33;"Westbound Brunette Ave @ Lougheed Hwy";49.236997;-122.8711
"153";1;34;"Westbound Brunette Ave @ Blue Mountain St";49.2362;-122.873716
"153";1;35;"Westbound Brunette Ave @ Bernatchey St";49.235228;-122.876618
"153";1;36;"Braid Station @ Bay 1";49.232855;-122.883137
"155";0;1;"22nd Street Station @ Bay 8";49.199522;-122.950167
"155";0;2;"Eastbound 8th Ave @ 23 St";49.200284;-122.952972
"155";0;3;"Eastbound 8th Ave @ 22 St";49.200902;-122.951796
"155";0;4;"Eastbound 8th Ave @ 21 St";49.201938;-122.949878
"155";0;5;"Eastbound 8th Ave @ 20 St";49.203013;-122.947894
"155";0;6;"Eastbound 8th Ave @ 19 St";49.204196;-122.945706
"155";0;7;"Eastbound 8th Ave @ 18 St";49.205399;-122.943473
"155";0;8;"Eastbound 8th Ave @ 16 St";49.207123;-122.940278
"155";0;9;"Eastbound 8th Ave @ 14 St";49.208969;-122.936874
"155";0;10;"Southbound 12 St @ 8th Ave";49.210241;-122.933947
"155";0;11;"Southbound 12 St @ 7th Ave";49.208748;-122.932063
"155";0;12;"Eastbound 6th Ave @ 12 St";49.207766;-122.930156
"155";0;13;"Eastbound 6th Ave @ 10 St";49.209744;-122.926494
"155";0;14;"Eastbound 6th Ave @ 8th St";49.211406;-122.923426
"155";0;15;"Eastbound 6th Ave @ 6th St";49.213373;-122.919768
"155";0;16;"Eastbound 6th Ave @ 4th St";49.214668;-122.9174
"155";0;17;"Eastbound 6th Ave @ 2nd St";49.216681;-122.913691
"155";0;18;"Eastbound 6th Ave @ 1st St";49.217906;-122.911347
"155";0;19;"Eastbound E 6th Ave @ McBride Blvd";49.219778;-122.907863
"155";0;20;"Eastbound E 6th Ave @ Glenbrook Dr";49.220926;-122.905741
"155";0;21;"Eastbound Cumberland St @ Beth St";49.220792;-122.903096
"155";0;22;"Eastbound Cumberland St @ Glenbrook Dr";49.220507;-122.899746
"155";0;23;"Northbound Richmond St @ Cumberland St";49.220933;-122.898687
"155";0;24;"Northbound Richmond St @ Alberta St";49.224029;-122.898616
"155";0;25;"Eastbound Hospital St @ Richmond St";49.226461;-122.898006
"155";0;26;"Eastbound Hospital St @ E Columbia St";49.226413;-122.893957
"155";0;27;"Northbound E Columbia St @ Sherbrooke St";49.227612;-122.89274
"155";0;28;"Northbound E Columbia St @ Cedar St";49.230458;-122.892653
"155";0;29;"Eastbound Braid St @ E Columbia St";49.231544;-122.89214
"155";0;30;"Eastbound Braid St @ Fader St";49.231518;-122.889692
"155";0;31;"Braid Station @ Bay 6";49.232968;-122.882501
"155";1;1;"Braid Station @ Bay 6";49.232968;-122.882501
"155";1;2;"Westbound Braid St @ Rousseau St";49.231649;-122.886831
"155";1;3;"Westbound Braid St @ Fader St";49.231654;-122.8906
"155";1;4;"Southbound E Columbia St @ Braid St";49.231132;-122.89282
"155";1;5;"Southbound E Columbia St @ Sherbrooke St";49.227569;-122.892923
"155";1;6;"Westbound Hospital St @ E Columbia St";49.226514;-122.893384
"155";1;7;"Westbound Hospital St @ Blair Ave";49.226559;-122.897813
"155";1;8;"Southbound Richmond St @ Shiles St";49.225339;-122.898715
"155";1;9;"Southbound Richmond St @ Alberta St";49.22304;-122.898799
"155";1;10;"Westbound Cumberland St @ Glenbrook Dr";49.220614;-122.899969
"155";1;11;"Westbound E 6th Ave @ Glenbrook Dr";49.22081;-122.90625
"155";1;12;"Westbound 6th Ave @ McBride Blvd";49.219348;-122.908984
"155";1;13;"Westbound 6th Ave @ 1st St";49.217458;-122.91245
"155";1;14;"Westbound 6th Ave @ 2nd St";49.216327;-122.914538
"155";1;15;"Westbound 6th Ave @ 4th St";49.214437;-122.918051
"155";1;16;"Westbound 6th Ave @ 6th St";49.212927;-122.920895
"155";1;17;"Westbound 6th Ave @ 8th St";49.211448;-122.923688
"155";1;18;"Westbound 6th Ave @ 10 St";49.209492;-122.927228
"155";1;19;"Northbound 12 St @ Nanaimo St";49.208439;-122.931438
"155";1;20;"Northbound 12 St @ 7th Ave";49.209189;-122.932386
"155";1;21;"Westbound 8th Ave @ 14 St";49.208697;-122.937613
"155";1;22;"Westbound 8th Ave @ 16 St";49.206854;-122.940985
"155";1;23;"Westbound 8th Ave @ 18 St";49.205023;-122.944427
"155";1;24;"Westbound 8th Ave @ 19 St";49.203929;-122.946466
"155";1;25;"Westbound 8th Ave @ 20 St";49.202694;-122.948761
"155";1;26;"Westbound 8th Ave @ 22 St";49.200666;-122.952508
"155";1;27;"22nd Street Station @ Unloading Only";49.199857;-122.949711
"156";0;1;"Lougheed Station @ Bay 9";49.247772;-122.895398
"156";0;2;"Northbound North Rd @ Gatineau Place";49.248513;-122.892661
"156";0;3;"Northbound North Rd @ Austin Ave";49.250455;-122.892713
"156";0;4;"Northbound North Rd @ Cameron St";49.253122;-122.892752
"156";0;5;"Northbound North Rd @ Foster Ave";49.257159;-122.89284
"156";0;6;"Northbound North Rd @ Cottonwood Ave";49.258543;-122.892871
"156";0;7;"Burquitlam Station @ Bay 5";49.261648;-122.889791
"156";0;8;"Eastbound Como Lake Ave @ Clarke Rd";49.263154;-122.887093
"156";0;9;"Eastbound Como Lake Ave @ Dogwood St";49.263393;-122.883104
"156";0;10;"Eastbound Como Lake Ave @ Robinson St";49.263527;-122.880581
"156";0;11;"Eastbound Como Lake Ave @ Banting St";49.263529;-122.876334
"156";0;12;"Eastbound Como Lake Ave @ Townley St";49.263514;-122.873835
"156";0;13;"Eastbound Como Lake Ave @ Blue Mountain St";49.263455;-122.867657
"156";0;14;"Eastbound Como Lake Ave @ Porter St";49.263445;-122.862463
"156";0;15;"Eastbound Como Lake Ave @ Gatensbury St";49.263413;-122.857007
"156";0;16;"Southbound Schoolhouse St @ Como Lake Ave";49.263032;-122.85213
"156";0;17;"Southbound Schoolhouse St @ Regan Ave";49.261194;-122.852155
"156";0;18;"Southbound Schoolhouse St @ Smith Ave";49.259491;-122.852181
"156";0;19;"Southbound Schoolhouse St @ Cambridge Dr";49.257312;-122.852234
"156";0;20;"Southbound Schoolhouse St @ Foster Ave";49.255668;-122.852294
"156";0;21;"Eastbound Winslow Ave @ Schoolhouse St";49.253833;-122.851605
"156";0;22;"Eastbound Winslow Ave @ Poirier St";49.253831;-122.847431
"156";0;23;"Northbound Poirier St @ Winslow Ave";49.255152;-122.846333
"156";0;24;"Eastbound Foster Ave @ 1700 Block";49.256009;-122.844111
"156";0;25;"Eastbound Foster Ave @ Linton St";49.255992;-122.840388
"156";0;26;"Eastbound Foster Ave @ Midvale St";49.255983;-122.837511
"156";0;27;"Southbound Hillcrest St @ Foster Ave";49.255766;-122.835445
"156";0;28;"Southbound Hillcrest St @ Winslow Ave";49.253517;-122.835512
"156";0;29;"Southbound Hillcrest St @ King Albert Ave";49.250369;-122.835605
"156";0;30;"Southbound Mundy St @ Austin Ave";49.248046;-122.834364
"156";0;31;"Southbound Mundy St @ 400 Block";49.245997;-122.834335
"156";0;32;"Southbound Mundy St @ Gale Ave";49.244092;-122.834311
"156";0;33;"Southbound Mundy St @ Monterey Ave";49.241224;-122.834281
"156";0;34;"Southbound Mundy St @ Leclair Dr";49.238821;-122.834253
"156";0;35;"Southbound Mundy St @ Dawes Hill Rd";49.2355;-122.834185
"156";0;36;"Southbound Mundy St @ Hillside Ave";49.232574;-122.835744
"156";0;37;"Westbound Cape Horn Ave @ Mundy St";49.230889;-122.837596
"156";0;38;"Westbound Brunette Ave @ Hillside Ave";49.232519;-122.841286
"156";0;39;"Westbound Brunette Ave @ Wiltshire Ave";49.23478;-122.84273
"156";0;40;"Westbound Brunette @ Pare Court";49.237976;-122.844343
"156";0;41;"Westbound Brunette Ave @ Laurentian Cres";49.24028;-122.85036
"156";0;42;"Westbound Brunette Ave @ Schoolhouse St";49.240679;-122.852859
"156";0;43;"Westbound Brunette Ave @ Laval St";49.239561;-122.858388
"156";0;44;"Westbound Brunette Ave @ Marmont St";49.23874;-122.862739
"156";0;45;"Westbound Brunette Ave @ Nelson St";49.238045;-122.865946
"156";0;46;"Westbound Brunette Ave @ Lebleu St";49.237616;-122.868095
"156";0;47;"Westbound Brunette Ave @ Lougheed Hwy";49.236997;-122.8711
"156";0;48;"Westbound Brunette Ave @ Blue Mountain St";49.2362;-122.873716
"156";0;49;"Westbound Brunette Ave @ Bernatchey St";49.235228;-122.876618
"156";0;50;"Braid Station @ Bay 1";49.232855;-122.883137
"156";1;1;"Braid Station @ Bay 5";49.233145;-122.882556
"156";1;2;"Eastbound Brunette Ave @ Bernatchey St";49.23556;-122.875056
"156";1;3;"Eastbound Brunette Ave @ Lougheed Hwy";49.236831;-122.870969
"156";1;4;"Eastbound Brunette Ave @ Woolridge St";49.237476;-122.86806
"156";1;5;"Eastbound Brunette Ave @ Nelson St";49.238228;-122.864276
"156";1;6;"Eastbound Brunette Ave @ King Edward St";49.238771;-122.861785
"156";1;7;"Eastbound Brunette Ave @ Begin St";49.239205;-122.859381
"156";1;8;"Eastbound Brunette Ave @ Laval St";49.239825;-122.856887
"156";1;9;"Eastbound Brunette Ave @ Casey St";49.240479;-122.854427
"156";1;10;"Eastbound Brunette Ave @ Schoolhouse St";49.240567;-122.85194
"156";1;11;"Eastbound Brunette Ave @ Laurentian Cres";49.239676;-122.849021
"156";1;12;"Eastbound Brunette Ave @ Cayer St";49.23828;-122.846051
"156";1;13;"Eastbound Brunette Ave @ Peterson Ave";49.235511;-122.84308
"156";1;14;"Southbound Brunette Ave @ Hillside Ave";49.233083;-122.841895
"156";1;15;"Northbound Mundy St @ Cape Horn Ave";49.231173;-122.836796
"156";1;16;"Northbound Mundy St @ Hillside Ave";49.232684;-122.835451
"156";1;17;"Northbound Mundy St @ Dawes Hill Rd";49.236167;-122.83402
"156";1;18;"Northbound Mundy St @ Palliser Ave";49.237956;-122.834041
"156";1;19;"Northbound Mundy St @ Paradise Ave";49.240513;-122.834106
"156";1;20;"Northbound Mundy St @ Kugler Ave";49.243094;-122.834133
"156";1;21;"Northbound Mundy St @ Gale Ave";49.244601;-122.834154
"156";1;22;"Northbound Mundy St @ 400 Block";49.247125;-122.834153
"156";1;23;"Northbound Hillcrest St @ Austin Ave";49.249449;-122.835452
"156";1;24;"Northbound Hillcrest St @ King Albert Ave";49.251148;-122.835416
"156";1;25;"Northbound Hillcrest St @ Winslow Ave";49.254178;-122.835341
"156";1;26;"Westbound Foster Ave @ Hillcrest St";49.256072;-122.835918
"156";1;27;"Westbound Foster Ave @ Midvale St";49.256088;-122.83835
"156";1;28;"Westbound Foster Ave @ Linton St";49.256117;-122.841436
"156";1;29;"Westbound Foster Ave @ 1700 Block";49.256131;-122.844171
"156";1;30;"Southbound Poirier St @ Winslow Ave";49.254901;-122.846529
"156";1;31;"Westbound Winslow Ave @ Poirier St";49.253967;-122.847543
"156";1;32;"Northbound Schoolhouse St @ Winslow Ave";49.25422;-122.852146
"156";1;33;"Northbound Schoolhouse St @ Foster Ave";49.256568;-122.852097
"156";1;34;"Northbound Schoolhouse St @ Eden Ave";49.258359;-122.852035
"156";1;35;"Northbound Schoolhouse St @ Smith Ave";49.260033;-122.851997
"156";1;36;"Northbound Schoolhouse St @ Regan Ave";49.261893;-122.851978
"156";1;37;"Westbound Como Lake Ave @ Crestwood Dr";49.263528;-122.853889
"156";1;38;"Westbound Como Lake Ave @ Gatensbury St";49.263557;-122.858171
"156";1;39;"Westbound Como Lake Ave @ Porter St";49.263586;-122.863597
"156";1;40;"Westbound Como Lake Ave @ Blue Mountain St";49.263646;-122.869223
"156";1;41;"Westbound Como Lake Ave @ Townley St";49.263652;-122.874696
"156";1;42;"Westbound Como Lake Ave @ Banting St";49.263666;-122.877786
"156";1;43;"Westbound Como Lake Ave @ Robinson St";49.263627;-122.881123
"156";1;44;"Westbound Como Lake Ave @ Dogwood St";49.263475;-122.883984
"156";1;45;"Burquitlam Station @ Bay 6";49.262283;-122.88931
"156";1;46;"Southbound North Rd @ Cottonwood Ave";49.258374;-122.893206
"156";1;47;"Southbound North Rd @ Foster Ave";49.255871;-122.893156
"156";1;48;"Southbound North Rd @ Cameron St";49.252969;-122.893126
"156";1;49;"Southbound North Rd @ Austin Rd";49.248477;-122.893
"156";1;50;"Lougheed Station @ Bay 6";49.247428;-122.894766
"157";0;1;"Lougheed Station @ Bay 5";49.247378;-122.894518
"157";0;2;"Eastbound Lougheed Hwy @ North Rd";49.245232;-122.891738
"157";0;3;"Eastbound Lougheed Hwy @ Guilby St";49.242188;-122.88616
"157";0;4;"Eastbound Lougheed Hwy @ 700 Block";49.238594;-122.879539
"157";0;5;"Eastbound Brunette Ave @ Lougheed Hwy";49.236831;-122.870969
"157";0;6;"Eastbound Brunette Ave @ Woolridge St";49.237476;-122.86806
"157";0;7;"Eastbound Brunette Ave @ Nelson St";49.238228;-122.864276
"157";0;8;"Northbound Marmont St @ Quadling Ave";49.240272;-122.862155
"157";0;9;"Northbound Marmont St @ Cartier Ave";49.241541;-122.862168
"157";0;10;"Northbound Marmont St @ Thomas Ave";49.24299;-122.862146
"157";0;11;"Eastbound Rochester Ave @ Marmont St";49.244895;-122.861683
"157";0;12;"Eastbound Rochester Ave @ Laval St";49.244937;-122.856789
"157";0;13;"Eastbound Rochester Ave @ Goyer Court";49.244979;-122.853637
"157";0;14;"Northbound Schoolhouse St @ Madore Ave";49.246654;-122.852362
"157";0;15;"Northbound Schoolhouse St @ Austin Ave";49.249301;-122.852353
"157";0;16;"Northbound Schoolhouse St @ King Albert Ave";49.251669;-122.852277
"157";0;17;"Eastbound Winslow Ave @ Schoolhouse St";49.253833;-122.851605
"157";0;18;"Eastbound Winslow Ave @ Poirier St";49.253831;-122.847431
"157";0;19;"Northbound Poirier St @ Winslow Ave";49.255152;-122.846333
"157";0;20;"Westbound Foster Ave @ Schoolhouse St";49.256193;-122.852828
"157";0;21;"Westbound Foster Ave @ Gatensbury St";49.25621;-122.858252
"157";0;22;"Westbound Foster Ave @ Porter St";49.256262;-122.863873
"157";0;23;"Westbound Foster Ave @ Colinet St";49.256297;-122.867868
"157";0;24;"Westbound Cottonwood Ave @ Hailey St";49.258147;-122.870179
"157";0;25;"Westbound Cottonwood Ave @ Easterbrook St";49.25818;-122.875986
"157";0;26;"Westbound Cottonwood Ave @ Robinson St";49.258299;-122.879436
"157";0;27;"Westbound Foster Ave @ Fairview St";49.256781;-122.88358
"157";0;28;"Westbound Foster Ave @ Aspen St";49.256811;-122.887308
"157";0;29;"Northbound North Rd @ Foster Ave";49.257159;-122.89284
"157";0;30;"Northbound North Rd @ Cottonwood Ave";49.258543;-122.892871
"157";0;31;"Burquitlam Station @ Bay 1";49.261403;-122.889518
"157";1;1;"Burquitlam Station @ Bay 2";49.261203;-122.889784
"157";1;2;"Westbound Como Lake Ave @ Elmwood St";49.263168;-122.889692
"157";1;3;"Southbound North Rd @ Cottonwood Ave";49.258374;-122.893206
"157";1;4;"Eastbound Foster Ave @ Whiting Way";49.256747;-122.891445
"157";1;5;"Eastbound Foster Ave @ Fairview St";49.25667;-122.883377
"157";1;6;"Eastbound Cottonwood Ave @ Robinson St";49.258189;-122.879275
"157";1;7;"Eastbound Cottonwood Ave @ Easterbrook St";49.258085;-122.875359
"157";1;8;"Eastbound Cottonwood Ave @ Hailey St";49.258051;-122.870435
"157";1;9;"Eastbound Foster Ave @ Colinet St";49.256195;-122.867531
"157";1;10;"Eastbound Foster Ave @ Porter St";49.256134;-122.862822
"157";1;11;"Eastbound Foster Ave @ Gatensbury St";49.256082;-122.856992
"157";1;12;"Eastbound Foster Ave @ Schoolhouse St";49.256074;-122.851504
"157";1;13;"Southbound Poirier St @ Winslow Ave";49.254901;-122.846529
"157";1;14;"Westbound Winslow Ave @ Poirier St";49.253967;-122.847543
"157";1;15;"Southbound Schoolhouse St @ Winslow Ave";49.253562;-122.852368
"157";1;16;"Southbound Schoolhouse St @ King Albert Ave";49.251207;-122.852454
"157";1;17;"Southbound Schoolhouse St @ Austin Ave";49.24851;-122.852517
"157";1;18;"Westbound Rochester Ave @ Goyer Court";49.245083;-122.854837
"157";1;19;"Westbound Rochester Ave @ Laval St";49.24504;-122.857932
"157";1;20;"Southbound Marmont St @ Walls Ave";49.244168;-122.862301
"157";1;21;"Southbound Marmont St @ Delestre Ave";49.241402;-122.862327
"157";1;22;"Southbound Marmont St @ Alderson Ave";49.239975;-122.862316
"157";1;23;"Westbound Alderson Ave @ Nelson St";49.239769;-122.865624
"157";1;24;"Westbound Brunette Ave @ Lebleu St";49.237616;-122.868095
"157";1;25;"Westbound Brunette Ave @ Lougheed Hwy";49.236997;-122.8711
"157";1;26;"Westbound Lougheed Hwy @ 700 Block";49.23835;-122.878382
"157";1;27;"Westbound Lougheed Hwy @ 600 Block";49.241095;-122.883614
"157";1;28;"Westbound Lougheed Hwy @ 500 Block";49.243693;-122.888382
"157";1;29;"Northbound North Rd @ Lougheed Hwy";49.24647;-122.892571
"157";1;30;"Lougheed Station @ Bay 6";49.247428;-122.894766
"159";0;1;"Braid Station @ Bay 3";49.23321;-122.883024
"159";0;2;"Eastbound Brunette Ave @ Bernatchey St";49.23556;-122.875056
"159";0;3;"Eastbound Brunette Ave @ Blue Mountain St";49.236125;-122.873272
"159";0;4;"Eastbound Lougheed Hwy @ Woolridge St";49.235584;-122.867597
"159";0;5;"Eastbound Lougheed Hwy @ Woolridge Connector";49.234857;-122.864253
"159";0;6;"Eastbound United Blvd @ Clipper St";49.229195;-122.851917
"159";0;7;"Southbound Brigantine Dr @ United Blvd";49.228444;-122.84875
"159";0;8;"Eastbound Hartley Ave @ Brigantine Dr";49.226943;-122.848435
"159";0;9;"Eastbound Hartley Ave @ 1600 Block";49.226444;-122.843517
"159";0;10;"Northbound Schooner St @ Hartley Ave";49.226533;-122.839997
"159";0;11;"Eastbound United Blvd @ Schooner St";49.227932;-122.839097
"159";0;12;"Eastbound United Blvd @ Fawcett";49.228759;-122.835425
"159";0;13;"Eastbound United Blvd @ Leeder St";49.227385;-122.829442
"159";0;14;"Eastbound United Blvd @ Burbidge St";49.226312;-122.824684
"159";0;15;"Westbound Shuswap Ave @ North Bend St";49.230625;-122.820044
"159";0;16;"Westbound Canoe Ave @ 2400 Block";49.229778;-122.822559
"159";0;17;"Northbound Golden Dr @ Rocket Way";49.230983;-122.824438
"159";0;18;"Northbound Golden Dr @ 100 Block";49.23299;-122.823086
"159";0;19;"Eastbound Golden Dr @ North Bend St";49.233252;-122.820258
"159";0;20;"Northbound Shaughnessy St @ Mary Hill Bypass";49.227902;-122.795286
"159";0;21;"Northbound Shaughnessy St @ Citadel Dr";49.231882;-122.793872
"159";0;22;"Eastbound Citadel Dr @ Capital Court";49.228314;-122.79082
"159";0;23;"Eastbound Citadel Dr @ Palisade Cres";49.230026;-122.787046
"159";0;24;"Eastbound Citadel Dr @ Confederation Dr";49.232272;-122.783314
"159";0;25;"Eastbound Citadel Dr @ 900 Block";49.232555;-122.781276
"159";0;26;"Eastbound Citadel Dr @ Castle Cres";49.233378;-122.779168
"159";0;27;"Eastbound Citadel Dr @ Castle Cres";49.235627;-122.777414
"159";0;28;"Eastbound Citadel Dr @ Gateway Place";49.237825;-122.775392
"159";0;29;"Eastbound Citadel Dr @ Pitt River Rd";49.239024;-122.773839
"159";0;30;"Northbound Pitt River Rd @ Columbia Ave";49.242347;-122.77329
"159";0;31;"Northbound Pitt River Rd @ Pooley Ave";49.244874;-122.77348
"159";0;32;"Northbound Pitt River Rd @ Cameron Ave";49.248411;-122.771804
"159";0;33;"Northbound Pitt River Rd @ Warwick Ave";49.251424;-122.772318
"159";0;34;"Westbound Pitt River Rd @ McLean Ave";49.253624;-122.774236
"159";0;35;"Westbound Pitt River Rd @ Mary Hill Rd";49.254098;-122.778248
"159";0;36;"Northbound Mary Hill Rd @ Hawthorne Ave";49.257245;-122.778463
"159";0;37;"Westbound Wilson Ave @ Mary Hill Rd";49.260938;-122.779124
"159";0;38;"Westbound Wilson Ave @ Shaughnessy St";49.260924;-122.781672
"159";0;39;"Northbound Shaughnessy St @ McAllister Ave";49.262582;-122.781227
"159";0;40;"Northbound Shaughnessy St @ Lions Way";49.265899;-122.777782
"159";0;41;"Westbound Lougheed Hwy @ Hastings St";49.270604;-122.783366
"159";0;42;"Westbound Lougheed Hwy @ Westwood St";49.274252;-122.791893
"159";0;43;"Coquitlam Central Station @ Bay 10";49.275476;-122.798723
"159";1;1;"Coquitlam Central Station @ Bay 1";49.27573;-122.79841
"159";1;2;"Eastbound Lougheed Hwy @ Westwood St";49.274107;-122.792389
"159";1;3;"Eastbound Lougheed Hwy @ Hastings St";49.269622;-122.781555
"159";1;4;"Southbound Shaughnessy St @ Lions Way";49.266491;-122.77758
"159";1;5;"Southbound Shaughnessy St @ McAllister Ave";49.26239;-122.781673
"159";1;6;"Eastbound Wilson Ave @ Shaughnessy St";49.260807;-122.781601
"159";1;7;"Eastbound Wilson Ave @ Mary Hill Rd";49.260817;-122.777969
"159";1;8;"Port Coquitlam Station @ Bay 6";49.261013;-122.774138
"159";1;9;"Westbound Wilson Ave @ Kingsway Ave";49.260944;-122.776176
"159";1;10;"Southbound Mary Hill Rd @ Wilson Ave";49.260338;-122.778638
"159";1;11;"Southbound Mary Hill Rd @ Welcher Ave";49.257627;-122.778646
"159";1;12;"Southbound Mary Hill Rd @ Central Ave";49.255908;-122.778643
"159";1;13;"Eastbound Pitt River Rd @ Mary Hill Rd";49.253975;-122.777953
"159";1;14;"Eastbound Pitt River Rd @ Tyner St";49.25353;-122.774422
"159";1;15;"Southbound Pitt River Rd @ Warwick Cres";49.25065;-122.772359
"159";1;16;"Southbound Pitt River Rd @ Cameron Ave";49.24753;-122.772411
"159";1;17;"Southbound Pitt River Rd @ Pooley Ave";49.244861;-122.773673
"159";1;18;"Southbound Pitt River Rd @ Columbia Ave";49.241865;-122.773592
"159";1;19;"Westbound Citadel Dr @ Pitt River Rd";49.239063;-122.774036
"159";1;20;"Westbound Citadel Dr @ Gateway Place";49.236939;-122.776466
"159";1;21;"Westbound Citadel Dr @ Kensington Cres East";49.235725;-122.777541
"159";1;22;"Westbound Citadel Dr @ Kensington Cres West";49.234348;-122.778557
"159";1;23;"Westbound Citadel Dr @ 900 Block";49.2323;-122.783968
"159";1;24;"Southbound Citadel Dr @ Fortress Dr";49.231122;-122.786478
"159";1;25;"Southbound Citadel Dr @ Fortress Court";49.229566;-122.787563
"159";1;26;"Westbound Citadel Dr @ Capital Court";49.228417;-122.790545
"159";1;27;"Northbound Citadel Dr @ O'Flaherty Gate";49.23189;-122.793288
"159";1;28;"Southbound Shaughnessy St @ Mary Hill Bypass";49.227765;-122.795558
"159";1;29;"Westbound Shuswap Ave @ North Bend St";49.230625;-122.820044
"159";1;30;"Westbound Canoe Ave @ 2400 Block";49.229778;-122.822559
"159";1;31;"Northbound Golden Dr @ Rocket Way";49.230983;-122.824438
"159";1;32;"Northbound Golden Dr @ 100 Block";49.23299;-122.823086
"159";1;33;"Eastbound Golden Dr @ North Bend St";49.233252;-122.820258
"159";1;34;"Westbound United Blvd @ Burbidge St";49.226379;-122.824115
"159";1;35;"Westbound United Blvd @ Leeder St";49.227561;-122.829647
"159";1;36;"Westbound United Blvd @ Fawcett Rd";49.228627;-122.833611
"159";1;37;"Southbound Schooner St @ United Blvd";49.227525;-122.839914
"159";1;38;"Westbound Hartley Ave @ Schooner St";49.226279;-122.840852
"159";1;39;"Westbound Hartley Ave @ 1575 Block";49.226758;-122.845445
"159";1;40;"Northbound Brigantine Dr @ Hartley Ave";49.227417;-122.848828
"159";1;41;"Westbound United Blvd @ Brigantine Dr";49.229093;-122.849134
"159";1;42;"Westbound United Blvd @ Clipper St";49.229487;-122.853048
"159";1;43;"Westbound United Blvd @";49.229898;-122.856097
"159";1;44;"Westbound Lougheed Hwy @ King Edward St";49.234933;-122.863042
"159";1;45;"Westbound Brunette Ave @ Blue Mountain St";49.2362;-122.873716
"159";1;46;"Westbound Brunette Ave @ Bernatchey St";49.235228;-122.876618
"159";1;47;"Braid Station @ Bay 1";49.232855;-122.883137
"160";0;1;"Kootenay Loop @ Bay 2";49.281495;-123.026062
"160";0;2;"Eastbound Hastings St @ Ingleton Ave";49.280991;-123.018168
"160";0;3;"Eastbound Hastings St @ MacDonald Ave";49.280966;-123.015771
"160";0;4;"Eastbound Hastings St @ Gilmore Ave";49.280953;-123.013446
"160";0;5;"Eastbound Hastings St @ Madison Ave";49.280948;-123.008143
"160";0;6;"Eastbound Hastings St @ Willingdon Ave";49.280927;-123.005171
"160";0;7;"Eastbound Hastings St @ Alpha";49.2809;-123.00183
"160";0;8;"Eastbound Hastings St @ Beta Ave";49.280896;-122.996968
"160";0;9;"Eastbound Hastings St @ Hythe Ave";49.280184;-122.989776
"160";0;10;"Eastbound Hastings St @ Springer Ave";49.280252;-122.987294
"160";0;11;"Eastbound Hastings St @ Howard Ave";49.280242;-122.983238
"160";0;12;"Eastbound Hastings St @ Holdom Ave";49.280238;-122.979963
"160";0;13;"Eastbound Hastings St @ Fell Ave";49.280241;-122.975132
"160";0;14;"Eastbound Hastings St @ Kensington Ave";49.280235;-122.969233
"160";0;15;"Eastbound Hastings St @ Sperling Ave";49.280265;-122.963874
"160";0;16;"Northbound Inlet Dr @ Hastings St";49.281183;-122.957497
"160";0;17;"Northbound Inlet Dr @ Ridge Dr";49.283746;-122.955519
"160";0;18;"Northbound Inlet Dr @ Bayview Dr";49.287082;-122.952614
"160";0;19;"Eastbound Barnet Rd @ 7600 Block";49.289963;-122.940212
"160";0;20;"Eastbound Barnet Rd @ Barnet Marine Park";49.288791;-122.925354
"160";0;21;"Eastbound Barnet Rd @ Cariboo Rd";49.287702;-122.914775
"160";0;22;"Eastbound Barnet Rd @ 9900 Block";49.288535;-122.896201
"160";0;23;"Eastbound Barnet Hwy @ Reed Point Way";49.290672;-122.879957
"160";0;24;"Southbound Barnet Hwy @ Gore St";49.284239;-122.867369
"160";0;25;"Southbound Barnet Hwy @ Clarke St";49.278462;-122.867035
"160";0;26;"Eastbound St. Johns St @ Douglas St";49.276593;-122.863686
"160";0;27;"Eastbound St. Johns St @ Elgin St";49.276629;-122.861233
"160";0;28;"Eastbound St. Johns St @ Kyle St";49.276631;-122.856207
"160";0;29;"Eastbound St. Johns St @ Moody St";49.276575;-122.849147
"160";0;30;"Moody Centre Station @ Bay 4";49.277799;-122.846165
"160";0;31;"Eastbound St. Johns St @ Williams St";49.276544;-122.844333
"160";0;32;"Eastbound St. Johns St @ Buller St";49.276532;-122.839688
"160";0;33;"Eastbound St. Johns St @ Moray St";49.276599;-122.834269
"160";0;34;"Inlet Centre Station @ Bay 2";49.278102;-122.827095
"160";0;35;"Northbound Ioco Rd @ Suter Brook Way";49.2797;-122.82696
"160";0;36;"Northbound Ioco Rd @ Newport Dr";49.282831;-122.827884
"160";0;37;"Eastbound Ungless Way @ Ioco Rd";49.28425;-122.827325
"160";0;38;"Eastbound Guildford Way @ Ungless Way";49.283751;-122.822697
"160";0;39;"Eastbound Guildford Way @ Falcon Dr";49.284284;-122.81816
"160";0;40;"Eastbound Guildford Way @ Eagleridge Dr";49.283443;-122.81231
"160";0;41;"Eastbound Guildford Way @ Lansdowne Dr";49.284404;-122.80902
"160";0;42;"Eastbound Guildford Way @ Johnson St";49.285094;-122.80093
"160";0;43;"Eastbound Guildford Way @ Pacific St";49.285106999999996;-122.797418
"160";0;44;"Eastbound Guildford Way @ Town Centre Blvd";49.284897;-122.795058
"160";0;45;"Southbound Pinetree Way @ Guildford Way";49.284128;-122.793018
"160";0;46;"Southbound Pinetree Way @ Glen Dr";49.282274;-122.793385
"160";0;47;"Lincoln Station @ Bay 1";49.280029;-122.794024
"160";0;48;"Coquitlam Central Station @ Bay 1";49.27573;-122.79841
"160";0;49;"Eastbound Lougheed Hwy @ Westwood St";49.274107;-122.792389
"160";0;50;"Eastbound Lougheed Hwy @ Hastings St";49.269622;-122.781555
"160";0;51;"Southbound Shaughnessy St @ Lions Way";49.266491;-122.77758
"160";0;52;"Southbound Shaughnessy St @ McAllister Ave";49.26239;-122.781673
"160";0;53;"Eastbound Wilson Ave @ Shaughnessy St";49.260807;-122.781601
"160";0;54;"Eastbound Wilson Ave @ Mary Hill Rd";49.260817;-122.777969
"160";0;55;"Port Coquitlam Station @ Bay 4";49.261234;-122.774173
"160";1;1;"Port Coquitlam Station @ Bay 4";49.261234;-122.774173
"160";1;2;"Westbound Wilson Ave @ Kingsway Ave";49.260944;-122.776176
"160";1;3;"Westbound Wilson Ave @ Mary Hill Rd";49.260938;-122.779124
"160";1;4;"Westbound Wilson Ave @ Shaughnessy St";49.260924;-122.781672
"160";1;5;"Northbound Shaughnessy St @ McAllister Ave";49.262582;-122.781227
"160";1;6;"Northbound Shaughnessy St @ Lions Way";49.265899;-122.777782
"160";1;7;"Westbound Lougheed Hwy @ Hastings St";49.270604;-122.783366
"160";1;8;"Westbound Lougheed Hwy @ Westwood St";49.274252;-122.791893
"160";1;9;"Coquitlam Central Station @ Bay 2";49.275505;-122.798559
"160";1;10;"Northbound Pinetree Way @ Anson Ave";49.277739;-122.795695
"160";1;11;"Lincoln Station @ Bay 2";49.280122;-122.793523
"160";1;12;"Northbound Pinetree Way @ Glen Dr";49.283337;-122.792982
"160";1;13;"Lafarge Lake-Douglas Station @ Bay 3";49.285085;-122.793781
"160";1;14;"Westbound Guildford Way @ Pacific St";49.285315;-122.797263
"160";1;15;"Westbound Guildford Way @ Johnson St";49.285241;-122.802333
"160";1;16;"Westbound Guildford Way @ 2800 Block";49.285021;-122.806025
"160";1;17;"Westbound Guildford Way @ Lansdowne Dr";49.284287;-122.810431
"160";1;18;"Westbound Guildford Way @ Eagleridge Dr";49.283489;-122.813271
"160";1;19;"Westbound Guildford Way @ Falcon Dr";49.28477;-122.8189
"160";1;20;"Westbound Guildford Way @ Eagle Ridge Hospital";49.284341;-122.822202
"160";1;21;"Westbound Ungless Way @ Guildford Way";49.283995;-122.824236
"160";1;22;"Southbound Ioco Rd @ Newport Dr";49.282924;-122.828278
"160";1;23;"Southbound Ioco Rd @ Suter Brook Way";49.278865;-122.82742
"160";1;24;"Inlet Centre Station @ Bay 1";49.277967;-122.827449
"160";1;25;"Westbound St. Johns St @ Clearview Dr";49.276634;-122.831542
"160";1;26;"Westbound St. Johns St @ Moray St";49.276773;-122.835884
"160";1;27;"Westbound St. Johns St @ Buller St";49.276739;-122.840881
"160";1;28;"Moody Centre Station @ Bay 5";49.277828;-122.846536
"160";1;29;"Westbound St. Johns St @ Moody St";49.276769;-122.850673
"160";1;30;"Westbound St. Johns St @ Queens St";49.276788;-122.859243
"160";1;31;"Westbound St. Johns St @ Elgin St";49.276752;-122.862261
"160";1;32;"Northbound Barnet Hwy @ View St";49.280182;-122.866484
"160";1;33;"Northbound Barnet Hwy @ Union St";49.287092;-122.867643
"160";1;34;"Westbound Barnet Hwy @ Reed Point Way";49.291174;-122.878787
"160";1;35;"Westbound Barnet Rd @ 9900 Block";49.288748;-122.896524
"160";1;36;"Westbound Barnet Rd @ Cariboo Rd";49.287913;-122.915262
"160";1;37;"Westbound Barnet Rd @ Barnet Marine Park";49.289329;-122.926468
"160";1;38;"Westbound Barnet Rd @ Texaco Dr";49.290367;-122.932258
"160";1;39;"Westbound Barnet Rd @ 7500 Block";49.289625;-122.941653
"160";1;40;"Southbound Inlet Dr @ Bayview Dr";49.287022;-122.953127
"160";1;41;"Southbound Inlet Dr @ Ridge Dr";49.282881;-122.9565
"160";1;42;"Westbound Hastings St @ Cliff Ave";49.280434;-122.959531
"160";1;43;"Westbound Hastings St @ Sperling Ave";49.280454;-122.965315
"160";1;44;"Westbound Hastings St @ Kensington Ave";49.280464;-122.970602
"160";1;45;"Westbound Hastings St @ Fell Ave";49.280427;-122.976062
"160";1;46;"Westbound Hastings St @ Holdom Ave";49.280436;-122.98142
"160";1;47;"Westbound Hastings St @ Howard Ave";49.28043;-122.984501
"160";1;48;"Westbound Hastings St @ Springer Ave";49.280441;-122.988354
"160";1;49;"Westbound Hastings St @ Hythe Ave";49.28024;-122.991013
"160";1;50;"Westbound Hastings St @ Gamma Ave";49.281077;-122.995896
"160";1;51;"Westbound Hastings St @ Alpha Ave";49.281099;-123.000747
"160";1;52;"Westbound Hastings St @ Willingdon Ave";49.281129;-123.002663
"160";1;53;"Westbound Hastings St @ Madison Ave";49.281127;-123.009258
"160";1;54;"Westbound Hastings St @ MacDonald Ave";49.281164;-123.016705
"160";1;55;"Westbound Hastings St @ Ingleton Ave";49.281179;-123.01911
"160";1;56;"Westbound Hastings St @ Esmond Ave";49.281222;-123.021845
"160";1;57;"Kootenay Loop @ Bay 7";49.281204;-123.025393
"160";1;58;"Kootenay Loop @ Bay 2";49.281495;-123.026062
"169";0;1;"Braid Station @ Bay 1";49.232855;-122.883137
"169";0;2;"Eastbound Brunette Ave @ Bernatchey St";49.23556;-122.875056
"169";0;3;"Eastbound Brunette Ave @ Blue Mountain St";49.236125;-122.873272
"169";0;4;"Eastbound Lougheed Hwy @ Woolridge St";49.235584;-122.867597
"169";0;5;"Eastbound Lougheed Hwy @ Woolridge Connector";49.234857;-122.864253
"169";0;6;"Eastbound Lougheed Hwy @ King Edward St";49.23406;-122.860509
"169";0;7;"Eastbound Lougheed Hwy @ Schoolhouse St";49.232247;-122.851606
"169";0;8;"Eastbound Cape Horn Ave @ Colony Farm Rd";49.241138;-122.813498
"169";0;9;"Northbound Holly Dr @ Fern Terrace";49.245003;-122.807863
"169";0;10;"Northbound Holly Dr @ Sorrel St";49.247693;-122.804601
"169";0;11;"Northbound Holly Dr @ Lilac Place";49.249444;-122.803405
"169";0;12;"Northbound Holly Dr @ Rose Way";49.254069;-122.802413
"169";0;13;"Northbound Orchid Dr @ Palm Terrace";49.255729;-122.800598
"169";0;14;"Northbound Orchid Dr @ 2700 Block";49.258499;-122.800196
"169";0;15;"Northbound Lougheed Hwy @ Westwood St";49.26384;-122.798109
"169";0;16;"Westbound Dewdney Trunk Rd @ Norman Ave";49.27171;-122.802424
"169";0;17;"Coquitlam Central Station @ Bay 10";49.275476;-122.798723
"169";1;1;"Coquitlam Central Station @ Bay 11";49.275643;-122.798596
"169";1;2;"Southbound Lougheed Hwy @ Dewdney Trunk Rd";49.268103;-122.798889
"169";1;3;"Southbound Lougheed Hwy @ Chilko Dr";49.262254;-122.798186
"169";1;4;"Southbound Orchid Dr @ Holly Dr";49.256017;-122.800781
"169";1;5;"Southbound Holly Dr @ Campion Way";49.25414;-122.802491
"169";1;6;"Southbound Holly Dr @ Lilac Place";49.24941;-122.803543
"169";1;7;"Southbound Holly Dr @ Sorrel St";49.24664;-122.805242
"169";1;8;"Southbound Holly Dr @ Fern Terrace";49.244404;-122.808578
"169";1;9;"Westbound Cape Horn Ave @ Colony Farm Rd";49.241103;-122.813688
"169";1;10;"Westbound Lougheed Hwy @ Schoolhouse St";49.233024;-122.853816
"169";1;11;"Westbound Lougheed Hwy @ King Edward St";49.234933;-122.863042
"169";1;12;"Westbound Brunette Ave @ Blue Mountain St";49.2362;-122.873716
"169";1;13;"Westbound Brunette Ave @ Bernatchey St";49.235228;-122.876618
"169";1;14;"Braid Station @ Bay 1";49.232855;-122.883137
"170";0;1;"Northbound Western Dr @ Eastern Dr";49.240697;-122.783681
"170";0;2;"Northbound Western Dr @ Celeste Cres";49.243162;-122.781793
"170";0;3;"Northbound Western Dr @ Anita Dr";49.246699;-122.780551
"170";0;4;"Northbound Western Dr @ Lamprey Dr";49.249193;-122.779568
"170";0;5;"Northbound Western Dr @ Aire Cres";49.251694;-122.778134
"170";0;6;"Northbound Mary Hill Rd @ Lobb Ave";49.253356;-122.778707
"170";0;7;"Westbound Pitt River Rd @ Mary Hill Rd";49.254207;-122.778918
"170";0;8;"Westbound Pitt River Rd @ Shaughnessy St";49.254676;-122.78231
"170";0;9;"Westbound Pitt River Rd @ Rowland St";49.254698;-122.785777
"170";0;10;"Northbound Reeve St @ Hawthorne Ave";49.257511;-122.78796
"170";0;11;"Northbound Reeve St @ Atkins Ave";49.260259;-122.787956
"170";0;12;"Eastbound Wilson Ave @ Bury Ave";49.260801;-122.784366
"170";0;13;"Eastbound Wilson Ave @ Shaughnessy St";49.260807;-122.781601
"170";0;14;"Eastbound Wilson Ave @ Mary Hill Rd";49.260817;-122.777969
"170";0;15;"Port Coquitlam Station @ Bay 3";49.260996;-122.773778
"170";1;1;"Port Coquitlam Station @ Bay 3";49.260996;-122.773778
"170";1;2;"Westbound Wilson Ave @ Kingsway Ave";49.260944;-122.776176
"170";1;3;"Westbound Wilson Ave @ Mary Hill Rd";49.260938;-122.779124
"170";1;4;"Westbound Wilson Ave @ Shaughnessy St";49.260924;-122.781672
"170";1;5;"Southbound Shaughnessy St @ Atkins Ave";49.260172;-122.782798
"170";1;6;"Southbound Shaughnessy St @ Kelly Ave";49.258731;-122.782786
"170";1;7;"Southbound Shaughnessy St @ Hawthorne Ave";49.257059;-122.782772
"170";1;8;"Southbound Shaughnessy St @ Rindall Ave";49.255177;-122.782766
"170";1;9;"Eastbound Pitt River Rd @ Shaughnessy St";49.25452;-122.78189
"170";1;10;"Eastbound Pitt River Rd @ Mary Hill Rd";49.253975;-122.777953
"170";1;11;"Eastbound Pitt River Rd @ Tyner St";49.25353;-122.774422
"170";1;12;"Southbound Eastern Dr @ Penny Place";49.25251;-122.77462
"170";1;13;"Southbound Eastern Dr @ Langan Ave";49.249862;-122.774854
"170";1;14;"Southbound Eastern Dr @ Lamprey Dr";49.247778;-122.775408
"170";1;15;"Southbound Eastern Dr @ Oughton Dr";49.245655;-122.776388
"170";1;16;"Southbound Eastern Dr @ Belle Place";49.243092;-122.776147
"170";1;17;"Southbound Eastern Dr @ Carmen Place";49.241432;-122.777195
"170";1;18;"Westbound Eastern Dr @ Claudia Place";49.240425;-122.780704
"170";1;19;"Northbound Western Dr @ Eastern Dr";49.240697;-122.783681
"171";0;1;"Coquitlam Central Station @ Bay 13";49.274886;-122.79928
"171";0;2;"Eastbound Lougheed Hwy @ Westwood St";49.274107;-122.792389
"171";0;3;"Eastbound Lougheed Hwy @ Hastings St";49.269622;-122.781555
"171";0;4;"Eastbound Lougheed Hwy @ Shaughnessy St";49.266862;-122.775365
"171";0;5;"Eastbound Lougheed Hwy @ Oxford St";49.263215;-122.76658
"171";0;6;"Eastbound Lougheed Hwy @ Coast Meridian Rd";49.259401;-122.757446
"171";0;7;"Eastbound Lougheed Hwy @ Ottawa St";49.255522;-122.748207
"171";0;8;"Eastbound Sherling Ave @ Hawkins St";49.253526;-122.737917
"171";0;9;"Northbound Fremont Connector @ Sherling Ave";49.253669;-122.733641
"171";0;10;"Northbound Fremont Connector @ Nicola Ave";49.254759;-122.730933
"171";0;11;"Northbound Fremont Connector @ Seaborne Place";49.25615;-122.728676
"171";0;12;"Westbound Dominion Ave @ Fremont Connector";49.258459;-122.729332
"171";1;1;"Southbound Fremont St @ Dominion Ave";49.258051;-122.728821
"171";1;2;"Southbound Fremont Connector @ Seaborne Place";49.255861;-122.729109
"171";1;3;"Southbound Fremont Connector @ Nicola Ave";49.254639;-122.732037
"171";1;4;"Westbound Sherling Ave @ Fremont Connector";49.253654;-122.734648
"171";1;5;"Westbound Sherling Ave @ Hawkins St";49.253715;-122.738875
"171";1;6;"Westbound Lougheed Hwy @ Sherling Ave";49.253669;-122.742982
"171";1;7;"Westbound Lougheed Hwy @ Ottawa St";49.256074;-122.748653
"171";1;8;"Westbound Lougheed Hwy @ Dominion Ave";49.258332;-122.753993
"171";1;9;"Westbound Lougheed Hwy @ Oxford St";49.264109;-122.767958
"171";1;10;"Westbound Lougheed Hwy @ Shaughnessy St";49.267205;-122.775406
"171";1;11;"Westbound Lougheed Hwy @ Hastings St";49.270604;-122.783366
"171";1;12;"Westbound Lougheed Hwy @ Westwood St";49.274252;-122.791893
"171";1;13;"Coquitlam Central Station @ Bay 10";49.275476;-122.798723
"172";0;1;"Coquitlam Central Station @ Bay 13";49.274886;-122.79928
"172";0;2;"Eastbound Lougheed Hwy @ Westwood St";49.274107;-122.792389
"172";0;3;"Eastbound Lougheed Hwy @ Hastings St";49.269622;-122.781555
"172";0;4;"Northbound Shaughnessy St @ Fraser Ave";49.269579;-122.775187
"172";0;5;"Northbound Shaughnessy St @ Prairie Ave";49.271505;-122.775158
"172";0;6;"Northbound Shaughnessy St @ Dorset Ave";49.274171;-122.774844
"172";0;7;"Northbound Shaughnessy St @ Centennial Ave";49.276253;-122.773661
"172";0;8;"Northbound Shaughnessy St @ Stirling Ave";49.277902;-122.773076
"172";0;9;"Eastbound Lincoln Ave @ Flint St";49.278379;-122.770071
"172";0;10;"Southbound Oxford St @ Lincoln Ave";49.27807;-122.767306
"172";0;11;"Southbound Oxford St @ Laurier Ave";49.275149;-122.767246
"172";0;12;"Eastbound Prairie Ave @ Oxford St";49.271089;-122.766778
"172";0;13;"Eastbound Prairie Ave @ York St";49.271102;-122.764009
"172";0;14;"Eastbound Prairie Ave @ Wellington St";49.271109;-122.761201
"172";0;15;"Eastbound Prairie Ave @ Coast Meridian Rd";49.271107;-122.755186
"172";0;16;"Eastbound Prairie Ave @ Kilmer St";49.271159;-122.748622
"172";0;17;"Eastbound Prairie Ave @ Norfolk St";49.271172;-122.744239
"172";0;18;"Eastbound Prairie Ave @ Cedar Dr";49.271165;-122.740787
"172";0;19;"Eastbound Prairie Ave @ Skeena St";49.271205;-122.737216
"172";0;20;"Eastbound Prairie Ave @ Fremont St";49.27121;-122.734293
"172";0;21;"Southbound Fremont St @ Riverside Dr";49.267662;-122.73389
"172";0;22;"Westbound Riverside Dr @ Skeena St";49.267321;-122.737235
"172";0;23;"Westbound Riverside Dr @ Nechako Cres";49.267206;-122.739999
"172";0;24;"Southbound Riverside Dr @ Parana Dr";49.266002;-122.742272
"172";0;25;"Southbound Riverside Dr @ Riverwood Gate";49.264273;-122.742347
"172";0;26;"Southbound Riverside Dr @ Riverside Close";49.26251;-122.742419
"172";0;27;"Southbound Ottawa St @ Riverside Dr";49.260389;-122.746578
"172";0;28;"Eastbound Dominion Ave @ Ottawa St";49.25832;-122.745964
"172";0;29;"Eastbound Dominion Ave @ Hawkins St";49.258327;-122.737403
"172";0;30;"Eastbound Dominion Ave @ Fremont St";49.258318;-122.734582
"172";0;31;"Southbound Fremont St @ Dominion Ave";49.258051;-122.728821
"172";1;1;"Westbound Dominion Ave @ Fremont Connector";49.258459;-122.729332
"172";1;2;"Westbound Dominion Ave @ 500 Block";49.258456;-122.73438
"172";1;3;"Westbound Dominion Ave @ Avon Place";49.258457;-122.738097
"172";1;4;"Westbound Dominion Ave @ Ottawa St";49.258448;-122.745823
"172";1;5;"Eastbound Riverside Dr @ Ottawa St";49.260693;-122.745572
"172";1;6;"Eastbound Riverside Dr @ Nile Gate";49.261037;-122.743262
"172";1;7;"Northbound Riverside Dr @ Riverwood Gate";49.264247;-122.742182
"172";1;8;"Eastbound Riverside Dr @ Elbow Place";49.267115;-122.73932
"172";1;9;"Eastbound Riverside Dr @ Skeena St";49.267192;-122.73647
"172";1;10;"Westbound Prairie Ave @ Fremont St";49.271379;-122.734232
"172";1;11;"Westbound Prairie Ave @ Cedar Dr";49.271301;-122.74027
"172";1;12;"Westbound Prairie Ave @ Finley St";49.2713;-122.743447
"172";1;13;"Westbound Prairie Ave @ Kilmer St";49.271272;-122.749479
"172";1;14;"Westbound Prairie Ave @ Toronto St";49.271272;-122.753631
"172";1;15;"Westbound Prairie Ave @ Sefton St";49.271253;-122.757414
"172";1;16;"Westbound Prairie Ave @ Wellington St";49.271237;-122.76211
"172";1;17;"Westbound Prairie Ave @ York St";49.271225;-122.764826
"172";1;18;"Northbound Oxford St @ Prairie Ave";49.271579;-122.767086
"172";1;19;"Northbound Oxford St @ Laurier Ave";49.274955;-122.767154
"172";1;20;"Westbound Lincoln Ave @ Oxford St";49.278432;-122.767721
"172";1;21;"Southbound Shaughnessy St @ Lincoln Ave";49.278288;-122.773254
"172";1;22;"Southbound Shaughnessy St @ Patricia Ave";49.276561;-122.773723
"172";1;23;"Southbound Shaughnessy St @ Dorset Ave";49.274164;-122.775046
"172";1;24;"Southbound Shaughnessy St @ Prairie Ave";49.27075;-122.77538
"172";1;25;"Southbound Shaughnessy St @ Fraser Ave";49.268912;-122.775442
"172";1;26;"Westbound Lougheed Hwy @ Hastings St";49.270604;-122.783366
"172";1;27;"Westbound Lougheed Hwy @ Westwood St";49.274252;-122.791893
"172";1;28;"Coquitlam Central Station @ Bay 10";49.275476;-122.798723
"173";0;1;"Coquitlam Central Station @ Bay 14";49.275276;-122.799074
"173";0;2;"Eastbound Dewdney Trunk Rd @ Lougheed Hwy";49.268018;-122.796872
"173";0;3;"Eastbound Dewdney Trunk Rd @ Irvine St";49.268014;-122.794352
"173";0;4;"Southbound Westwood St @ Dewdney Trunk Rd";49.267485;-122.790769
"173";0;5;"Eastbound Kingsway Ave @ Burleigh Ave";49.26532;-122.788479
"173";0;6;"Eastbound Kingsway Ave @ Dixon St";49.265735;-122.78635
"173";0;7;"Southbound Maple St @ McAllister Ave";49.263652;-122.783603
"173";0;8;"Eastbound Wilson Ave @ Bury Ave";49.260801;-122.784366
"173";0;9;"Eastbound Wilson Ave @ Shaughnessy St";49.260807;-122.781601
"173";0;10;"Eastbound Wilson Ave @ Mary Hill Rd";49.260817;-122.777969
"173";0;11;"Port Coquitlam Station @ Bay 2";49.261178;-122.773908
"173";0;12;"Westbound Wilson Ave @ Kingsway Ave";49.260944;-122.776176
"173";0;13;"Westbound Wilson Ave @ Mary Hill Rd";49.260938;-122.779124
"173";0;14;"Westbound Wilson Ave @ Shaughnessy St";49.260924;-122.781672
"173";0;15;"Northbound Shaughnessy St @ McAllister Ave";49.262582;-122.781227
"173";0;16;"Eastbound Mall Access Rd @ Shaughnessy St";49.265229;-122.775585
"173";0;17;"Eastbound Oxford Connector @ 1900 Block";49.265107;-122.771589
"173";0;18;"Eastbound Oxford Connector @ Oxford St";49.263926;-122.768818
"173";0;19;"Northbound Oxford St @ Westminster Ave";49.265367;-122.767068
"173";0;20;"Northbound Oxford St @ Coquitlam Ave";49.267033;-122.767072
"173";0;21;"Eastbound Coquitlam Ave @ York St";49.267331;-122.763767
"173";0;22;"Eastbound Coquitlam Ave @ Wellington St";49.267361;-122.761245
"173";0;23;"Northbound Coast Meridian Rd @ Coquitlam Ave";49.267676;-122.756
"173";0;24;"Eastbound Prairie Ave @ Coast Meridian Rd";49.271107;-122.755186
"173";0;25;"Eastbound Prairie Ave @ Kilmer St";49.271159;-122.748622
"173";0;26;"Eastbound Prairie Ave @ Norfolk St";49.271172;-122.744239
"173";0;27;"Eastbound Prairie Ave @ Cedar Dr";49.271165;-122.740787
"173";0;28;"Northbound Cedar Dr @ Pinemont Ave";49.274238;-122.739036
"173";0;29;"Northbound Cedar Dr @ Lincoln Ave";49.278726;-122.738527
"173";0;30;"Northbound Cedar Dr @ Chelsea Ave";49.282431;-122.73836
"173";0;31;"Westbound Victoria Dr @ Rocklin St";49.285827;-122.737672
"173";1;1;"Eastbound Victoria Dr @ Mitchell St";49.285705;-122.74013
"173";1;2;"Eastbound Victoria Dr @ Rocklin St";49.285709;-122.737936
"173";1;3;"Southbound Cedar Dr @ Inverness St";49.282866;-122.738141
"173";1;4;"Southbound Cedar Dr @ Lincoln Ave";49.278103;-122.738732
"173";1;5;"Southbound Cedar Dr @ Pinemont Ave";49.273631;-122.739269
"173";1;6;"Westbound Prairie Ave @ Cedar Dr";49.271301;-122.74027
"173";1;7;"Westbound Prairie Ave @ Finley St";49.2713;-122.743447
"173";1;8;"Westbound Prairie Ave @ Kilmer St";49.271272;-122.749479
"173";1;9;"Westbound Prairie Ave @ Toronto St";49.271272;-122.753631
"173";1;10;"Westbound Coquitlam Ave @ Coast Meridian Rd";49.267482;-122.756676
"173";1;11;"Westbound Coquitlam Ave @ Wellington St";49.267424;-122.762047
"173";1;12;"Southbound Oxford St @ Coquitlam Ave";49.267061;-122.767276
"173";1;13;"Southbound Oxford St @ Westminster Ave";49.265742;-122.767267
"173";1;14;"Westbound Oxford Connector @ Oxford St";49.263833;-122.768302
"173";1;15;"Westbound Oxford Connector @ 1900 Block";49.265203;-122.771539
"173";1;16;"Westbound Oxford Connector @ 2000 Block";49.265558;-122.773711
"173";1;17;"Westbound Mall Access Rd @ Shaughnessy St";49.265535;-122.77606
"173";1;18;"Southbound Shaughnessy St @ McAllister Ave";49.26239;-122.781673
"173";1;19;"Eastbound Wilson Ave @ Shaughnessy St";49.260807;-122.781601
"173";1;20;"Eastbound Wilson Ave @ Mary Hill Rd";49.260817;-122.777969
"173";1;21;"Port Coquitlam Station @ Bay 1";49.261338;-122.774051
"173";1;22;"Westbound Wilson Ave @ Kingsway Ave";49.260944;-122.776176
"173";1;23;"Westbound Wilson Ave @ Mary Hill Rd";49.260938;-122.779124
"173";1;24;"Westbound Wilson Ave @ Shaughnessy St";49.260924;-122.781672
"173";1;25;"Northbound Maple St @ McAllister Ave";49.263567;-122.783538
"173";1;26;"Northbound Maple St @ Elgin Ave";49.264587;-122.781442
"173";1;27;"Westbound Kingsway Ave @ Jane St";49.265581;-122.787862
"173";1;28;"Westbound Dewdney Trunk Rd @ Westwood St";49.268102;-122.791167
"173";1;29;"Westbound Dewdney Trunk Rd @ Irvine St";49.268123;-122.795197
"173";1;30;"Westbound Dewdney Trunk Rd @ Norman Ave";49.27171;-122.802424
"173";1;31;"Coquitlam Central Station @ Bay 10";49.275476;-122.798723
"174";0;1;"Port Coquitlam Station @ Bay 2";49.261178;-122.773908
"174";0;2;"Westbound Wilson Ave @ Kingsway Ave";49.260944;-122.776176
"174";0;3;"Westbound Wilson Ave @ Mary Hill Rd";49.260938;-122.779124
"174";0;4;"Westbound Wilson Ave @ Shaughnessy St";49.260924;-122.781672
"174";0;5;"Northbound Shaughnessy St @ McAllister Ave";49.262582;-122.781227
"174";0;6;"Northbound Shaughnessy St @ Lions Way";49.265899;-122.777782
"174";0;7;"Northbound Shaughnessy St @ Fraser Ave";49.269579;-122.775187
"174";0;8;"Northbound Shaughnessy St @ Prairie Ave";49.271505;-122.775158
"174";0;9;"Northbound Shaughnessy St @ Dorset Ave";49.274171;-122.774844
"174";0;10;"Northbound Shaughnessy St @ Centennial Ave";49.276253;-122.773661
"174";0;11;"Northbound Shaughnessy St @ Stirling Ave";49.277902;-122.773076
"174";0;12;"Northbound Shaughnessy St @ Lodge Dr";49.285917;-122.768901
"174";0;13;"Northbound Shaughnessy St @ Keith Dr";49.289883;-122.767037
"174";0;14;"Northbound Shaughnessy St @ Flynn Cres";49.29142;-122.768962
"174";0;15;"Northbound Shaughnessy St @ Shaughnessy Place";49.294363;-122.770892
"174";0;16;"Eastbound David Ave @ Shaughnessy St";49.294599;-122.770477
"174";0;17;"Eastbound David Ave @ Oxford St";49.292972;-122.763659
"174";0;18;"Southbound Oxford St @ Forestgate Place";49.291226;-122.763205
"174";0;19;"Eastbound Mason Ave @ Oxford St";49.289214;-122.762596
"174";0;20;"Southbound Wellington St @ Canterbury Lane";49.286862;-122.761656
"174";0;21;"Eastbound Greenmount Ave @ Wellington St";49.284281;-122.760387
"174";0;22;"Northbound Coast Meridian Rd @ Greenmount Ave";49.285335;-122.755908
"174";0;23;"Eastbound Victoria Dr @ Toronto St";49.285675;-122.752628
"174";0;24;"Eastbound Victoria Dr @ Apel Dr";49.285676;-122.749593
"174";0;25;"Eastbound Victoria Dr @ Burke Mountain St";49.28568;-122.744835
"174";0;26;"Eastbound Victoria Dr @ Mitchell St";49.285705;-122.74013
"174";1;1;"Westbound Victoria Dr @ Rocklin St";49.285827;-122.737672
"174";1;2;"Westbound Victoria Dr @ Mitchell St";49.285812;-122.741303
"174";1;3;"Westbound Victoria Dr @ Burke Mountain St";49.285776;-122.745481
"174";1;4;"Westbound Victoria Dr @ Soball St";49.285831;-122.749947
"174";1;5;"Westbound Victoria Dr @ Toronto St";49.285793;-122.752581
"174";1;6;"Southbound Coast Meridian Rd @ Victoria Dr";49.284881;-122.756103
"174";1;7;"Westbound Greenmount Ave @ Coast Meridian Rd";49.284336;-122.756671
"174";1;8;"Northbound Wellington St @ Greenmount Ave";49.284535;-122.761576
"174";1;9;"Northbound Wellington St @ Canterbury Lane";49.286892;-122.761557
"174";1;10;"Northbound Wellington St @ Wellington Court";49.288097;-122.76154
"174";1;11;"Northbound Oxford St @ Mason Ave";49.289635;-122.763056
"174";1;12;"Northbound Oxford St @ Forestgate Place";49.291379;-122.763043
"174";1;13;"Westbound David Ave @ Oxford St";49.293152;-122.763574
"174";1;14;"Southbound Shaughnessy St @ David Place";49.29271;-122.771055
"174";1;15;"Southbound Shaughnessy St @ Flynn Cres";49.29107;-122.76846
"174";1;16;"Southbound Shaughnessy St @ Parkland Dr";49.288804;-122.767205
"174";1;17;"Southbound Shaughnessy St @ Lodge Dr";49.28677;-122.76846
"174";1;18;"Southbound Shaughnessy St @ Lincoln Ave";49.278288;-122.773254
"174";1;19;"Southbound Shaughnessy St @ Patricia Ave";49.276561;-122.773723
"174";1;20;"Southbound Shaughnessy St @ Dorset Ave";49.274164;-122.775046
"174";1;21;"Southbound Shaughnessy St @ Prairie Ave";49.27075;-122.77538
"174";1;22;"Southbound Shaughnessy St @ Fraser Ave";49.268912;-122.775442
"174";1;23;"Southbound Shaughnessy St @ Lions Way";49.266491;-122.77758
"174";1;24;"Southbound Shaughnessy St @ McAllister Ave";49.26239;-122.781673
"174";1;25;"Eastbound Wilson Ave @ Shaughnessy St";49.260807;-122.781601
"174";1;26;"Eastbound Wilson Ave @ Mary Hill Rd";49.260817;-122.777969
"174";1;27;"Port Coquitlam Station @ Bay 1";49.261338;-122.774051
"174";1;28;"Westbound Wilson Ave @ Kingsway Ave";49.260944;-122.776176
"174";1;29;"Westbound Wilson Ave @ Mary Hill Rd";49.260938;-122.779124
"174";1;30;"Westbound Wilson Ave @ Shaughnessy St";49.260924;-122.781672
"174";1;31;"Northbound Maple St @ McAllister Ave";49.263567;-122.783538
"174";1;32;"Northbound Maple St @ Elgin Ave";49.264587;-122.781442
"174";1;33;"Westbound Kingsway Ave @ Jane St";49.265581;-122.787862
"174";1;34;"Westbound Dewdney Trunk Rd @ Westwood St";49.268102;-122.791167
"174";1;35;"Westbound Dewdney Trunk Rd @ Irvine St";49.268123;-122.795197
"174";1;36;"Westbound Dewdney Trunk Rd @ Norman Ave";49.27171;-122.802424
"174";1;37;"Coquitlam Central Station @ Bay 10";49.275476;-122.798723
"175";0;1;"Coquitlam Central Station @ Bay 12";49.275845;-122.798427
"175";0;2;"Eastbound Dewdney Trunk Rd @ Lougheed Hwy";49.268018;-122.796872
"175";0;3;"Eastbound Dewdney Trunk Rd @ Irvine St";49.268014;-122.794352
"175";0;4;"Southbound Westwood St @ Dewdney Trunk Rd";49.267485;-122.790769
"175";0;5;"Eastbound Kingsway Ave @ Burleigh Ave";49.26532;-122.788479
"175";0;6;"Eastbound Kingsway Ave @ Dixon St";49.265735;-122.78635
"175";0;7;"Southbound Maple St @ McAllister Ave";49.263652;-122.783603
"175";0;8;"Eastbound Wilson Ave @ Bury Ave";49.260801;-122.784366
"175";0;9;"Eastbound Wilson Ave @ Shaughnessy St";49.260807;-122.781601
"175";0;10;"Eastbound Wilson Ave @ Mary Hill Rd";49.260817;-122.777969
"175";0;11;"Port Coquitlam Station @ Bay 2";49.261178;-122.773908
"175";0;12;"Eastbound Kingsway Ave @ Tyner St";49.258013;-122.774875
"175";0;13;"Eastbound Kingsway Ave @ 1900 Block";49.255645;-122.769332
"175";0;14;"Eastbound Kingsway Ave @ McLean Ave";49.253922;-122.765061
"175";0;15;"Southbound Broadway St @ Kingsway Ave";49.252057;-122.76242
"175";0;16;"Southbound Broadway St @ Langan Ave";49.249867;-122.762534
"175";0;17;"Southbound Broadway St @ Cameron Ave";49.247786;-122.762468
"175";0;18;"Southbound Broadway St @ Industrial Ave";49.24518;-122.762542
"175";0;19;"Southbound Broadway St @ Mary Hill Bypass";49.242472;-122.762497
"175";0;20;"Southbound Broadway St @ Mary Hill Bypass";49.239875;-122.760842
"175";0;21;"Eastbound Kebet Way @ Spitfire Place";49.241311;-122.755753
"175";0;22;"Eastbound Kebet Way @ Mustang Place";49.243514;-122.748593
"175";1;1;"Eastbound Kebet Way @ Mustang Place";49.243514;-122.748593
"175";1;2;"Eastbound Kebet Way @ Kingsway Ave";49.244643;-122.745787
"175";1;3;"Westbound Kingsway Ave @ Mary Hill Bypass";49.247446;-122.749616
"175";1;4;"Westbound Kingsway Ave @ Coast Meridian Rd";49.249677;-122.754883
"175";1;5;"Westbound Kingsway Ave @ 1900 Block";49.255772;-122.769228
"175";1;6;"Westbound Kingsway Ave @ Tyner St";49.257999;-122.77455
"175";1;7;"Port Coquitlam Station @ Bay 1";49.261338;-122.774051
"175";1;8;"Westbound Wilson Ave @ Kingsway Ave";49.260944;-122.776176
"175";1;9;"Westbound Wilson Ave @ Mary Hill Rd";49.260938;-122.779124
"175";1;10;"Westbound Wilson Ave @ Shaughnessy St";49.260924;-122.781672
"175";1;11;"Northbound Maple St @ McAllister Ave";49.263567;-122.783538
"175";1;12;"Northbound Maple St @ Elgin Ave";49.264587;-122.781442
"175";1;13;"Westbound Kingsway Ave @ Jane St";49.265581;-122.787862
"175";1;14;"Westbound Dewdney Trunk Rd @ Westwood St";49.268102;-122.791167
"175";1;15;"Westbound Dewdney Trunk Rd @ Irvine St";49.268123;-122.795197
"175";1;16;"Westbound Dewdney Trunk Rd @ Norman Ave";49.27171;-122.802424
"175";1;17;"Coquitlam Central Station @ Bay 10";49.275476;-122.798723
"180";0;1;"Lougheed Station @ Bay 6";49.247428;-122.894766
"180";0;2;"Northbound North Rd @ Gatineau Place";49.248513;-122.892661
"180";0;3;"Northbound North Rd @ Austin Ave";49.250455;-122.892713
"180";0;4;"Northbound North Rd @ Cameron St";49.253122;-122.892752
"180";0;5;"Northbound North Rd @ Foster Ave";49.257159;-122.89284
"180";0;6;"Northbound North Rd @ Cottonwood Ave";49.258543;-122.892871
"180";0;7;"Burquitlam Station @ Bay 5";49.261648;-122.889791
"180";0;8;"Northbound Clarke Rd @ Como Lake Ave";49.264022;-122.886773
"180";0;9;"Northbound Clarke Rd @ Kemsley Ave";49.266694;-122.883423
"180";0;10;"Northbound Clarke Rd @ Robinson St";49.268704;-122.880872
"180";0;11;"Northbound Glenayre Dr @ Clarke Rd";49.270411;-122.879877
"180";0;12;"Northbound Glenayre Dr @ Glenacre Court";49.273116;-122.880481
"180";0;13;"Northbound Glenayre Dr @ Mount Royal Dr";49.275283;-122.880603
"180";0;14;"Northbound Glenayre Dr @ Valour Dr";49.276613;-122.880679
"180";0;15;"Northbound Glenayre Dr @ Angela Dr";49.279151;-122.880837
"180";0;16;"Northbound Princeton Ave @ Harvard Dr";49.283212;-122.876873
"180";0;17;"Northbound Princeton Ave @ McGill Dr";49.285269;-122.876287
"180";0;18;"Eastbound Washington Dr @ 800 Block";49.287802;-122.873455
"180";0;19;"Eastbound Washington Dr @ 800 Block";49.286765;-122.872152
"180";0;20;"Southbound Washington Dr @ Yale Rd";49.285114;-122.871148
"180";0;21;"Southbound College Park Way @ Oxford Dr";49.283358;-122.871398
"180";0;22;"Southbound Cecile Dr @ Evergreen Dr";49.280889;-122.875083
"180";0;23;"Southbound Cecile Dr @ Angela Dr";49.278404;-122.875583
"180";0;24;"Eastbound Cecile Dr @ 1000 Block";49.275792;-122.874738
"180";0;25;"Eastbound Cecile Dr @ Highview Place";49.274941;-122.872485
"180";0;26;"Eastbound Clarke Rd @ Albert St";49.276538;-122.867112
"180";0;27;"Eastbound St. Johns St @ Douglas St";49.276593;-122.863686
"180";0;28;"Eastbound St. Johns St @ Elgin St";49.276629;-122.861233
"180";0;29;"Eastbound St. Johns St @ Kyle St";49.276631;-122.856207
"180";0;30;"Eastbound St. Johns St @ Moody St";49.276575;-122.849147
"180";0;31;"Moody Centre Station @ Bay 1 Unloading Only";49.277676;-122.84529
"180";1;1;"Moody Centre Station @ Bay 6";49.277828;-122.84682
"180";1;2;"Westbound St. Johns St @ Moody St";49.276769;-122.850673
"180";1;3;"Westbound St. Johns St @ Mary St";49.276809;-122.855015
"180";1;4;"Westbound St. Johns St @ Queens St";49.276788;-122.859243
"180";1;5;"Westbound St. Johns St @ Elgin St";49.276752;-122.862261
"180";1;6;"Westbound St. Johns St @ Barnet Hwy";49.276695;-122.867831
"180";1;7;"Westbound Cecile Dr @ Highview Place";49.275131;-122.87269
"180";1;8;"Westbound Cecile Dr @ 1000 Block";49.275949;-122.874831
"180";1;9;"Northbound Cecile Dr @ Cecile Place";49.278128;-122.875416
"180";1;10;"Northbound Cecile Dr @ Evergreen Dr";49.280945;-122.874881
"180";1;11;"Northbound College Park Way @ Oxford Dr";49.283349;-122.871204
"180";1;12;"Northbound Washington Dr @ Yale Rd";49.285097;-122.871016
"180";1;13;"Westbound Washington Dr @ 800 Block";49.286817;-122.872061
"180";1;14;"Westbound Washington Dr @ 800 Block";49.287851;-122.873349
"180";1;15;"Westbound Washington Dr @ Princeton Ave";49.288368;-122.876048
"180";1;16;"Southbound Princeton Ave @ Yale Rd";49.286065;-122.876341
"180";1;17;"Southbound Princeton Ave @ McMaster Court";49.284485;-122.87665
"180";1;18;"Southbound Princeton Ave @ Harvard Dr";49.282564;-122.877971
"180";1;19;"Southbound Glenayre Dr @ College Park Way";49.280956;-122.880444
"180";1;20;"Southbound Glenayre Dr @ Angela Dr";49.27799;-122.880933
"180";1;21;"Southbound Glenayre Dr @ Valour Dr";49.276139;-122.880829
"180";1;22;"Southbound Glenayre Dr @ Glencoe Dr";49.27426;-122.880698
"180";1;23;"Southbound Glenayre Dr @ Caithness Cres";49.271668;-122.880579
"180";1;24;"Southbound Glenayre Dr @ Clarke Rd";49.270272;-122.879936
"180";1;25;"Southbound Clarke Rd @ Thompson Ave";49.268141;-122.881911
"180";1;26;"Southbound Clarke Rd @ Kemsley Ave";49.266341;-122.884085
"180";1;27;"Burquitlam Station @ Bay 6";49.262283;-122.88931
"180";1;28;"Southbound North Rd @ Cottonwood Ave";49.258374;-122.893206
"180";1;29;"Southbound North Rd @ Foster Ave";49.255871;-122.893156
"180";1;30;"Southbound North Rd @ Cameron St";49.252969;-122.893126
"180";1;31;"Southbound North Rd @ Austin Rd";49.248477;-122.893
"180";1;32;"Lougheed Station @ Bay 6";49.247428;-122.894766
"181";0;1;"Moody Centre Station @ Bay 7";49.27783;-122.847102
"181";0;2;"Eastbound Murray St @ Hugh St";49.278797;-122.847702
"181";0;3;"Eastbound Murray St @ 2900 Block";49.278787;-122.845471
"181";0;4;"Eastbound Murray St @ Electronic Ave";49.278764;-122.841695
"181";0;5;"Eastbound Murray St @ Klahanie Dr West";49.279358;-122.838591
"181";0;6;"Eastbound Murray St @ Klahanie Dr East";49.280456;-122.832769
"181";0;7;"Eastbound Murray St @ Capilano Rd";49.28043;-122.830486
"181";0;8;"Northbound Ioco Rd @ Newport Dr";49.282831;-122.827884
"181";0;9;"Westbound Ioco Rd @ Metta St";49.286494;-122.834973
"181";0;10;"Westbound Ioco Rd @ Harbour Place";49.288036;-122.838341
"181";0;11;"Westbound Ioco Rd @ Mercier Rd";49.289952;-122.842591
"181";0;12;"Westbound Ioco Rd @ Kicking Horse Way";49.291117;-122.846162
"181";0;13;"Westbound Ioco Rd @ Walton Way";49.292293;-122.851541
"181";0;14;"Westbound Ioco Rd @ Alderside Rd";49.292872;-122.853379
"181";0;15;"Westbound Ioco Rd @ Barber St";49.294436;-122.856085
"181";0;16;"Westbound Ioco Rd @ 1100 Block";49.296265;-122.860284
"181";0;17;"Westbound Ioco Rd @ April Rd";49.299031;-122.864416
"181";0;18;"Northbound 1st Ave @ Ioco Rd";49.303024;-122.873386
"181";0;19;"Southbound 2nd Ave @ Ioco Rd";49.302877;-122.874617
"181";1;1;"Southbound 2nd Ave @ Ioco Rd";49.302877;-122.874617
"181";1;2;"Eastbound Ioco Rd @ Beach Ave";49.30235;-122.870879
"181";1;3;"Eastbound Ioco Rd @ Alderside Rd";49.299217;-122.865033
"181";1;4;"Eastbound Ioco Rd @ 1100 Block";49.297029;-122.861479
"181";1;5;"Eastbound Ioco Rd @ Barber St";49.294153;-122.85563
"181";1;6;"Eastbound Ioco Rd @ Alderside Rd";49.292467;-122.852841
"181";1;7;"Eastbound Ioco Rd @ Bentley Rd";49.290987;-122.845367
"181";1;8;"Eastbound Ioco Rd @ San Remo Dr";49.289561;-122.842305
"181";1;9;"Eastbound Ioco Rd @ Campbell Rd";49.287883;-122.83809
"181";1;10;"Eastbound Ioco Rd @ Metta Lane";49.28635;-122.835058
"181";1;11;"Eastbound Ioco Rd @ Knowle St";49.283936;-122.829596
"181";1;12;"Southbound Ioco Rd @ Newport Dr";49.282924;-122.828278
"181";1;13;"Westbound Murray St @ Capilano Rd";49.28063;-122.830879
"181";1;14;"Westbound Murray St @ Klahanie Dr East";49.280637;-122.833714
"181";1;15;"Westbound Murray St @ Electronic Ave";49.278907;-122.841931
"181";1;16;"Westbound Murray St @ 2900 Block";49.278915;-122.845681
"181";1;17;"Westbound Murray St @ Hugh St";49.278926;-122.848134
"181";1;18;"Moody Centre Station @ Bay 1 Unloading Only";49.277676;-122.84529
"182";0;1;"Moody Centre Station @ Bay 8";49.277832;-122.847385
"182";0;2;"Eastbound Murray St @ Hugh St";49.278797;-122.847702
"182";0;3;"Eastbound Murray St @ 2900 Block";49.278787;-122.845471
"182";0;4;"Eastbound Murray St @ Electronic Ave";49.278764;-122.841695
"182";0;5;"Eastbound Murray St @ Klahanie Dr West";49.279358;-122.838591
"182";0;6;"Eastbound Murray St @ Klahanie Dr East";49.280456;-122.832769
"182";0;7;"Eastbound Murray St @ Capilano Rd";49.28043;-122.830486
"182";0;8;"Northbound Ioco Rd @ Newport Dr";49.282831;-122.827884
"182";0;9;"Northbound Heritage Mountain Blvd @ Ungless Way";49.284992;-122.828651
"182";0;10;"Eastbound Ravine Dr @ Arrow Wood Place";49.289613;-122.831382
"182";0;11;"Northbound Ravine Dr @ Brackenridge Place";49.291081;-122.831438
"182";0;12;"Eastbound Ravine Dr @ Creekstone Place";49.292131;-122.829429
"182";0;13;"Northbound Ravine Dr @ Deerwood Place";49.293216;-122.827517
"182";0;14;"Westbound Ravine Dr @ Buckhorn Place";49.294819;-122.83086
"182";0;15;"Westbound Ravine Dr @ Turner Creek Dr";49.29514;-122.834143
"182";0;16;"Southbound Turner Creek Dr @ Ravine Dr";49.294836;-122.835888
"182";0;17;"Southbound Turner Creek Dr @ Heritage Mountain Blvd";49.293537;-122.838479
"182";0;18;"Northbound Heritage Mountain Blvd @ 1200 Block";49.296119;-122.843085
"182";0;19;"Eastbound David Ave @ 1300 Block";49.297032;-122.839788
"182";0;20;"Northbound Aspenwood Dr @ Forest Park Way";49.298541;-122.833696
"182";0;21;"Northbound East Rd @ Blackberry Dr";49.300172;-122.835368
"182";0;22;"Northbound East Rd @ 1400 Block";49.304307;-122.838479
"182";0;23;"Northbound East Rd @ Strong Rd";49.306379;-122.840343
"182";0;24;"Northbound East Rd @ Wyndham Cres";49.309844;-122.843398
"182";0;25;"Westbound East Rd @ 2400 Block";49.314596;-122.850069
"182";0;26;"Southbound Sunnyside Rd @ East Rd";49.314085;-122.855814
"182";0;27;"Southbound Sunnyside Rd @ Elementary Rd";49.311561;-122.857193
"182";0;28;"Westbound Sunnyside Rd @ Summerwood Lane";49.307956;-122.862785
"182";0;29;"(Westbound Sunnyside Rd In 2200-Block Area) @ 2200 Block (Flag)";49.30957;-122.868539
"182";0;30;"(Westbound Bedwell Bay Rd In 1000-Block Area) (Flag)";49.309815;-122.874173
"182";0;31;"(Westbound Bedwell Bay Rd In Crystal Creek Dr Area) (Flag)";49.314374;-122.877947
"182";0;32;"Westbound Bedwell Bay Rd @ White Pine Beach Rd";49.314355;-122.88435
"182";0;33;"(Westbound Bedwell Bay Rd In 3000-Block Area) (Flag)";49.31975;-122.893028
"182";0;34;"Westbound Bedwell Bay Rd @ Senkler Rd";49.32353;-122.89958
"182";0;35;"Westbound Bedwell Bay Rd @ 3900 Block";49.317209;-122.910135
"182";0;36;"Westbound Bedwell Bay Rd @ Midden Rd";49.313511;-122.922967
"182";0;37;"Southbound Belcarra Bay Rd @ Whiskey Cove Lane";49.321611;-122.925493
"182";1;1;"Southbound Belcarra Bay Rd @ Whiskey Cove Lane";49.321611;-122.925493
"182";1;2;"Southbound Belcarra Bay Rd @ Salish Rd";49.319017;-122.926926
"182";1;3;"Eastbound Bedwell Bay Rd @ Midden Rd";49.313465;-122.923185
"182";1;4;"Eastbound Bedwell Bay Rd @ 3900 Block";49.317311;-122.909827
"182";1;5;"Eastbound Bedwell Bay Rd @ Kelly Rd";49.320864;-122.906174
"182";1;6;"(Eastbound Bedwell Bay Rd In 3000-Block Area) (Flag)";49.320066;-122.893762
"182";1;7;"(Eastbound Bedwell Bay Rd In 2000-Block Area) (Flag)";49.314007;-122.883608
"182";1;8;"(Eastbound Bedwell Bay Rd In Crystal Creek Dr Area) (Flag)";49.314292;-122.877943
"182";1;9;"(Eastbound Bedwell Bay Rd In 1000-Block Area) (Flag)";49.309688;-122.874363
"182";1;10;"(Eastbound Sunnyside Rd In 2200-Block Area) @ 2200 Block (Flag)";49.30923;-122.869268
"182";1;11;"Eastbound Sunnyside Rd @ 2000 Block";49.307873;-122.86469
"182";1;12;"Northbound Sunnyside Rd @ Alder Way";49.31089;-122.857692
"182";1;13;"Eastbound East Rd @ Sunnyside Rd";49.31447;-122.854993
"182";1;14;"Eastbound East Rd @ 2300 Block";49.314479;-122.848991
"182";1;15;"Southbound East Rd @ Wyndham Cres";49.310197;-122.843823
"182";1;16;"Southbound East Rd @ Strong Rd";49.306399;-122.840471
"182";1;17;"Southbound East Rd @ 1400 Block";49.304406;-122.838698
"182";1;18;"Southbound East Rd @ Blackberry Dr";49.300062;-122.835526
"182";1;19;"Westbound Forest Park Way @ Aspenwood Dr";49.298278;-122.833881
"182";1;20;"Westbound David Ave @ 1300 Block";49.297443;-122.840415
"182";1;21;"Southbound Heritage Mountain Blvd @ Foxwood Dr";49.295561;-122.842676
"182";1;22;"Northbound Turner Creek Dr @ Parkglen Place";49.294453;-122.836167
"182";1;23;"Eastbound Ravine Dr @ 100 Block";49.295018;-122.834259
"182";1;24;"Southbound Ravine Dr @ Buckhorn Place";49.294455;-122.830027
"182";1;25;"Southbound Ravine Dr @ Wildwood Dr East";49.29406;-122.828689
"182";1;26;"Southbound Ravine Dr @ Creekstone Place";49.292561;-122.83056
"182";1;27;"Southbound Ravine Dr @ Boulderwood Place";49.290957;-122.831477
"182";1;28;"Westbound Ravine Dr @ Heritage Mountain Blvd";49.289443;-122.832735
"182";1;29;"Southbound Ioco Rd @ Newport Dr";49.282924;-122.828278
"182";1;30;"Westbound Murray St @ Capilano Rd";49.28063;-122.830879
"182";1;31;"Westbound Murray St @ Klahanie Dr East";49.280637;-122.833714
"182";1;32;"Westbound Murray St @ Electronic Ave";49.278907;-122.841931
"182";1;33;"Westbound Murray St @ 2900 Block";49.278915;-122.845681
"182";1;34;"Westbound Murray St @ Hugh St";49.278926;-122.848134
"182";1;35;"Moody Centre Station @ Bay 1 Unloading Only";49.277676;-122.84529
"183";0;1;"Moody Centre Station @ Bay 3";49.277757;-122.84582
"183";0;2;"Eastbound St. Johns St @ Williams St";49.276544;-122.844333
"183";0;3;"Eastbound St. Johns St @ Buller St";49.276532;-122.839688
"183";0;4;"Eastbound St. Johns St @ Moray St";49.276599;-122.834269
"183";0;5;"Inlet Centre Station @ Bay 2";49.278102;-122.827095
"183";0;6;"Northbound Ioco Rd @ Suter Brook Way";49.2797;-122.82696
"183";0;7;"Northbound Ioco Rd @ Newport Dr";49.282831;-122.827884
"183";0;8;"Northbound Heritage Mountain Blvd @ Ungless Way";49.284992;-122.828651
"183";0;9;"Northbound Heritage Mountain Blvd @ Ravine Dr";49.28975;-122.833217
"183";0;10;"Northbound Heritage Mountain Blvd @ Parkglen Place";49.29198;-122.834909
"183";0;11;"Northbound Heritage Mountain Blvd @ Turner Creek Dr";49.292797;-122.837533
"183";0;12;"Northbound Heritage Mountain Blvd @ 1200 Block";49.296119;-122.843085
"183";0;13;"Eastbound David Ave @ 1300 Block";49.297032;-122.839788
"183";0;14;"Northbound Forest Park Way @ Aspenwood Drive South";49.298354;-122.833187
"183";0;15;"Northbound Forest Park Way @ Aspenwood Dr";49.300612;-122.832942
"183";0;16;"Northbound Forest Park Way @ Firview Place";49.30284;-122.833432
"183";0;17;"Southbound Panorama Dr @ Forest Park Way";49.304041;-122.830381
"183";0;18;"Southbound Panorama Dr @ Panorama Place";49.302407;-122.829727
"183";0;19;"Eastbound Panorama Dr @ Stoneridge Lane";49.301023;-122.822467
"183";0;20;"Eastbound Panorama Dr @ Sandstone Cres";49.299145;-122.819247
"183";0;21;"Eastbound Panorama Dr @ Noons Creek Dr";49.297442;-122.81541
"183";0;22;"Eastbound Panorama Dr @ Lansdowne Dr";49.297416;-122.813092
"183";0;23;"Eastbound Panorama Dr @ Parkway Blvd";49.297486;-122.808979
"183";0;24;"Eastbound Panorama Dr @ 2900 Block";49.298739;-122.803963
"183";0;25;"Eastbound Johnson St @ 1400 Block";49.30081;-122.796798
"183";0;26;"Eastbound Johnson St @ Robson Dr";49.300889;-122.79515
"183";0;27;"Eastbound Robson Dr @ Waterford Place";49.300037;-122.78984
"183";0;28;"Southbound Pinetree Way @ Robson Dr";49.298477;-122.787901
"183";0;29;"Southbound Pinetree Way @ David Ave";49.293797;-122.790462
"183";0;30;"Southbound Pinetree Way @ 1300 Block";49.291971;-122.790158
"183";0;31;"Southbound Pinetree Way @ Pinewood Ave";49.290649;-122.789975
"183";0;32;"Southbound Pinetree Way @ Douglas College";49.28816;-122.790782
"183";0;33;"Lafarge Lake-Douglas Station @ Bay 2";49.286545;-122.791683
"183";0;34;"Southbound Pinetree Way @ Guildford Way";49.284128;-122.793018
"183";0;35;"Southbound Pinetree Way @ Glen Dr";49.282274;-122.793385
"183";0;36;"Lincoln Station @ Bay 1";49.280029;-122.794024
"183";0;37;"Coquitlam Central Station @ Bay 6";49.27466;-122.799011
"183";1;1;"Coquitlam Central Station @ Bay 5";49.274999;-122.798874
"183";1;2;"Northbound Pinetree Way @ Anson Ave";49.277739;-122.795695
"183";1;3;"Lincoln Station @ Bay 2";49.280122;-122.793523
"183";1;4;"Northbound Pinetree Way @ Glen Dr";49.283337;-122.792982
"183";1;5;"Lafarge Lake-Douglas Station @ Bay 1";49.285967;-122.79157
"183";1;6;"Northbound Pinetree Way @ Douglas College";49.289194;-122.789809
"183";1;7;"Northbound Pinetree Way @ Pinewood Ave";49.291226;-122.789614
"183";1;8;"Northbound Pinetree Way @ 1300 Block";49.292615;-122.790129
"183";1;9;"Northbound Pinetree Way @ Silver Springs Blvd";49.294729;-122.788704
"183";1;10;"Westbound Robson Dr @ Pinetree Way";49.298993;-122.78761
"183";1;11;"Westbound Robson Dr @ Madrona Place";49.300339;-122.79179
"183";1;12;"Westbound Johnson St @ Robson Dr";49.301041;-122.794107
"183";1;13;"Westbound Johnson St @ 1400 Block";49.300914;-122.797006
"183";1;14;"Westbound Panorama Dr @ Johnson St";49.299379;-122.802263
"183";1;15;"Westbound Panorama Dr @ 2900 Block";49.298124;-122.80636
"183";1;16;"Westbound Panorama Dr @ Parkway Blvd";49.297586;-122.809782
"183";1;17;"Westbound Panorama Dr @ Lansdowne Dr";49.29749;-122.814601
"183";1;18;"Westbound Panorama Dr @ Noons Creek Dr";49.297671;-122.8162
"183";1;19;"Westbound Panorama Dr @ Greenstone Court";49.299;-122.818864
"183";1;20;"Westbound Panorama Dr @ Eagle Mountain Dr";49.300229;-122.820359
"183";1;21;"Westbound Panorama Dr @ Stoneridge Lane";49.301123;-122.822723
"183";1;22;"Northbound Panorama Dr @ Panorama Place";49.302619;-122.82966
"183";1;23;"Northbound Panorama Dr @ Forest Park Way";49.303931;-122.830118
"183";1;24;"Southbound Forest Park Way @ Fernway Dr";49.303484;-122.832895
"183";1;25;"Southbound Forest Park Way @ Firview Place";49.302477;-122.833849
"183";1;26;"Southbound Forest Park Way @ Linden Court";49.300553;-122.833069
"183";1;27;"Westbound Forest Park Way @ Aspenwood Dr";49.298278;-122.833881
"183";1;28;"Westbound David Ave @ 1300 Block";49.297443;-122.840415
"183";1;29;"Southbound Heritage Mountain Blvd @ Foxwood Dr";49.295561;-122.842676
"183";1;30;"Southbound Heritage Mountain Blvd @ Parkside Dr";49.292711;-122.838034
"183";1;31;"Southbound Heritage Mountain Blvd @ Ravine Dr";49.289083;-122.83355
"183";1;32;"Southbound Ioco Rd @ Newport Dr";49.282924;-122.828278
"183";1;33;"Southbound Ioco Rd @ Suter Brook Way";49.278865;-122.82742
"183";1;34;"Inlet Centre Station @ Bay 1";49.277967;-122.827449
"183";1;35;"Westbound St. Johns St @ Clearview Dr";49.276634;-122.831542
"183";1;36;"Westbound St. Johns St @ Moray St";49.276773;-122.835884
"183";1;37;"Westbound St. Johns St @ Buller St";49.276739;-122.840881
"183";1;38;"Moody Centre Station @ Bay 1 Unloading Only";49.277676;-122.84529
"184";0;1;"Moody Centre Station @ Bay 9";49.277832;-122.847667
"184";0;2;"Eastbound St. Johns St @ Williams St";49.276544;-122.844333
"184";0;3;"Eastbound St. Johns St @ Buller St";49.276532;-122.839688
"184";0;4;"Eastbound St. Johns St @ Moray St";49.276599;-122.834269
"184";0;5;"Eastbound St. Johns St @ Clearview Dr";49.276372;-122.830951
"184";0;6;"Inlet Centre Station @ Bay 3";49.277099;-122.826771
"184";0;7;"Northbound Falcon Dr @ Runnel Dr";49.279245;-122.818289
"184";0;8;"Northbound Falcon Dr @ Guildford Way";49.284853;-122.818092
"184";0;9;"Westbound Falcon Dr @ 1200 Block";49.287184;-122.82122
"184";0;10;"Westbound Noons Creek Dr @ Falcon Dr";49.287405;-122.824915
"184";0;11;"Westbound Noons Creek Dr @ Thurston Terrace";49.287568;-122.827638
"184";0;12;"Eastbound Noons Creek Dr @ Maude Court";49.288839;-122.826698
"184";0;13;"Eastbound Noons Creek Dr @ Noons Creek Close";49.289276;-122.823797
"184";0;14;"Northbound Noons Creek Dr @ Barberry Place";49.290952;-122.823263
"184";0;15;"Northbound Noons Creek Dr @ Hemlock Place";49.293118;-122.822943
"184";0;16;"Northbound Noons Creek Dr @ David Ave";49.295935;-122.819708
"184";0;17;"Northbound Noons Creek Dr @ Shale Court";49.296499;-122.817159
"184";0;18;"Eastbound Panorama Dr @ Noons Creek Dr";49.297442;-122.81541
"184";0;19;"Southbound Lansdowne Dr @ Panorama Dr";49.297051;-122.813827
"184";1;1;"Westbound Panorama Dr @ Lansdowne Dr";49.29749;-122.814601
"184";1;2;"Southbound Noons Creek Dr @ Sandstone Cres";49.296534;-122.817413
"184";1;3;"Southbound Noons Creek Dr @ David Ave";49.295933;-122.820031
"184";1;4;"Southbound Noons Creek Dr @ Heather Place";49.29279;-122.82365
"184";1;5;"Southbound Noons Creek Dr @ Dogwood Place";49.291372;-122.824052
"184";1;6;"Southbound Noons Creek Dr @ Noons Creek Close";49.289188;-122.825097
"184";1;7;"Westbound Noons Creek Dr @ Britton Dr";49.288744;-122.828022
"184";1;8;"Eastbound Noons Creek Dr @ Thurston Terrace";49.287448;-122.827292
"184";1;9;"Eastbound Falcon Dr @ Noons Creek Dr";49.287222;-122.823931
"184";1;10;"Eastbound Falcon Dr @ Peregrine Place";49.286431;-122.819854
"184";1;11;"Southbound Falcon Dr @ Guildford Way";49.284272;-122.818787
"184";1;12;"Southbound Falcon Dr @ 1100 Block";49.281941;-122.819265
"184";1;13;"Westbound Barnet Hwy @ Falcon Dr";49.278022;-122.819531
"184";1;14;"Westbound Barnet Hwy @ Ioco Rd";49.277716;-122.825618
"184";1;15;"Westbound St. Johns St @ Clearview Dr";49.276634;-122.831542
"184";1;16;"Westbound St. Johns St @ Moray St";49.276773;-122.835884
"184";1;17;"Westbound St. Johns St @ Buller St";49.276739;-122.840881
"184";1;18;"Moody Centre Station @ Bay 1 Unloading Only";49.277676;-122.84529
"185";0;1;"Coquitlam Central Station @ Bay 9";49.275316;-122.79883
"185";0;2;"Northbound Lansdowne Dr @ Runnel Dr";49.2792;-122.808218
"185";0;3;"Northbound Lansdowne Dr @ Glen Dr";49.283382;-122.808971
"185";0;4;"Northbound Lansdowne Dr @ Guildford Way";49.284788;-122.809813
"185";0;5;"Northbound Lansdowne Dr @ Charter Hill Dr";49.286193;-122.813322
"185";0;6;"Northbound Lansdowne Dr @ Steeple Dr";49.287354;-122.816962
"185";0;7;"Eastbound Lansdowne Dr @ Honeysuckle Lane";49.290256;-122.818162
"185";0;8;"Eastbound Lansdowne Dr @ Steeple Dr";49.290355;-122.81543
"185";0;9;"Eastbound Lansdowne Dr @ Turret Cres";49.290363;-122.813195
"185";0;10;"Northbound Lansdowne Dr @ Briarcliffe Dr";49.291542;-122.811012
"185";0;11;"Northbound Lansdowne Dr @ Greenhill Court";49.292864;-122.812174
"185";0;12;"Northbound Lansdowne Dr @ David Ave";49.294137;-122.813308
"185";0;13;"Northbound Lansdowne Dr @ Lupine Court";49.295302;-122.811468
"185";0;14;"Northbound Lansdowne Dr @ 1400 Block";49.296412;-122.812824
"185";0;15;"Westbound Panorama Dr @ Lansdowne Dr";49.29749;-122.814601
"185";1;1;"Southbound Lansdowne Dr @ Panorama Dr";49.297051;-122.813827
"185";1;2;"Southbound Lansdowne Dr @ David Ave";49.29399;-122.813647
"185";1;3;"Southbound Lansdowne Dr @ Briarcliffe Dr North";49.292822;-122.812936
"185";1;4;"Southbound Lansdowne Dr @ Briarcliffe Dr South";49.291253;-122.811449
"185";1;5;"Westbound Lansdowne Dr @ Turret Cres";49.290451;-122.814455
"185";1;6;"Westbound Lansdowne Dr @ Honeysuckle Lane";49.290142;-122.819099
"185";1;7;"Southbound Lansdowne Dr @ Steeple Dr";49.287585;-122.818014
"185";1;8;"Southbound Lansdowne Dr @ Charter Hill Dr";49.285884;-122.812691
"185";1;9;"Southbound Lansdowne Dr @ Guildford Way";49.283741;-122.809348
"185";1;10;"Southbound Lansdowne Dr @ Mccoomb Dr";49.281011;-122.80839
"185";1;11;"Eastbound Barnet Hwy @ Lansdowne Dr";49.277677;-122.806687
"185";1;12;"Coquitlam Central Station @ Bay 10";49.275476;-122.798723
"186";0;1;"Coquitlam Central Station @ Bay 4";49.275172;-122.798784
"186";0;2;"Northbound Pinetree Way @ Anson Ave";49.277739;-122.795695
"186";0;3;"Lincoln Station @ Bay 2";49.280122;-122.793523
"186";0;4;"Northbound Pinetree Way @ Glen Dr";49.283337;-122.792982
"186";0;5;"Lafarge Lake-Douglas Station @ Bay 1";49.285967;-122.79157
"186";0;6;"Northbound Pinetree Way @ Douglas College";49.289194;-122.789809
"186";0;7;"Northbound Pinetree Way @ Pinewood Ave";49.291226;-122.789614
"186";0;8;"Northbound Pinetree Way @ 1300 Block";49.292615;-122.790129
"186";0;9;"Eastbound David Ave @ Pinetree Way";49.293831;-122.789324
"186";0;10;"Eastbound David Ave @ Genest Way";49.292774;-122.785177
"186";0;11;"Westbound Robson Dr @ Kenney St";49.29924;-122.779054
"186";0;12;"Southbound Robson Dr @ Blackwater Place";49.298216;-122.781306
"186";0;13;"Westbound Robson Dr @ Purcell Dr";49.297263;-122.783865
"186";0;14;"Northbound Pinetree Way @ Robson Dr";49.298883;-122.786761
"186";0;15;"Northbound Pinetree Way @ Silverthrone Dr";49.301579;-122.784649
"186";0;16;"Northbound Pinetree Way @ Cardinal Court";49.304633;-122.783922
"186";0;17;"Northbound Pinetree Way @ Tanager Court";49.306746;-122.78461
"186";0;18;"Northbound Paddock Dr @ Plateau Blvd";49.307863;-122.787132
"186";0;19;"Northbound Paddock Dr @ 1700 Block";49.311487;-122.787478
"186";1;1;"Northbound Paddock Dr @ 1700 Block";49.311487;-122.787478
"186";1;2;"Southbound Pinetree Way @ Plateau Blvd";49.307225;-122.785878
"186";1;3;"Southbound Pinetree Way @ Bobcat Place";49.30408;-122.784217
"186";1;4;"Southbound Pinetree Way @ Grizzly Place";49.301061;-122.784931
"186";1;5;"Eastbound Robson Dr @ Pinetree Way";49.298348;-122.78707
"186";1;6;"Eastbound Robson Dr @ Purcell Dr";49.297167;-122.782859
"186";1;7;"Eastbound Robson Dr @ Blackwater Place";49.298466;-122.780868
"186";1;8;"Eastbound Robson Dr @ Kenney St";49.299147;-122.779159
"186";1;9;"Westbound David Ave @ Pipeline Rd";49.292923;-122.782894
"186";1;10;"Westbound David Ave @ Genest Way";49.292973;-122.785615
"186";1;11;"Southbound Pinetree Way @ David Ave";49.293797;-122.790462
"186";1;12;"Southbound Pinetree Way @ 1300 Block";49.291971;-122.790158
"186";1;13;"Southbound Pinetree Way @ Pinewood Ave";49.290649;-122.789975
"186";1;14;"Southbound Pinetree Way @ Douglas College";49.28816;-122.790782
"186";1;15;"Lafarge Lake-Douglas Station @ Bay 2";49.286545;-122.791683
"186";1;16;"Southbound Pinetree Way @ Guildford Way";49.284128;-122.793018
"186";1;17;"Southbound Pinetree Way @ Glen Dr";49.282274;-122.793385
"186";1;18;"Lincoln Station @ Bay 1";49.280029;-122.794024
"186";1;19;"Coquitlam Central Station @ Bay 6";49.27466;-122.799011
"187";0;1;"Coquitlam Central Station @ Bay 9";49.275316;-122.79883
"187";0;2;"Northbound Johnson St @ Packard Ave";49.279703;-122.801564
"187";0;3;"Northbound Johnson St @ Glen Dr";49.283095;-122.801558
"187";0;4;"Northbound Johnson St @ Guildford Way";49.285676;-122.801461
"187";0;5;"Northbound Johnson St @ Durant Dr";49.287812;-122.801387
"187";0;6;"Northbound Johnson St @ Walton Ave";49.290332;-122.801189
"187";0;7;"Northbound Johnson St @ Delahaye Dr";49.293425;-122.800465
"187";0;8;"Northbound Johnson St @ David Ave";49.29634;-122.80181
"187";0;9;"Northbound Johnson St @ Valley Vista Dr";49.298024;-122.80114
"187";0;10;"Northbound Johnson St @ Meadowvista Place";49.299047;-122.800661
"187";0;11;"Eastbound Johnson St @ 1400 Block";49.30081;-122.796798
"187";0;12;"Eastbound Johnson St @ Robson Dr";49.300889;-122.79515
"187";0;13;"Eastbound Plateau Blvd @ Robson Dr";49.301023;-122.793115
"187";0;14;"Northbound Plateau Blvd @ Bristlecone Court";49.303707;-122.790299
"187";0;15;"Eastbound Plateau Blvd @ Timber Court";49.306314;-122.788863
"187";0;16;"Northbound Paddock Dr @ Plateau Blvd";49.307863;-122.787132
"187";0;17;"Northbound Paddock Dr @ 1700 Block";49.311487;-122.787478
"187";0;18;"Northbound Plateau Blvd @ Camelback Lane";49.314113;-122.788227
"187";0;19;"Northbound Plateau Blvd @ Chartwell Green";49.317407;-122.79088
"187";0;20;"Northbound Plateau Blvd @ 3300 Block";49.319499;-122.791705
"187";0;21;"Westbound Parkway Blvd @ Plateau Blvd";49.320671;-122.79293
"187";1;1;"Westbound Parkway Blvd @ Plateau Blvd";49.320671;-122.79293
"187";1;2;"Southbound Parkway Blvd @ Braeside Place";49.316176;-122.795574
"187";1;3;"Southbound Parkway Blvd @ Turnberry Lane";49.313679;-122.799063
"187";1;4;"Southbound Parkway Blvd @ 1700 Block";49.30846;-122.80206
"187";1;5;"Southbound Parkway Blvd @ 1600 Block";49.305415;-122.8064
"187";1;6;"Southbound Parkway Blvd @ Salal Cres North";49.303747;-122.806915
"187";1;7;"Southbound Parkway Blvd @ Salal Cres South";49.300959;-122.807177
"187";1;8;"Southbound Parkway Blvd @ Tanglewood Lane";49.298479;-122.80902
"187";1;9;"Southbound Parkway Blvd @ Panorama Dr";49.297199;-122.809458
"187";1;10;"Eastbound Parkway Blvd @ 1400 Block";49.296589;-122.805272
"187";1;11;"Eastbound Parkway Blvd @ Johnson St";49.296951;-122.803534
"187";1;12;"Southbound Johnson St @ Parkway Blvd";49.29652;-122.802121
"187";1;13;"Southbound Johnson St @ Delahaye Dr";49.292795;-122.800732
"187";1;14;"Southbound Johnson St @ Walton Ave";49.289646;-122.801575
"187";1;15;"Southbound Johnson St @ Durant Dr";49.287238;-122.801666
"187";1;16;"Southbound Johnson St @ Guildford Way";49.284778;-122.801761
"187";1;17;"Southbound Johnson St @ Glen Dr";49.282374;-122.801827
"187";1;18;"Southbound Johnson St @ Packard Ave";49.279617;-122.801818
"187";1;19;"Coquitlam Central Station @ Bay 10";49.275476;-122.798723
"188";0;1;"Coquitlam Central Station @ Bay 8";49.275145;-122.79893
"188";0;2;"Northbound Pinetree Way @ Anson Ave";49.277739;-122.795695
"188";0;3;"Lincoln Station @ Bay 2";49.280122;-122.793523
"188";0;4;"Northbound Pinetree Way @ Glen Dr";49.283337;-122.792982
"188";0;5;"Lafarge Lake-Douglas Station @ Bay 1";49.285967;-122.79157
"188";0;6;"Northbound Pinetree Way @ Douglas College";49.289194;-122.789809
"188";0;7;"Northbound Pinetree Way @ Pinewood Ave";49.291226;-122.789614
"188";0;8;"Northbound Pinetree Way @ 1300 Block";49.292615;-122.790129
"188";0;9;"Eastbound David Ave @ Pinetree Way";49.293831;-122.789324
"188";0;10;"Eastbound David Ave @ Genest Way";49.292774;-122.785177
"188";0;11;"Eastbound David Ave @ Pipeline Rd";49.292731;-122.78232
"188";0;12;"Eastbound David Ave @ Shaughnessy St";49.294599;-122.770477
"188";0;13;"Eastbound David Ave @ Oxford St";49.292972;-122.763659
"188";0;14;"Southbound Coast Meridian Rd @ David Ave";49.292425;-122.756078
"188";0;15;"Southbound Coast Meridian Rd @ Mason Ave";49.28896;-122.756098
"188";0;16;"Southbound Coast Meridian Rd @ Victoria Dr";49.284881;-122.756103
"188";0;17;"Southbound Coast Meridian Rd @ Chelsea Ave";49.281867;-122.756128
"188";0;18;"Southbound Coast Meridian Rd @ Lincoln Ave";49.278129;-122.756188
"188";0;19;"Southbound Coast Meridian Rd @ Patricia Ave";49.276222;-122.756214
"188";0;20;"Southbound Coast Meridian Rd @ Laurier Ave";49.274409;-122.756261
"188";0;21;"Southbound Coast Meridian Rd @ Salisbury Ave";49.272002;-122.756254
"188";0;22;"Southbound Coast Meridian Rd @ Coquitlam Ave";49.267156;-122.756195
"188";0;23;"Southbound Coast Meridian Rd @ Westminster Ave";49.264916;-122.756185
"188";0;24;"Southbound Coast Meridian Rd @ Robertson Ave";49.262435;-122.756225
"188";0;25;"Westbound McLean Ave @ Kingsway Ave";49.253362;-122.765311
"188";0;26;"Westbound McLean Ave @ Taylor St";49.253331;-122.770088
"188";0;27;"Westbound Pitt River Rd @ McLean Ave";49.253624;-122.774236
"188";0;28;"Westbound Pitt River Rd @ Mary Hill Rd";49.254207;-122.778918
"188";0;29;"Westbound Pitt River Rd @ Shaughnessy St";49.254676;-122.78231
"188";0;30;"Northbound Shaughnessy St @ Central Ave";49.256321;-122.782572
"188";0;31;"Eastbound Wilson Ave @ Shaughnessy St";49.260807;-122.781601
"188";0;32;"Eastbound Wilson Ave @ Mary Hill Rd";49.260817;-122.777969
"188";0;33;"Port Coquitlam Station @ Bay 6";49.261013;-122.774138
"188";1;1;"Port Coquitlam Station @ Bay 5";49.261224;-122.774302
"188";1;2;"Westbound Wilson Ave @ Kingsway Ave";49.260944;-122.776176
"188";1;3;"Westbound Wilson Ave @ Mary Hill Rd";49.260938;-122.779124
"188";1;4;"Westbound Wilson Ave @ Shaughnessy St";49.260924;-122.781672
"188";1;5;"Southbound Shaughnessy St @ Atkins Ave";49.260172;-122.782798
"188";1;6;"Southbound Shaughnessy St @ Kelly Ave";49.258731;-122.782786
"188";1;7;"Southbound Shaughnessy St @ Hawthorne Ave";49.257059;-122.782772
"188";1;8;"Southbound Shaughnessy St @ Rindall Ave";49.255177;-122.782766
"188";1;9;"Eastbound Pitt River Rd @ Shaughnessy St";49.25452;-122.78189
"188";1;10;"Eastbound Pitt River Rd @ Mary Hill Rd";49.253975;-122.777953
"188";1;11;"Eastbound Pitt River Rd @ Tyner St";49.25353;-122.774422
"188";1;12;"Eastbound McLean Ave @ Taylor St";49.253224;-122.770042
"188";1;13;"Eastbound McLean Ave @ Kingsway Ave";49.253232;-122.765066
"188";1;14;"Northbound Coast Meridian Rd @ Angelo Ave";49.261282;-122.75594
"188";1;15;"Northbound Coast Meridian Rd @ Riverwood Gate";49.263076;-122.755979
"188";1;16;"Northbound Coast Meridian Rd @ Birchland Ave";49.266299;-122.756009
"188";1;17;"Northbound Coast Meridian Rd @ Coquitlam Ave";49.267676;-122.756
"188";1;18;"Northbound Coast Meridian Rd @ Prairie Ave";49.271562;-122.756007
"188";1;19;"Northbound Coast Meridian Rd @ Laurier Ave";49.275497;-122.756033
"188";1;20;"Northbound Coast Meridian Rd @ Patricia Ave";49.276772;-122.756005
"188";1;21;"Northbound Coast Meridian Rd @ Lincoln Dr";49.27879;-122.75598
"188";1;22;"Northbound Coast Meridian Rd @ Apel Dr";49.281729;-122.755944
"188";1;23;"Northbound Coast Meridian Rd @ Greenmount Ave";49.285335;-122.755908
"188";1;24;"Northbound Coast Meridian Rd @ Gislason Ave";49.289783;-122.75574
"188";1;25;"Westbound David Ave @ Coast Meridian Rd";49.293012;-122.756359
"188";1;26;"Westbound David Ave @ Oxford St";49.293152;-122.763574
"188";1;27;"Westbound David Ave @ Shaughnessy St";49.294891;-122.771517
"188";1;28;"Westbound David Ave @ Pipeline Rd";49.292923;-122.782894
"188";1;29;"Westbound David Ave @ Genest Way";49.292973;-122.785615
"188";1;30;"Southbound Pinetree Way @ David Ave";49.293797;-122.790462
"188";1;31;"Southbound Pinetree Way @ 1300 Block";49.291971;-122.790158
"188";1;32;"Southbound Pinetree Way @ Pinewood Ave";49.290649;-122.789975
"188";1;33;"Southbound Pinetree Way @ Douglas College";49.28816;-122.790782
"188";1;34;"Lafarge Lake-Douglas Station @ Bay 2";49.286545;-122.791683
"188";1;35;"Southbound Pinetree Way @ Guildford Way";49.284128;-122.793018
"188";1;36;"Southbound Pinetree Way @ Glen Dr";49.282274;-122.793385
"188";1;37;"Lincoln Station @ Bay 1";49.280029;-122.794024
"188";1;38;"Coquitlam Central Station @ Bay 6";49.27466;-122.799011
"189";0;1;"Coquitlam Central Station @ Bay 4";49.275172;-122.798784
"189";0;2;"Northbound Westwood St @ Kitchener Ave";49.275065;-122.790344
"189";0;3;"Eastbound Lincoln Ave @ Westwood St";49.278883;-122.789779
"189";0;4;"Northbound Pipeline Rd @ Windsor Gate";49.280631;-122.787013
"189";0;5;"Northbound Pipeline Rd @ Glen Dr";49.283619;-122.785596
"189";0;6;"Northbound Pipeline Rd @ Ozada Ave";49.286178;-122.784342
"189";0;7;"Eastbound Dunkirk Ave @ Pipeline Rd";49.28772;-122.78314
"189";0;8;"Eastbound Dunkirk Ave @ Galiano St";49.287452;-122.779416
"189";0;9;"Eastbound Dunkirk Ave @ Hornby St";49.288287;-122.776518
"189";0;10;"Northbound Gabriola Dr @ Georgeson Ave";49.289197;-122.773213
"189";0;11;"Northbound Gabriola Dr @ Savary Ave";49.290264;-122.774104
"189";0;12;"Westbound Harwood Ave @ Gabriola Dr";49.291271;-122.774651
"189";1;1;"Westbound Harwood Ave @ Gabriola Dr";49.291271;-122.774651
"189";1;2;"Westbound Harwood Ave @ Hornby St";49.291275;-122.777818
"189";1;3;"Southbound Nestor St @ Tory Ave";49.289064;-122.778534
"189";1;4;"Westbound Dunkirk Ave @ Nestor St";49.287718;-122.778858
"189";1;5;"Southbound Pipeline Rd @ Dunkirk Ave";49.287578;-122.783827
"189";1;6;"Southbound Pipeline Rd @ Guildford Way";49.285329;-122.785035
"189";1;7;"Southbound Pipeline Rd @ Glen Dr";49.282333;-122.786449
"189";1;8;"Southbound Pipeline Rd @ Windsor Gate";49.280345;-122.787445
"189";1;9;"Southbound Westwood St @ Lincoln Ave";49.278532;-122.790596
"189";1;10;"Southbound Westwood St @ Anson Ave";49.276795;-122.790591
"189";1;11;"Southbound Westwood St @ Crabbe Ave";49.275057;-122.790606
"189";1;12;"Westbound Lougheed Hwy @ Westwood St";49.274252;-122.791893
"189";1;13;"Coquitlam Central Station @ Bay 10";49.275476;-122.798723
"191";0;1;"Coquitlam Central Station @ Bay 11";49.275643;-122.798596
"191";0;2;"Northbound Johnson St @ Packard Ave";49.279703;-122.801564
"191";0;3;"Eastbound Glen Dr @ Johnson St";49.282646;-122.801103
"191";0;4;"Eastbound Glen Dr @ The High Street";49.282631;-122.795745
"191";0;5;"Northbound Pinetree Way @ Glen Dr";49.283337;-122.792982
"191";0;6;"Lafarge Lake-Douglas Station @ Bay 1";49.285967;-122.79157
"191";0;7;"Northbound Pinetree Way @ Douglas College";49.289194;-122.789809
"191";0;8;"Northbound Pinetree Way @ Pinewood Ave";49.291226;-122.789614
"191";0;9;"Northbound Pinetree Way @ 1300 Block";49.292615;-122.790129
"191";0;10;"Eastbound David Ave @ Pinetree Way";49.293831;-122.789324
"191";0;11;"Eastbound David Ave @ Genest Way";49.292774;-122.785177
"191";0;12;"Eastbound David Ave @ Pipeline Rd";49.292731;-122.78232
"191";0;13;"Eastbound David Ave @ Shaughnessy St";49.294599;-122.770477
"191";0;14;"Eastbound David Ave @ Oxford St";49.292972;-122.763659
"191";0;15;"Eastbound David Ave @ Coast Meridian Rd";49.292847;-122.755389
"191";0;16;"Eastbound David Ave @ Soball St";49.293288;-122.749766
"191";0;17;"Eastbound David Ave @ Kingston St";49.293926;-122.746549
"191";0;18;"Eastbound David Ave @ Riley St";49.294609;-122.743629
"191";0;19;"Northbound Princeton Ave @ David Ave";49.295933;-122.742764
"191";1;1;"Northbound Princeton Ave @ David Ave";49.295933;-122.742764
"191";1;2;"Westbound Princeton Ave @ Kingston St";49.298116;-122.746471
"191";1;3;"Westbound Princeton Ave @ Dayton St";49.298538;-122.750076
"191";1;4;"Southbound Coast Meridian Rd @ Princeton Ave";49.298133;-122.756034
"191";1;5;"Southbound Coast Meridian Rd @ Millard Ave";49.296327;-122.756063
"191";1;6;"Southbound Coast Meridian Rd @ Galloway Ave";49.294534;-122.756036
"191";1;7;"Westbound David Ave @ Coast Meridian Rd";49.293012;-122.756359
"191";1;8;"Westbound David Ave @ Oxford St";49.293152;-122.763574
"191";1;9;"Westbound David Ave @ Shaughnessy St";49.294891;-122.771517
"191";1;10;"Westbound David Ave @ Pipeline Rd";49.292923;-122.782894
"191";1;11;"Westbound David Ave @ Genest Way";49.292973;-122.785615
"191";1;12;"Southbound Pinetree Way @ David Ave";49.293797;-122.790462
"191";1;13;"Southbound Pinetree Way @ 1300 Block";49.291971;-122.790158
"191";1;14;"Southbound Pinetree Way @ Pinewood Ave";49.290649;-122.789975
"191";1;15;"Southbound Pinetree Way @ Douglas College";49.28816;-122.790782
"191";1;16;"Lafarge Lake-Douglas Station @ Bay 2";49.286545;-122.791683
"191";1;17;"Southbound Pinetree Way @ Guildford Way";49.284128;-122.793018
"191";1;18;"Westbound Glen Dr @ The High Street";49.282792;-122.796437
"191";1;19;"Southbound Johnson St @ Glen Dr";49.282374;-122.801827
"191";1;20;"Southbound Johnson St @ Packard Ave";49.279617;-122.801818
"191";1;21;"Coquitlam Central Station @ Bay 10";49.275476;-122.798723
"209";0;1;"Burrard Station @ Bay 2";49.286035;-123.12037
"209";0;2;"Eastbound W Pender St @ Thurlow St";49.287293;-123.119931
"209";0;3;"Eastbound W Pender St @ Burrard St";49.286121;-123.117245
"209";0;4;"Eastbound W Pender St @ Granville St";49.284791;-123.115231
"209";0;5;"Eastbound W Pender St @ Seymour St";49.283753;-123.113589
"209";0;6;"Northbound Homer St @ W Pender St";49.282981;-123.111441
"209";0;7;"Eastbound W Cordova St @ Homer St";49.283719;-123.10959
"209";0;8;"Eastbound W Cordova St @ Carrall St";49.282442;-123.104634
"209";0;9;"Eastbound E Cordova St @ Main St";49.282203;-123.098943
"209";0;10;"Eastbound E Cordova St @ Dunlevy Ave";49.282136;-123.094846
"209";0;11;"Eastbound E Cordova St @ Princess Ave";49.28206;-123.090836
"209";0;12;"Eastbound Cordova Diversion @ Hawks Ave";49.282079;-123.086623
"209";0;13;"Eastbound Powell St @ Glen Dr";49.282672;-123.081697
"209";0;14;"Eastbound Powell St @ Clark Dr";49.283029;-123.076625
"209";0;15;"Eastbound Powell St @ Commercial Dr";49.283885;-123.069837
"209";0;16;"Eastbound Powell St @ Victoria Dr";49.284771;-123.065065
"209";0;17;"Eastbound Dundas St @ Lakewood Dr";49.284754;-123.061245
"209";0;18;"Eastbound Dundas St @ Templeton Dr";49.284738;-123.059274
"209";0;19;"Northbound N Nanaimo St @ Dundas St";49.285176;-123.05639
"209";0;20;"Northbound N Nanaimo St @ Eton St";49.288013;-123.056367
"209";0;21;"Eastbound McGill St @ N Penticton St";49.288627;-123.051421
"209";0;22;"Eastbound McGill St @ N Slocan St";49.288617;-123.048823
"209";0;23;"Eastbound McGill St @ N Renfrew St";49.288595;-123.0434
"209";0;24;"Phibbs Exchange @ Bay 4";49.305041;-123.02981
"209";0;25;"Northbound Mountain Hwy @ Crown St";49.309148;-123.031976
"209";0;26;"Northbound Mountain Hwy @ Fern St";49.311744;-123.032491
"209";0;27;"Westbound E Keith Rd @ Mountain Hwy";49.313332;-123.037247
"209";0;28;"Northbound Mountain Hwy @ Arborlynn Dr";49.317812;-123.036123
"209";0;29;"Northbound Mountain Hwy @ E 15 St";49.322019;-123.038337
"209";0;30;"Northbound Mountain Hwy @ E 18 St";49.325384;-123.038205
"209";0;31;"Northbound Mountain Hwy @ E 20 St";49.327475;-123.038108
"209";0;32;"Northbound Mountain Hwy @ E 24 St";49.330731;-123.037917
"209";0;33;"Northbound Mountain Hwy @ E 27 St";49.332733;-123.037816
"209";0;34;"Lynn Valley @ Bay 3";49.337424;-123.038096
"209";0;35;"Northbound Mountain Hwy @ Argyle Rd";49.340988;-123.037953
"209";0;36;"Northbound Mountain Hwy @ Dovercourt Rd";49.342824;-123.037874
"209";0;37;"Northbound Mountain Hwy @ Doran Rd";49.344599;-123.037824
"209";0;38;"Northbound Mountain Hwy @ Kilmer Rd";49.346443;-123.037761
"209";0;39;"Northbound Mountain Hwy @ Dempsey Rd";49.34824;-123.037691
"209";0;40;"Northbound Mountain Hwy @ Coleman St";49.351061;-123.037599
"209";0;41;"Eastbound McNair Dr @ Tourney Rd";49.352364;-123.035816
"209";0;42;"Eastbound McNair Dr @ Ramsay Rd";49.354125;-123.032306
"209";0;43;"Southbound Hoskins Rd @ 4600 Block";49.353357;-123.027464
"209";0;44;"Southbound Hoskins Rd @ Coleman St";49.35039;-123.028456
"209";0;45;"Eastbound Dempsey Rd @ Hoskins Rd";49.347793;-123.027939
"209";0;46;"Northbound Underwood Ave @ Evelyn St";49.348848;-123.024599
"209";1;1;"Northbound Underwood Ave @ Evelyn St";49.348848;-123.024599
"209";1;2;"Westbound Coleman St @ Underwood Ave";49.350744;-123.025098
"209";1;3;"Northbound Hoskins Rd @ Coleman St";49.351019;-123.028261
"209";1;4;"Northbound Hoskins Rd @ 4700 Block";49.353783;-123.027589
"209";1;5;"Westbound McNair Dr @ Ramsay Rd";49.354176;-123.032553
"209";1;6;"Westbound McNair Dr @ Tourney Rd";49.352226;-123.036324
"209";1;7;"Southbound Mountain Hwy @ Coleman St";49.350507;-123.037809
"209";1;8;"Southbound Mountain Hwy @ Dyck Rd";49.347338;-123.037902
"209";1;9;"Southbound Mountain Hwy @ Kilmer Rd";49.346006;-123.037955
"209";1;10;"Southbound Mountain Hwy @ Doran Rd";49.344148;-123.038007
"209";1;11;"Southbound Mountain Hwy @ Frederick Rd";49.341238;-123.038129
"209";1;12;"Southbound Mountain Hwy @ Lynn Valley Rd";49.337763;-123.038298
"209";1;13;"Lynn Valley @ Bay 4";49.336386;-123.038189
"209";1;14;"Southbound Mountain Hwy @ E 27 St";49.333879;-123.037969
"209";1;15;"Southbound Mountain Hwy @ Emery Place";49.330105;-123.038147
"209";1;16;"Southbound Mountain Hwy @ Kirkstone Rd";49.326875;-123.038326
"209";1;17;"Southbound Mountain Hwy @ E 17 St";49.323482;-123.038465
"209";1;18;"Southbound Mountain Hwy @ E 15 St";49.321387;-123.038566
"209";1;19;"Southbound Mountain Hwy @ Arborlynn Dr";49.317811;-123.036309
"209";1;20;"Eastbound E Keith Rd @ Mountain Hwy";49.313198;-123.037449
"209";1;21;"Southbound Mountain Hwy @ Fern St";49.311044;-123.032716
"209";1;22;"Southbound Mountain Hwy @ Charlotte Rd";49.309442;-123.032289
"209";1;23;"Southbound Mountain Hwy @ Rupert St";49.307703;-123.032056
"209";1;24;"Phibbs Exchange @ Bay 7";49.305038;-123.028753
"209";1;25;"Westbound McGill St @ N Renfrew St";49.288825;-123.044601
"209";1;26;"Westbound McGill St @ N Kaslo St";49.28882;-123.047415
"209";1;27;"Westbound McGill St @ N Penticton St";49.288801;-123.052418
"209";1;28;"Southbound N Nanaimo St @ McGill St";49.288026;-123.05666
"209";1;29;"Southbound N Nanaimo St @ Cambridge St";49.286276;-123.056672
"209";1;30;"Westbound Dundas St @ N Garden Dr";49.284885;-123.057411
"209";1;31;"Westbound Dundas St @ N Templeton Dr";49.284871;-123.060143
"209";1;32;"Westbound Dundas St @ Wall St";49.284888;-123.063271
"209";1;33;"Westbound Powell St @ Victoria Dr";49.2848;-123.065973
"209";1;34;"Westbound Powell St @ Commercial Dr";49.283837;-123.070862
"209";1;35;"Westbound Powell St @ Clark Dr";49.283161;-123.076463
"209";1;36;"Westbound Powell St @ Glen Dr";49.282792;-123.081659
"209";1;37;"Westbound Powell St @ Hawks Ave";49.28303;-123.087522
"209";1;38;"Westbound Powell St @ Heatley Ave";49.28308;-123.090031
"209";1;39;"Westbound Powell St @ Jackson Ave";49.283146;-123.093725
"209";1;40;"Westbound Powell St @ Gore Ave";49.283223;-123.098134
"209";1;41;"Southbound Main St @ Powell St";49.282713;-123.099741
"209";1;42;"Westbound E Pender St @ Main St";49.280462;-123.100263
"209";1;43;"Westbound W Pender St @ Carrall St";49.280707;-123.104998
"209";1;44;"Westbound W Pender St @ Abbott St";49.28129;-123.108213
"209";1;45;"Westbound W Pender St @ Hamilton St";49.282472;-123.11137
"209";1;46;"Westbound W Pender St @ Seymour St";49.283818;-123.113429
"209";1;47;"Westbound W Pender St @ Granville St";49.284575;-123.114596
"209";1;48;"Southbound Howe St @ W Pender St";49.284791;-123.116768
"209";1;49;"Burrard Station @ Bay 2";49.286035;-123.12037
"210";0;1;"Burrard Station @ Bay 2";49.286035;-123.12037
"210";0;2;"Eastbound W Pender St @ Thurlow St";49.287293;-123.119931
"210";0;3;"Eastbound W Pender St @ Burrard St";49.286121;-123.117245
"210";0;4;"Eastbound W Pender St @ Granville St";49.284791;-123.115231
"210";0;5;"Eastbound W Pender St @ Seymour St";49.283753;-123.113589
"210";0;6;"Northbound Homer St @ W Pender St";49.282981;-123.111441
"210";0;7;"Eastbound W Cordova St @ Homer St";49.283719;-123.10959
"210";0;8;"Eastbound W Cordova St @ Carrall St";49.282442;-123.104634
"210";0;9;"Eastbound E Cordova St @ Main St";49.282203;-123.098943
"210";0;10;"Eastbound E Cordova St @ Princess Ave";49.28206;-123.090836
"210";0;11;"Eastbound Powell St @ Commercial Dr";49.283885;-123.069837
"210";0;12;"Northbound N Nanaimo St @ Dundas St";49.285176;-123.05639
"210";0;13;"Eastbound McGill St @ N Renfrew St";49.288595;-123.0434
"210";0;14;"Phibbs Exchange @ Bay 4";49.305041;-123.02981
"210";0;15;"Northbound Mountain Hwy @ Crown St";49.309148;-123.031976
"210";0;16;"Northbound Mountain Hwy @ Fern St";49.311744;-123.032491
"210";0;17;"Westbound E Keith Rd @ Mountain Hwy";49.313332;-123.037247
"210";0;18;"Northbound Mountain Hwy @ Arborlynn Dr";49.317812;-123.036123
"210";0;19;"Northbound Mountain Hwy @ E 15 St";49.322019;-123.038337
"210";0;20;"Northbound Mountain Hwy @ E 18 St";49.325384;-123.038205
"210";0;21;"Northbound Mountain Hwy @ E 20 St";49.327475;-123.038108
"210";0;22;"Northbound Mountain Hwy @ E 24 St";49.330731;-123.037917
"210";0;23;"Northbound Mountain Hwy @ E 27 St";49.332733;-123.037816
"210";0;24;"Lynn Valley @ Bay 3";49.337424;-123.038096
"210";0;25;"Northbound Mountain Hwy @ Argyle Rd";49.340988;-123.037953
"210";0;26;"Northbound Mountain Hwy @ Dovercourt Rd";49.342824;-123.037874
"210";0;27;"Northbound Mountain Hwy @ Doran Rd";49.344599;-123.037824
"210";0;28;"Northbound Mountain Hwy @ Kilmer Rd";49.346443;-123.037761
"210";0;29;"Northbound Mountain Hwy @ Dempsey Rd";49.34824;-123.037691
"210";0;30;"Northbound Mountain Hwy @ Coleman St";49.351061;-123.037599
"210";0;31;"Eastbound McNair Dr @ Tourney Rd";49.352364;-123.035816
"210";0;32;"Eastbound McNair Dr @ Ramsay Rd";49.354125;-123.032306
"210";0;33;"Southbound Hoskins Rd @ 4600 Block";49.353357;-123.027464
"210";0;34;"Southbound Hoskins Rd @ Coleman St";49.35039;-123.028456
"210";0;35;"Eastbound Dempsey Rd @ Hoskins Rd";49.347793;-123.027939
"210";0;36;"Northbound Underwood Ave @ Evelyn St";49.348848;-123.024599
"210";1;1;"Northbound Underwood Ave @ Evelyn St";49.348848;-123.024599
"210";1;2;"Westbound Coleman St @ Underwood Ave";49.350744;-123.025098
"210";1;3;"Northbound Hoskins Rd @ Coleman St";49.351019;-123.028261
"210";1;4;"Northbound Hoskins Rd @ 4700 Block";49.353783;-123.027589
"210";1;5;"Westbound McNair Dr @ Ramsay Rd";49.354176;-123.032553
"210";1;6;"Westbound McNair Dr @ Tourney Rd";49.352226;-123.036324
"210";1;7;"Southbound Mountain Hwy @ Coleman St";49.350507;-123.037809
"210";1;8;"Southbound Mountain Hwy @ Dyck Rd";49.347338;-123.037902
"210";1;9;"Southbound Mountain Hwy @ Kilmer Rd";49.346006;-123.037955
"210";1;10;"Southbound Mountain Hwy @ Doran Rd";49.344148;-123.038007
"210";1;11;"Southbound Mountain Hwy @ Frederick Rd";49.341238;-123.038129
"210";1;12;"Southbound Mountain Hwy @ Lynn Valley Rd";49.337763;-123.038298
"210";1;13;"Lynn Valley @ Bay 4";49.336386;-123.038189
"210";1;14;"Southbound Mountain Hwy @ E 27 St";49.333879;-123.037969
"210";1;15;"Southbound Mountain Hwy @ Emery Place";49.330105;-123.038147
"210";1;16;"Southbound Mountain Hwy @ Kirkstone Rd";49.326875;-123.038326
"210";1;17;"Southbound Mountain Hwy @ E 17 St";49.323482;-123.038465
"210";1;18;"Southbound Mountain Hwy @ E 15 St";49.321387;-123.038566
"210";1;19;"Southbound Mountain Hwy @ Arborlynn Dr";49.317811;-123.036309
"210";1;20;"Eastbound E Keith Rd @ Mountain Hwy";49.313198;-123.037449
"210";1;21;"Southbound Mountain Hwy @ Fern St";49.311044;-123.032716
"210";1;22;"Southbound Mountain Hwy @ Charlotte Rd";49.309442;-123.032289
"210";1;23;"Southbound Mountain Hwy @ Rupert St";49.307703;-123.032056
"210";1;24;"Phibbs Exchange @ Bay 7";49.305038;-123.028753
"210";1;25;"Westbound McGill St @ N Renfrew St";49.288825;-123.044601
"210";1;26;"Westbound Dundas St @ N Garden Dr";49.284885;-123.057411
"210";1;27;"Westbound Powell St @ Commercial Dr";49.283837;-123.070862
"210";1;28;"Westbound Powell St @ Heatley Ave";49.28308;-123.090031
"210";1;29;"Southbound Main St @ Powell St";49.282713;-123.099741
"210";1;30;"Westbound E Pender St @ Main St";49.280463;-123.100688
"210";1;31;"Westbound W Pender St @ Carrall St";49.280707;-123.104998
"210";1;32;"Westbound W Pender St @ Abbott St";49.28129;-123.108213
"210";1;33;"Westbound W Pender St @ Hamilton St";49.282472;-123.11137
"210";1;34;"Westbound W Pender St @ Seymour St";49.283818;-123.113429
"210";1;35;"Westbound W Pender St @ Granville St";49.284575;-123.114596
"210";1;36;"Southbound Howe St @ W Pender St";49.284791;-123.116768
"210";1;37;"Burrard Station @ Bay 2";49.286035;-123.12037
"211";0;1;"Burrard Station @ Bay 2";49.286035;-123.12037
"211";0;2;"Eastbound W Pender St @ Thurlow St";49.287293;-123.119931
"211";0;3;"Eastbound W Pender St @ Burrard St";49.286121;-123.117245
"211";0;4;"Eastbound W Pender St @ Granville St";49.284791;-123.115231
"211";0;5;"Eastbound W Pender St @ Seymour St";49.283753;-123.113589
"211";0;6;"Northbound Homer St @ W Pender St";49.282981;-123.111441
"211";0;7;"Eastbound W Cordova St @ Homer St";49.283719;-123.10959
"211";0;8;"Eastbound W Cordova St @ Carrall St";49.282442;-123.104634
"211";0;9;"Eastbound E Cordova St @ Main St";49.282203;-123.098943
"211";0;10;"Eastbound E Cordova St @ Princess Ave";49.28206;-123.090836
"211";0;11;"Eastbound Powell St @ Commercial Dr";49.283885;-123.069837
"211";0;12;"Northbound N Nanaimo St @ Dundas St";49.285176;-123.05639
"211";0;13;"Eastbound McGill St @ N Renfrew St";49.288595;-123.0434
"211";0;14;"Phibbs Exchange @ Bay 12";49.305404;-123.028764
"211";0;15;"Eastbound Old Dollarton Rd @ Amherst Ave";49.306059;-123.018567
"211";0;16;"Eastbound Old Dollarton Rd @ Riverside Dr";49.307458;-123.015703
"211";0;17;"Northbound Riverside Dr @ Windridge Dr";49.310394;-123.014624
"211";0;18;"Eastbound Mt Seymour Parkway @ Browning Place";49.312136;-123.00691
"211";0;19;"Eastbound Mt Seymour Parkway @ Berkley Rd";49.314142;-123.003533
"211";0;20;"Eastbound Mt Seymour Parkway @ Tollcross Rd";49.315645;-122.992728
"211";0;21;"Eastbound Mt Seymour Parkway @ Strathaven Dr";49.315557;-122.986433
"211";0;22;"Eastbound Mt Seymour Parkway @ Apex Ave";49.315498;-122.97944
"211";0;23;"Eastbound Mt Seymour Parkway @ Parkgate Ave";49.315674;-122.973634
"211";0;24;"Eastbound Mt Seymour Parkway @ Roche Point Dr";49.31582;-122.968189
"211";0;25;"Eastbound Mt Seymour Parkway @ 3800 Block";49.315875;-122.964419
"211";0;26;"Eastbound Mt Seymour Parkway @ 4000 Block";49.315838;-122.960925
"211";0;27;"Southbound Fairway Dr @ Mt Seymour Parkway";49.315266;-122.957413
"211";0;28;"Southbound Fairway Dr @ Huntingdon Cres";49.31342;-122.957367
"211";0;29;"Southbound Fairway Dr @ Caddy Rd";49.311021;-122.957288
"211";0;30;"Eastbound Dollar Rd @ Fairway Dr";49.308579;-122.956756
"211";0;31;"Eastbound Dollar Rd @ N Dollarton Hwy";49.307964;-122.953597
"211";0;32;"Northbound N Dollarton Hwy @ Caddy Rd";49.311833;-122.952962
"211";0;33;"Northbound N Dollarton Hwy @ Mt Seymour Parkway";49.315409;-122.953404
"211";0;34;"Northbound Deep Cove Rd @ Strathcona Rd";49.317998;-122.953487
"211";0;35;"Northbound Deep Cove Rd @ 1600 Block";49.320987;-122.953467
"211";0;36;"Northbound Deep Cove Rd @ Cliffmont Rd";49.323288;-122.953443
"211";0;37;"Northbound Deep Cove Rd @ Badger Rd";49.32551;-122.952917
"211";0;38;"Southbound Panorama Dr @ Naughton Ave";49.326063;-122.950816
"211";1;1;"Southbound Panorama Dr @ Naughton Ave";49.326063;-122.950816
"211";1;2;"Southbound Deep Cove Rd @ Badger Rd";49.324838;-122.953563
"211";1;3;"Southbound Deep Cove Rd @ 1400 Block";49.320225;-122.953687
"211";1;4;"Southbound Deep Cove Rd @ Strathcona Rd";49.318363;-122.953684
"211";1;5;"Southbound N Dollarton Hwy @ Mt Seymour Parkway";49.315412;-122.953657
"211";1;6;"Southbound N Dollarton Hwy @ Caddy Rd";49.311779;-122.953159
"211";1;7;"Westbound Dollar Rd @ N Dollarton Hwy";49.30808;-122.953647
"211";1;8;"Northbound Fairway Dr @ Dollar Rd";49.309134;-122.957116
"211";1;9;"Northbound Fairway Dr @ Caddy Rd";49.311629;-122.957175
"211";1;10;"Northbound Fairway Dr @ Huntingdon Cres";49.313962;-122.957264
"211";1;11;"Westbound Mt Seymour Parkway @ Beaufort Rd";49.315945;-122.958793
"211";1;12;"Westbound Mt Seymour Parkway @ 3900 Block";49.315965;-122.961557
"211";1;13;"Westbound Mt Seymour Parkway @ 3800 Block";49.315988;-122.964656
"211";1;14;"Westbound Mt Seymour Parkway @ Mt Seymour Rd";49.316049;-122.969788
"211";1;15;"Westbound Mt Seymour Parkway @ Parkgate Ave";49.315864;-122.975057
"211";1;16;"Westbound Mt Seymour Parkway @ Apex Ave";49.315715;-122.980948
"211";1;17;"Westbound Mt Seymour Parkway @ Strathaven Dr";49.315765;-122.984288
"211";1;18;"Westbound Mt Seymour Parkway @ Northlands Dr";49.315855;-122.989475
"211";1;19;"Westbound Mt Seymour Parkway @ Broadview Dr";49.315929;-122.997058
"211";1;20;"Westbound Mt Seymour Parkway @ Lytton St";49.315032;-123.002171
"211";1;21;"Westbound Mt Seymour Parkway @ Berkley Rd";49.314106;-123.004293
"211";1;22;"Westbound Mt Seymour Parkway @ Browning Place";49.311725;-123.008113
"211";1;23;"Westbound Mt Seymour Parkway @ Riverside Dr";49.311175;-123.013876
"211";1;24;"Westbound Mt Seymour Parkway @ Seymour Blvd";49.312322;-123.022678
"211";1;25;"Southbound Mountain Hwy @ Fern St";49.311044;-123.032716
"211";1;26;"Southbound Mountain Hwy @ Charlotte Rd";49.309442;-123.032289
"211";1;27;"Southbound Mountain Hwy @ Rupert St";49.307703;-123.032056
"211";1;28;"Phibbs Exchange @ Bay 12";49.305404;-123.028764
"212";0;1;"Phibbs Exchange @ Bay 12";49.305404;-123.028764
"212";0;2;"Eastbound Dollarton Hwy @ Amherst Ave";49.305283;-123.018135
"212";0;3;"Eastbound Dollarton Hwy @ Riverside Dr";49.30557;-123.013426
"212";0;4;"Eastbound Dollarton Hwy @ Forester St";49.306226;-123.010315
"212";0;5;"Eastbound Dollarton Hwy @ 2400 Block";49.307612;-123.006104
"212";0;6;"Eastbound Dollarton Hwy @ 2600 Block";49.30809;-123.00164
"212";0;7;"Eastbound Dollarton Hwy @ Ellis St";49.308726;-122.993488
"212";0;8;"Eastbound Dollarton Hwy @ 3000 Block";49.308455;-122.989945
"212";0;9;"Eastbound Dollarton Hwy @ Sleil-Waututh Rd";49.308491;-122.987007
"212";0;10;"Eastbound Dollarton Hwy @ 3300 Block";49.307684;-122.979451
"212";0;11;"Eastbound Dollarton Hwy @ Raven Woods Dr";49.305121;-122.973454
"212";0;12;"Eastbound Dollarton Hwy @ 3700 Block";49.304096;-122.966885
"212";0;13;"Eastbound Dollarton Hwy @ 4000 Block";49.304042;-122.958753
"212";0;14;"Northbound N Dollarton Hwy @ Dollar Rd";49.308131;-122.952943
"212";0;15;"Northbound N Dollarton Hwy @ Caddy Rd";49.311833;-122.952962
"212";0;16;"Northbound N Dollarton Hwy @ Mt Seymour Parkway";49.315409;-122.953404
"212";0;17;"Northbound Deep Cove Rd @ Strathcona Rd";49.317998;-122.953487
"212";0;18;"Northbound Deep Cove Rd @ 1600 Block";49.320987;-122.953467
"212";0;19;"Northbound Deep Cove Rd @ Cliffmont Rd";49.323288;-122.953443
"212";0;20;"Northbound Deep Cove Rd @ Badger Rd";49.32551;-122.952917
"212";0;21;"Southbound Panorama Dr @ Naughton Ave";49.326063;-122.950816
"212";1;1;"Northbound Banbury Rd @ Gallant Ave";49.326512;-122.949168
"212";1;2;"Southbound Deep Cove Rd @ Badger Rd";49.324838;-122.953563
"212";1;3;"Southbound Deep Cove Rd @ 1400 Block";49.320225;-122.953687
"212";1;4;"Southbound Deep Cove Rd @ Strathcona Rd";49.318363;-122.953684
"212";1;5;"Southbound N Dollarton Hwy @ Mt Seymour Parkway";49.315412;-122.953657
"212";1;6;"Southbound N Dollarton Hwy @ Caddy Rd";49.311779;-122.953159
"212";1;7;"Southbound N Dollarton Hwy @ Dollar Rd";49.306951;-122.953184
"212";1;8;"Westbound Dollarton Hwy @ 4000 Block";49.304168;-122.958952
"212";1;9;"Westbound Dollarton Hwy @ 3800 Block";49.304202;-122.964285
"212";1;10;"Westbound Dollarton Hwy @ Raven Woods Dr";49.305308;-122.973443
"212";1;11;"Westbound Dollarton Hwy @ 3300 Block";49.307838;-122.979584
"212";1;12;"Westbound Dollarton Hwy @ 3100 Block";49.308616;-122.987089
"212";1;13;"Westbound Dollarton Hwy @ Ellis St";49.308893;-122.994721
"212";1;14;"Westbound Dollarton Hwy @ 2500 Block";49.308157;-123.002586
"212";1;15;"Westbound Dollarton Hwy @ 2400 Block";49.30778;-123.006336
"212";1;16;"Westbound Dollarton Hwy @ Forester St";49.30609;-123.011439
"212";1;17;"Westbound Dollarton Hwy @ Riverside Dr";49.305539;-123.014897
"212";1;18;"Westbound Dollarton Hwy @ Amherst Ave";49.305474;-123.01827
"212";1;19;"Phibbs Exchange @ Bay 1";49.304937;-123.028312
"214";0;1;"Phibbs Exchange @ Bay 3";49.304904;-123.029461
"214";0;2;"Eastbound Old Dollarton Rd @ Amherst Ave";49.306059;-123.018567
"214";0;3;"Eastbound Old Dollarton Rd @ Riverside Dr";49.307458;-123.015703
"214";0;4;"Northbound Riverside Dr @ Windridge Dr";49.310394;-123.014624
"214";0;5;"Eastbound Mt Seymour Parkway @ Browning Place";49.312136;-123.00691
"214";0;6;"Eastbound Mt Seymour Parkway @ Berkley Rd";49.314142;-123.003533
"214";0;7;"Northbound Emerson Way @ Mt Seymour Parkway";49.316329;-122.998029
"214";0;8;"Westbound Carnation St @ Emerson Way";49.31812;-122.998606
"214";0;9;"Northbound Berkley Rd @ Carnation St";49.318413;-123.004867
"214";0;10;"Northbound Berkley Rd @ Shelley Rd";49.321182;-123.004853
"214";0;11;"Northbound Berkley Rd @ Boswell Ave";49.322945;-123.004794
"214";0;12;"Northbound Berkley Rd @ Layton Dr";49.324851;-123.004796
"214";0;13;"Northbound Berkley Rd @ Sechelt Dr";49.325862;-123.004735
"214";0;14;"Northbound Berkley Ave @ Derbyshire Place";49.328741;-123.001717
"214";0;15;"Eastbound Berkley Ave @ Hyannis Dr";49.329773;-122.999079
"214";0;16;"Southbound Hyannis Dr @ Berkley Ave";49.328883;-122.997309
"214";0;17;"Westbound Sechelt Dr @ Hyannis Dr";49.326496;-122.995619
"214";1;1;"Westbound Sechelt Dr @ Hyannis Dr";49.326496;-122.995619
"214";1;2;"Westbound Sechelt Dr @ Derbyshire Way";49.326123;-123.000642
"214";1;3;"Westbound Sechelt Dr @ Berkley Ave";49.326461;-123.004103
"214";1;4;"Southbound Berkley Rd @ Byron Rd";49.323478;-123.004999
"214";1;5;"Southbound Berkley Rd @ Shelley Rd";49.320958;-123.005013
"214";1;6;"Eastbound Carnation St @ Berkley Rd";49.318082;-123.004437
"214";1;7;"Southbound Emerson Way @ Carnation St";49.317587;-122.998203
"214";1;8;"Southbound Emerson Way @ Mt Seymour Parkway";49.316192;-122.998191
"214";1;9;"Westbound Mt Seymour Parkway @ Lytton St";49.315032;-123.002171
"214";1;10;"Westbound Mt Seymour Parkway @ Berkley Rd";49.314106;-123.004293
"214";1;11;"Westbound Mt Seymour Parkway @ Browning Place";49.311725;-123.008113
"214";1;12;"Westbound Old Dollarton Rd @ Riverside Dr";49.307553;-123.01595
"214";1;13;"Westbound Old Dollarton Rd @ Front St";49.306083;-123.018715
"214";1;14;"Phibbs Exchange @ Bay 1";49.304937;-123.028312
"215";0;1;"Phibbs Exchange @ Bay 13";49.305374;-123.028462
"215";0;2;"Eastbound Old Dollarton Rd @ Amherst Ave";49.306059;-123.018567
"215";0;3;"Eastbound Old Dollarton Rd @ Riverside Dr";49.307458;-123.015703
"215";0;4;"Eastbound Dollarton Hwy @ Riverside Dr";49.30557;-123.013426
"215";0;5;"Eastbound Dollarton Hwy @ Forester St";49.306226;-123.010315
"215";0;6;"Eastbound Dollarton Hwy @ 2400 Block";49.307612;-123.006104
"215";0;7;"Eastbound Dollarton Hwy @ 2600 Block";49.30809;-123.00164
"215";0;8;"Northbound Ellis St @ Dollarton Hwy";49.309262;-122.99402
"215";0;9;"Eastbound Plymouth Dr @ Ellis St";49.31074;-122.994961
"215";0;10;"Eastbound Plymouth Dr @ Eddystone Cres";49.311288;-122.993699
"215";0;11;"Northbound Plymouth Dr @ Fairfield Rd";49.313461;-122.992357
"215";0;12;"Eastbound Plymouth Dr @ Fairfield Rd";49.315084;-122.989244
"215";0;13;"Eastbound Mt Seymour Parkway @ Strathaven Dr";49.315557;-122.986433
"215";0;14;"Eastbound Mt Seymour Parkway @ Apex Ave";49.315498;-122.97944
"215";0;15;"Eastbound Mt Seymour Parkway @ Parkgate Ave";49.315674;-122.973634
"215";0;16;"Northbound Mt Seymour Rd @ Mt Seymour Parkway";49.316553;-122.968827
"215";0;17;"Northbound Mt Seymour Rd @ Hamber Place";49.319201;-122.96881
"215";0;18;"Eastbound Indian River Dr @ Mt Seymour Rd";49.32131;-122.967914
"215";0;19;"Eastbound Indian River Dr @ Lighthall Court";49.321277;-122.964882
"215";0;20;"Northbound Inlet Cres @ Indian River Dr";49.32154;-122.962341
"215";1;1;"Northbound Inlet Cres @ Indian River Dr";49.32154;-122.962341
"215";1;2;"Westbound Indian River Dr @ Cascade Court";49.321417;-122.966754
"215";1;3;"Westbound Indian River Dr @ Mt Seymour Rd";49.321443;-122.968697
"215";1;4;"Southbound Mt Seymour Rd @ Hamber Place";49.319433;-122.969141
"215";1;5;"Westbound Mt Seymour Parkway @ Mt Seymour Rd";49.316049;-122.969788
"215";1;6;"Westbound Mt Seymour Parkway @ Parkgate Ave";49.315864;-122.975057
"215";1;7;"Westbound Mt Seymour Parkway @ Apex Ave";49.315715;-122.980948
"215";1;8;"Westbound Mt Seymour Parkway @ Strathaven Dr";49.315765;-122.984288
"215";1;9;"Westbound Plymouth Dr @ Fairfield Rd";49.31519;-122.990208
"215";1;10;"Southbound Plymouth Dr @ Brixham Rd";49.314817;-122.992428
"215";1;11;"Southbound Plymouth Dr @ Tollcross Rd";49.313339;-122.992443
"215";1;12;"Southbound Plymouth Dr @ McCartney Close";49.310719;-122.99518
"215";1;13;"Westbound Dollarton Hwy @ Ellis St";49.308893;-122.994721
"215";1;14;"Westbound Dollarton Hwy @ 2500 Block";49.308157;-123.002586
"215";1;15;"Westbound Dollarton Hwy @ 2400 Block";49.30778;-123.006336
"215";1;16;"Westbound Dollarton Hwy @ Forester St";49.30609;-123.011439
"215";1;17;"Northbound Riverside Dr @ Dollarton Hwy";49.306139;-123.014172
"215";1;18;"Westbound Old Dollarton Rd @ Riverside Dr";49.307553;-123.01595
"215";1;19;"Westbound Old Dollarton Rd @ Front St";49.306083;-123.018715
"215";1;20;"Phibbs Exchange @ Bay 1";49.304937;-123.028312
"222";0;1;"Metrotown Station @ Bay 5";49.225917;-123.002755
"222";0;2;"Northbound Willingdon Ave @ Goard Way";49.251498;-123.004148
"222";0;3;"Brentwood Station @ Bay 1";49.267148;-123.002997
"222";0;4;"Westbound Hastings St @ Willingdon Ave-";49.281121;-123.003852
"222";0;5;"Kootenay Loop @ Bay 6";49.281212;-123.026407
"222";0;6;"Phibbs Exchange @ Bay 1";49.304937;-123.028312
"222";1;1;"Phibbs Exchange @ Bay 10";49.305231;-123.028334
"222";1;2;"Kootenay Loop @ Bay 8";49.281026;-123.024952
"222";1;3;"Eastbound Hastings St @ Willingdon Ave";49.280927;-123.005171
"222";1;4;"Brentwood Station @ Bay 7";49.266007;-123.003347
"222";1;5;"Southbound Willingdon Ave @ Goard Way";49.252275;-123.004486
"222";1;6;"Metrotown Station @ Bay 10";49.22639;-123.004928
"222";1;7;"Metrotown Station @ Bay 1";49.226277;-123.003299
"227";0;1;"Phibbs Exchange @ Bay 13";49.305374;-123.028462
"227";0;2;"Northbound Mountain Hwy @ Crown St";49.309148;-123.031976
"227";0;3;"Northbound Mountain Hwy @ Fern St";49.311744;-123.032491
"227";0;4;"Westbound E Keith Rd @ Mountain Hwy";49.313332;-123.037247
"227";0;5;"Northbound Arborlynn Dr @ Mountain Hwy";49.317421;-123.035639
"227";0;6;"Northbound Arborlynn Dr @ Appin Rd";49.31959;-123.034495
"227";0;7;"Northbound Arborlynn Dr @ Avonlynn Cres";49.321842;-123.032395
"227";0;8;"Northbound Arborlynn Dr @ Hoskins Rd";49.324884;-123.029904
"227";0;9;"Northbound Hoskins Rd @ Greenock Place";49.326628;-123.028372
"227";0;10;"Northbound Hoskins Rd @ Kilmarnock Cres South";49.329672;-123.02694
"227";0;11;"Northbound Hoskins Rd @ Wembley Dr";49.333495;-123.026616
"227";0;12;"Eastbound Ross Rd @ Hoskins Rd";49.335916;-123.027109
"227";0;13;"Eastbound Ross Rd @ Wembley Dr";49.335846;-123.023211
"227";0;14;"Northbound Duval Rd @ Robinson Rd";49.337558;-123.022123
"227";0;15;"Northbound Duval Rd @ Westover Rd";49.339387;-123.022124
"227";0;16;"Westbound Peters Rd @ Duval Rd";49.34169;-123.022766
"227";0;17;"Westbound Peters Rd @ Henderson Ave";49.341759;-123.026179
"227";0;18;"Westbound Lynn Valley Rd @ Peters Rd";49.341659;-123.029753
"227";0;19;"Westbound Lynn Valley Rd @ Allan Rd";49.339963;-123.032893
"227";0;20;"Westbound Lynn Valley Rd @ Church St";49.338479;-123.03566
"227";0;21;"Lynn Valley @ Bay 4";49.336386;-123.038189
"227";0;22;"Lynn Valley @ Bay 6";49.333436;-123.040377
"227";0;23;"Eastbound Lynn Valley Rd @ E 27 St";49.334202;-123.043347
"227";0;24;"Eastbound Lynn Valley Rd @ E 29 St";49.335452;-123.040995
"227";0;25;"Lynn Valley @ Bay 1";49.336608;-123.038743
"227";1;1;"Lynn Valley @ Bay 1";49.336608;-123.038743
"227";1;2;"Eastbound Lynn Valley Rd @ Harold Rd";49.338263;-123.035762
"227";1;3;"Eastbound Lynn Valley Rd @ Allan Rd";49.340205;-123.032158
"227";1;4;"Eastbound Lynn Valley Rd @ Peters Rd";49.341448;-123.029855
"227";1;5;"Eastbound Peters Rd @ Henderson Ave";49.341638;-123.026314
"227";1;6;"Eastbound Peters Rd @ Duval Rd";49.341566;-123.022331
"227";1;7;"Southbound Duval Rd @ Westover Rd";49.338824;-123.022337
"227";1;8;"Southbound Duval Rd @ Draycott Rd";49.336652;-123.02239
"227";1;9;"Westbound Ross Rd @ 1700 Block";49.336009;-123.025224
"227";1;10;"Southbound Hoskins Rd @ Ross Rd";49.335595;-123.02762
"227";1;11;"Southbound Hoskins Rd @ Kilmarnock Cres North";49.333519;-123.026798
"227";1;12;"Southbound Hoskins Rd @ Kilmarnock Cres South";49.329086;-123.027156
"227";1;13;"Southbound Hoskins Rd @ Greenock Place";49.32673;-123.028409
"227";1;14;"Southbound Arborlynn Dr @ Hoskins Rd";49.323817;-123.030537
"227";1;15;"Southbound Arborlynn Dr @ Avonlynn Cres";49.321617;-123.032876
"227";1;16;"Southbound Arborlynn Dr @ Appin Rd";49.318698;-123.034873
"227";1;17;"Southbound Arborlynn Dr @ Mountain Hwy";49.317462;-123.035802
"227";1;18;"Eastbound E Keith Rd @ Mountain Hwy";49.313198;-123.037449
"227";1;19;"Southbound Mountain Hwy @ Fern St";49.311044;-123.032716
"227";1;20;"Southbound Mountain Hwy @ Charlotte Rd";49.309442;-123.032289
"227";1;21;"Southbound Mountain Hwy @ Rupert St";49.307703;-123.032056
"227";1;22;"Phibbs Exchange @ Bay 11";49.305435;-123.029043
"228";0;1;"Lonsdale Quay @ Bay 2";49.310753;-123.082752
"228";0;2;"Northbound Lonsdale Ave @ E 1st St";49.312182;-123.07821
"228";0;3;"Eastbound E 3rd St @ Lonsdale Ave";49.313157;-123.076579
"228";0;4;"Eastbound E 3rd St @ St. Georges Ave";49.311865;-123.073677
"228";0;5;"Eastbound E 3rd St @ St. Andrews Ave";49.310579;-123.070625
"228";0;6;"Eastbound E 3rd St @ St. Patricks Ave";49.309251;-123.067604
"228";0;7;"Eastbound E 3rd St @ Ridgeway Ave";49.308441;-123.062174
"228";0;8;"Eastbound E 3rd St @ Moody Ave";49.308434;-123.059819
"228";0;9;"Northbound Queensbury Ave @ E 4th St";49.309693;-123.057121
"228";0;10;"Northbound Queensbury Ave @ E 7th St";49.312736;-123.057031
"228";0;11;"Northbound Grand Blvd East @ E Keith Rd";49.313876;-123.056468
"228";0;12;"Northbound Grand Blvd East @ E 9th St";49.315862;-123.056418
"228";0;13;"Northbound Grand Blvd East @ E 11 St";49.317961;-123.056364
"228";0;14;"Northbound Grand Blvd East @ E 13 St";49.320103;-123.056323
"228";0;15;"Northbound Grand Blvd East @ E 15 St";49.322113;-123.056272
"228";0;16;"Northbound Grand Blvd East @ E 17 St";49.324232;-123.056185
"228";0;17;"Northbound Boulevard Cres @ E 19 St";49.326339;-123.056094
"228";0;18;"Eastbound Lynn Valley Rd @ Morgan Rd";49.329435;-123.052342
"228";0;19;"Eastbound Lynn Valley Rd @ William Ave";49.330612;-123.050063
"228";0;20;"Eastbound Lynn Valley Rd @ Mollie Nye Way";49.332125;-123.04724
"228";0;21;"Eastbound Lynn Valley Rd @ E 27 St";49.334202;-123.043347
"228";0;22;"Eastbound Lynn Valley Rd @ E 29 St";49.335452;-123.040995
"228";0;23;"Lynn Valley @ Bay 1";49.336608;-123.038743
"228";0;24;"Eastbound Lynn Valley Rd @ Harold Rd";49.338263;-123.035762
"228";0;25;"Eastbound Lynn Valley Rd @ Allan Rd";49.340205;-123.032158
"228";0;26;"Eastbound Lynn Valley Rd @ Peters Rd";49.341448;-123.029855
"228";0;27;"Northbound Lynn Valley Rd @ Burrill Ave";49.343712;-123.025699
"228";0;28;"Northbound Lynn Valley Rd @ Langworthy St";49.345093;-123.024599
"228";0;29;"Northbound Lynn Valley Rd @ Dempsey Rd";49.347074;-123.023145
"228";0;30;"Northbound Underwood Ave @ Evelyn St";49.348848;-123.024599
"228";1;1;"Northbound Underwood Ave @ Evelyn St";49.348848;-123.024599
"228";1;2;"Westbound Coleman St @ Underwood Ave";49.350744;-123.025098
"228";1;3;"Southbound Hoskins Rd @ Coleman St";49.35039;-123.028456
"228";1;4;"Southbound Hoskins Rd @ Dempsey Rd";49.347391;-123.028591
"228";1;5;"Southbound Hoskins Rd @ Langworthy St";49.344793;-123.028655
"228";1;6;"Southbound Hoskins Rd @ Burrill Ave";49.343241;-123.028702
"228";1;7;"Westbound Lynn Valley Rd @ Peters Rd";49.341659;-123.029753
"228";1;8;"Westbound Lynn Valley Rd @ Allan Rd";49.339963;-123.032893
"228";1;9;"Westbound Lynn Valley Rd @ Church St";49.338479;-123.03566
"228";1;10;"Lynn Valley @ Bay 2";49.336899;-123.038733
"228";1;11;"Westbound Lynn Valley Rd @ Ross Rd";49.335827;-123.040725
"228";1;12;"Westbound Lynn Valley Rd @ E 29 St";49.335058;-123.042161
"228";1;13;"Westbound Lynn Valley Rd @ Fromme Rd";49.333907;-123.044317
"228";1;14;"Westbound Lynn Valley Rd @ Mollie Nye Way";49.331956;-123.048003
"228";1;15;"Westbound Lynn Valley Rd @ William Ave";49.330747;-123.050277
"228";1;16;"Southbound Boulevard Cres @ Sutherland Ave";49.328615;-123.054317
"228";1;17;"Southbound Grand Blvd East @ E 19 St";49.325776;-123.056353
"228";1;18;"Southbound Grand Blvd East @ E 17 St";49.323724;-123.056406
"228";1;19;"Southbound Grand Blvd East @ E 15 St";49.321559;-123.056457
"228";1;20;"Southbound Grand Blvd East @ E 13 St";49.319563;-123.056514
"228";1;21;"Southbound Grand Blvd East @ E 11 St";49.317432;-123.056559
"228";1;22;"Southbound Grand Blvd East @ E 9th St";49.315354;-123.056611
"228";1;23;"Southbound Queensbury Ave @ E Keith Rd";49.313132;-123.05722
"228";1;24;"Southbound Queensbury Ave @ E 5th St";49.310294;-123.057297
"228";1;25;"Westbound E 3rd St @ Queensbury Ave";49.308546;-123.057704
"228";1;26;"Westbound E 3rd St @ Moody Ave";49.308563;-123.060598
"228";1;27;"Westbound E 3rd St @ Ridgeway Ave";49.308596;-123.063835
"228";1;28;"Westbound E 3rd St @ St. Patricks Ave";49.309723;-123.068347
"228";1;29;"Westbound E 3rd St @ St. Andrews Ave";49.311016;-123.07131
"228";1;30;"Westbound E 3rd St @ St. Georges Ave";49.312375;-123.074445
"228";1;31;"Southbound Lonsdale Ave @ W 3rd St";49.313219;-123.07747
"228";1;32;"Southbound Lonsdale Ave @ W 1st St";49.311561;-123.079099
"228";1;33;"Lonsdale Quay @ Bay 4";49.3111;-123.082393
"229";0;1;"Lonsdale Quay @ Bay 1";49.310597;-123.082918
"229";0;2;"Northbound Lonsdale Ave @ E 1st St";49.312182;-123.07821
"229";0;3;"Northbound Lonsdale Ave @ E 2nd St";49.312944;-123.077418
"229";0;4;"Northbound Lonsdale Ave @ E 4th St";49.314476;-123.075822
"229";0;5;"Northbound Lonsdale Ave @ E Keith Rd";49.316943;-123.073317
"229";0;6;"Northbound Lonsdale Ave @ E 13 St";49.320352;-123.07224
"229";0;7;"Northbound Lonsdale Ave @ E 15 St";49.322458;-123.072182
"229";0;8;"Northbound Lonsdale Ave @ E 17 St";49.323923;-123.072194
"229";0;9;"Northbound Lonsdale Ave @ E 19 St";49.326627;-123.072103
"229";0;10;"Northbound Lonsdale Ave @ E 21 St";49.32888;-123.072061
"229";0;11;"Northbound Lonsdale Ave @ E 23 St";49.330025;-123.071991
"229";0;12;"Northbound Lonsdale Ave @ E 27 St";49.334503;-123.071871
"229";0;13;"Eastbound E 29 St @ Lonsdale Ave";49.335573;-123.071305
"229";0;14;"Eastbound E 29 St @ St. Georges Ave";49.335578;-123.068457
"229";0;15;"Eastbound E 29 St @ St. Andrews Ave";49.33557;-123.065638
"229";0;16;"Eastbound E 29 St @ St. Kilda Ave";49.335549;-123.061435
"229";0;17;"Eastbound E 29 St @ Brand St";49.335533;-123.058455
"229";0;18;"Eastbound E 29 St @ Tempe Glen Dr";49.335508;-123.0542
"229";0;19;"Eastbound E 29 St @ William Ave";49.335461;-123.049508
"229";0;20;"Eastbound E 29 St @ St. Christophers Rd";49.335422;-123.045671
"229";0;21;"Eastbound E 29 St @ Fromme Rd";49.335409;-123.043403
"229";0;22;"Eastbound Lynn Valley Rd @ E 29 St";49.335452;-123.040995
"229";0;23;"Lynn Valley @ Bay 1";49.336608;-123.038743
"229";1;1;"Lynn Valley @ Bay 1";49.336608;-123.038743
"229";1;2;"Lynn Valley @ Bay 6";49.333436;-123.040377
"229";1;3;"Eastbound Lynn Valley Rd @ E 27 St";49.334202;-123.043347
"229";1;4;"Westbound E 29 St @ Fromme Rd";49.335535;-123.044266
"229";1;5;"Westbound E 29 St @ St. Christophers Rd";49.335556;-123.046388
"229";1;6;"Westbound E 29 St @ William Ave";49.335595;-123.051387
"229";1;7;"Westbound E 29 St @ Duchess Ave";49.335623;-123.053648
"229";1;8;"Westbound E 29 St @ Somerset St";49.335672;-123.059425
"229";1;9;"Westbound E 29 St @ St. Andrews Ave";49.335692;-123.065242
"229";1;10;"Westbound E 29 St @ St. Georges Ave";49.335692;-123.069293
"229";1;11;"Southbound Lonsdale Ave @ W 29 St";49.335313;-123.072124
"229";1;12;"Southbound Lonsdale Ave @ W 27 St";49.333811;-123.072163
"229";1;13;"Southbound Lonsdale Ave @ W 23 St";49.329781;-123.072265
"229";1;14;"Southbound Lonsdale Ave @ W 21 St";49.327967;-123.072286
"229";1;15;"Southbound Lonsdale Ave @ W 19 St";49.325941;-123.072367
"229";1;16;"Southbound Lonsdale Ave @ W 17 St";49.323861;-123.072421
"229";1;17;"Southbound Lonsdale Ave @ W 15 St";49.3217;-123.072483
"229";1;18;"Southbound Lonsdale Ave @ W 13 St";49.319603;-123.072529
"229";1;19;"Southbound Lonsdale Ave @ W Keith Rd";49.316896;-123.073702
"229";1;20;"Southbound Lonsdale Ave @ W 5th St";49.31482;-123.075818
"229";1;21;"Southbound Lonsdale Ave @ W 3rd St";49.313219;-123.07747
"229";1;22;"Southbound Lonsdale Ave @ W 1st St";49.311561;-123.079099
"229";1;23;"Lonsdale Quay @ Bay 4";49.3111;-123.082393
"230";0;1;"Lonsdale Quay @ Bay 8";49.310742;-123.082912
"230";0;2;"Northbound Lonsdale Ave @ E 1st St";49.312182;-123.07821
"230";0;3;"Northbound Lonsdale Ave @ E 2nd St";49.312944;-123.077418
"230";0;4;"Northbound Lonsdale Ave @ E 4th St";49.314476;-123.075822
"230";0;5;"Northbound Lonsdale Ave @ E Keith Rd";49.316943;-123.073317
"230";0;6;"Northbound Lonsdale Ave @ E 13 St";49.320352;-123.07224
"230";0;7;"Northbound Lonsdale Ave @ E 15 St";49.322458;-123.072182
"230";0;8;"Northbound Lonsdale Ave @ E 17 St";49.323923;-123.072194
"230";0;9;"Northbound Lonsdale Ave @ E 19 St";49.326627;-123.072103
"230";0;10;"Northbound Lonsdale Ave @ E 21 St";49.32888;-123.072061
"230";0;11;"Northbound Lonsdale Ave @ E 23 St";49.330025;-123.071991
"230";0;12;"Northbound Lonsdale Ave @ E 27 St";49.334503;-123.071871
"230";0;13;"Northbound Lonsdale Ave @ E Kings Rd";49.337683;-123.071867
"230";0;14;"Northbound Lonsdale Ave @ E Windsor Rd";49.338618;-123.07185
"230";0;15;"Eastbound E Osborne Rd @ Lonsdale Ave";49.340108;-123.071013
"230";0;16;"Eastbound E Osborne Rd @ St. Georges Ave";49.340097;-123.06805
"230";0;17;"Eastbound E Osborne Rd @ St. Andrews Ave";49.340086;-123.064294
"230";0;18;"Eastbound E Osborne Rd @ Regent Ave";49.340065;-123.06012
"230";0;19;"Northbound Princess Ave @ E Osborne Rd";49.340563;-123.057736
"230";0;20;"Northbound Princess Ave @ Wellington Dr";49.342616;-123.057642
"230";0;21;"Northbound Princess Ave @ 3800 Block";49.34439;-123.056474
"230";0;22;"Northbound Princess Ave @ Regal Cres";49.344584;-123.054099
"230";0;23;"Westbound E Braemar Rd @ 700 Block";49.345477;-123.055147
"230";0;24;"Westbound E Braemar Rd @ Regent Ave";49.345467;-123.060186
"230";0;25;"Westbound E Braemar Rd @ Braemar Place";49.344559;-123.0633
"230";0;26;"Westbound E Braemar Rd @ St. Georges Ave";49.343295;-123.068083
"230";0;27;"Northbound Lonsdale Ave @ E Braemar Rd";49.343559;-123.071785
"230";0;28;"Northbound Lonsdale Ave @ E Rockland Rd";49.344909;-123.071766
"230";0;29;"Southbound Prospect Rd @ W Rockland Rd";49.344827;-123.07376
"230";1;1;"Eastbound E Osborne Rd @ Lonsdale Ave";49.340108;-123.071013
"230";1;2;"Eastbound E Osborne Rd @ St. Georges Ave";49.340097;-123.06805
"230";1;3;"Eastbound E Osborne Rd @ St. Andrews Ave";49.340086;-123.064294
"230";1;4;"Eastbound E Osborne Rd @ Regent Ave";49.340065;-123.06012
"230";1;5;"Northbound Princess Ave @ E Osborne Rd";49.340563;-123.057736
"230";1;6;"Northbound Princess Ave @ Wellington Dr";49.342616;-123.057642
"230";1;7;"Northbound Princess Ave @ 3800 Block";49.34439;-123.056474
"230";1;8;"Northbound Princess Ave @ Regal Cres";49.344584;-123.054099
"230";1;9;"Westbound E Braemar Rd @ 700 Block";49.345477;-123.055147
"230";1;10;"Westbound E Braemar Rd @ Regent Ave";49.345467;-123.060186
"230";1;11;"Westbound E Braemar Rd @ Braemar Place";49.344559;-123.0633
"230";1;12;"Westbound E Braemar Rd @ St. Georges Ave";49.343295;-123.068083
"230";1;13;"Northbound Lonsdale Ave @ E Braemar Rd";49.343559;-123.071785
"230";1;14;"Northbound Lonsdale Ave @ E Rockland Rd";49.344909;-123.071766
"230";1;15;"Southbound Prospect Rd @ W Rockland Rd";49.344827;-123.07376
"230";1;16;"Southbound Lonsdale Ave @ W Balmoral Rd";49.343918;-123.071969
"230";1;17;"Southbound Lonsdale Ave @ Kensington Cres";49.342092;-123.071994
"230";1;18;"Southbound Lonsdale Ave @ Carisbrooke Cres";49.341224;-123.072008
"230";1;19;"Southbound Lonsdale Ave @ W Osborne Rd";49.339916;-123.07202
"230";1;20;"Southbound Lonsdale Ave @ W Windsor Rd";49.33802;-123.07205
"230";1;21;"Southbound Lonsdale Ave @ W 29 St";49.335313;-123.072124
"230";1;22;"Southbound Lonsdale Ave @ W 27 St";49.333811;-123.072163
"230";1;23;"Southbound Lonsdale Ave @ W 23 St";49.329781;-123.072265
"230";1;24;"Southbound Lonsdale Ave @ W 21 St";49.327967;-123.072286
"230";1;25;"Southbound Lonsdale Ave @ W 19 St";49.325941;-123.072367
"230";1;26;"Southbound Lonsdale Ave @ W 17 St";49.323861;-123.072421
"230";1;27;"Southbound Lonsdale Ave @ W 15 St";49.3217;-123.072483
"230";1;28;"Southbound Lonsdale Ave @ W 13 St";49.319603;-123.072529
"230";1;29;"Southbound Lonsdale Ave @ W Keith Rd";49.316896;-123.073702
"230";1;30;"Southbound Lonsdale Ave @ W 5th St";49.31482;-123.075818
"230";1;31;"Southbound Lonsdale Ave @ W 3rd St";49.313219;-123.07747
"230";1;32;"Southbound Lonsdale Ave @ W 1st St";49.311561;-123.079099
"230";1;33;"Lonsdale Quay @ Bay 4";49.3111;-123.082393
"231";0;1;"Eastbound Harbourside Dr @ Harbourside Place";49.314517;-123.099393
"231";0;2;"Northbound Fell Ave @ AutoMall Dr";49.31613;-123.094673
"231";0;3;"Eastbound W 2nd St @ Bewicke Ave";49.318958;-123.091092
"231";0;4;"Southbound Forbes Ave @ W 1st St";49.314507;-123.086018
"231";0;5;"Eastbound W Esplanade @ Semisch Ave";49.31285;-123.083876
"231";0;6;"Lonsdale Quay @ Bay 9";49.311537;-123.082514
"231";1;1;"Lonsdale Quay @ Bay 9";49.311537;-123.082514
"231";1;2;"Westbound W Esplanade Ave @ Semisch Ave";49.31327;-123.084338
"231";1;3;"Northbound Forbes Ave @ W 1st St";49.315326;-123.085773
"231";1;4;"Westbound W 2nd St @ Bewicke Ave";49.319125;-123.091999
"231";1;5;"Southbound Fell Ave @ AutoMall Dr";49.315478;-123.094909
"231";1;6;"Eastbound Harbourside Dr @ Harbourside Place";49.314517;-123.099393
"232";0;1;"Grouse Mountain @ Skyride";49.372151;-123.099143
"232";0;2;"Southbound Nancy Greene Way @ N Grousewoods Dr";49.368349;-123.100261
"232";0;3;"Southbound Nancy Greene Way @ S Grousewoods Dr";49.366256;-123.101931
"232";0;4;"Southbound Nancy Greene Way @ Blue Grouse Way";49.364049;-123.103349
"232";0;5;"Southbound Capilano Rd @ Clements Ave";49.357688;-123.106788
"232";0;6;"Southbound Capilano Rd @ Teviot Place";49.354149;-123.106771
"232";0;7;"Southbound Capilano Rd @ Handsworth Rd";49.35273;-123.107329
"232";0;8;"Southbound Capilano Rd @ Edgewood Rd";49.350572;-123.108053
"232";0;9;"Southbound Capilano Rd @ Eldon Rd";49.346858;-123.111414
"232";0;10;"Eastbound Edgemont Blvd @ Riviere Place";49.343454;-123.111211
"232";0;11;"Eastbound Edgemont Blvd @ Sunset Blvd";49.3409;-123.106696
"232";0;12;"Eastbound Edgemont Blvd @ Ridgewood Dr";49.338785;-123.103817
"232";0;13;"Eastbound Edgemont Blvd @ Highland Blvd";49.337217;-123.101686
"232";0;14;"Eastbound W Queens Rd @ Edgemont Blvd";49.336585;-123.100191
"232";0;15;"Eastbound W Queens Rd @ Del Rio Dr";49.336516;-123.092768
"232";0;16;"Eastbound W Queens Rd @ Westview Dr";49.336512;-123.08727
"232";0;17;"Eastbound W Queens Rd @ Larson Rd";49.336503;-123.083972
"232";0;18;"Eastbound W Queens Rd @ Jones Ave";49.336494;-123.081023
"232";0;19;"Eastbound W Queens Rd @ Mahon Ave";49.336489;-123.078426
"232";0;20;"Eastbound W Queens Rd @ Chesterfield Ave";49.336462;-123.074314
"232";0;21;"Southbound Lonsdale Ave @ W 29 St";49.335313;-123.072124
"232";0;22;"Southbound Lonsdale Ave @ W 27 St";49.333811;-123.072163
"232";0;23;"Southbound Lonsdale Ave @ W 23 St";49.329781;-123.072265
"232";0;24;"Southbound Lonsdale Ave @ W 21 St";49.327967;-123.072286
"232";0;25;"Southbound Lonsdale Ave @ W 19 St";49.325941;-123.072367
"232";0;26;"Southbound Lonsdale Ave @ W 17 St";49.323861;-123.072421
"232";0;27;"Southbound Lonsdale Ave @ W 15 St";49.3217;-123.072483
"232";0;28;"Southbound Lonsdale Ave @ W 13 St";49.319603;-123.072529
"232";0;29;"Eastbound E Keith Rd @ Lonsdale Ave";49.316211;-123.073505
"232";0;30;"Eastbound E Keith Rd @ St. Georges Ave";49.315256;-123.070212
"232";0;31;"Eastbound E Keith Rd @ St. Andrews Ave";49.313988;-123.067296
"232";0;32;"Eastbound E Keith Rd @ St. Davids Ave";49.313534;-123.065319
"232";0;33;"Eastbound E Keith Rd @ Ridgeway Ave";49.313509;-123.062739
"232";0;34;"Eastbound E Keith Rd @ Moody Ave";49.313474;-123.059739
"232";0;35;"Eastbound E Keith Rd @ Grand Blvd East";49.313425;-123.056138
"232";0;36;"Eastbound E Keith Rd @ Sutherland Ave";49.313392;-123.053995
"232";0;37;"Eastbound E Keith Rd @ Hendry Ave";49.313372;-123.051554
"232";0;38;"Eastbound E Keith Rd @ Adderley St";49.313317;-123.048554
"232";0;39;"Eastbound E Keith Rd @ Cloverley St";49.313273;-123.04582
"232";0;40;"Southbound Brooksbank Ave @ E Keith Rd";49.312833;-123.040448
"232";0;41;"Southbound Brooksbank Ave @ E 4th St";49.309636;-123.04053
"232";0;42;"Southbound Brooksbank Ave @ E 3rd St";49.308077;-123.040574
"232";0;43;"Eastbound Main St @ Lynn Ave";49.306304;-123.036502
"232";0;44;"Phibbs Exchange @ Bay 4";49.305041;-123.02981
"232";1;1;"Phibbs Exchange @ Bay 11";49.305435;-123.029043
"232";1;2;"Westbound Main St @ Harbour Ave";49.306096;-123.034951
"232";1;3;"Northbound Brooksbank Ave @ E 3rd St";49.308549;-123.040349
"232";1;4;"Northbound Brooksbank Ave @ E 5th St";49.310559;-123.040304
"232";1;5;"Westbound E Keith Rd @ Brooksbank Ave";49.313357;-123.040973
"232";1;6;"Westbound E Keith Rd @ Shavington St";49.313392;-123.044085
"232";1;7;"Westbound E Keith Rd @ Cloverley St";49.313427;-123.046433
"232";1;8;"Westbound E Keith Rd @ Adderley St";49.313456;-123.049319
"232";1;9;"Westbound E Keith Rd @ Hendry Ave";49.313495;-123.052457
"232";1;10;"Westbound E Keith Rd @ Sutherland Ave";49.31355;-123.055162
"232";1;11;"Westbound E Keith Rd @ Grand Blvd West";49.313586;-123.058096
"232";1;12;"Westbound E Keith Rd @ Moody Ave";49.313621;-123.060974
"232";1;13;"Westbound E Keith Rd @ Ridgeway Ave";49.31366;-123.063643
"232";1;14;"Westbound E Keith Rd @ St. Andrews Ave";49.314553;-123.067727
"232";1;15;"Westbound E Keith Rd @ St. Georges Ave";49.31592;-123.070798
"232";1;16;"Northbound Lonsdale Ave @ E 8th St";49.317657;-123.072585
"232";1;17;"Northbound Lonsdale Ave @ E 13 St";49.320352;-123.07224
"232";1;18;"Northbound Lonsdale Ave @ E 15 St";49.322458;-123.072182
"232";1;19;"Northbound Lonsdale Ave @ E 17 St";49.323923;-123.072194
"232";1;20;"Northbound Lonsdale Ave @ E 19 St";49.326627;-123.072103
"232";1;21;"Northbound Lonsdale Ave @ E 21 St";49.32888;-123.072061
"232";1;22;"Northbound Lonsdale Ave @ E 23 St";49.330025;-123.071991
"232";1;23;"Northbound Lonsdale Ave @ E 27 St";49.334503;-123.071871
"232";1;24;"Westbound W Queens Rd @ Lonsdale Ave";49.336579;-123.072813
"232";1;25;"Westbound W Queens Rd @ Chesterfield Ave";49.336596;-123.077606
"232";1;26;"Westbound W Queens Rd @ Mahon Ave";49.336616;-123.079951
"232";1;27;"Westbound W Queens Rd @ Jones Ave";49.336609;-123.082772
"232";1;28;"Westbound W Queens Rd @ Delbrook Ave";49.336621;-123.087189
"232";1;29;"Westbound W Queens Rd @ Del Rio Dr";49.336652;-123.093379
"232";1;30;"Westbound W Queens Rd @ Colwood Dr";49.336682;-123.098294
"232";1;31;"Southbound Highland Blvd @ Woodbine Dr";49.3379;-123.101408
"232";1;32;"Westbound Edgemont Blvd @ Ridgewood Dr";49.338965;-123.103787
"232";1;33;"Westbound Edgemont Blvd @ Sunset Blvd";49.341508;-123.107166
"232";1;34;"Westbound Edgemont Blvd @ Capilano Rd";49.343662;-123.111635
"232";1;35;"Northbound Capilano Rd @ Edgemont Blvd";49.34412;-123.11158
"232";1;36;"Northbound Capilano Rd @ Mt Crown Rd";49.345601;-123.110999
"232";1;37;"Northbound Capilano Rd @ Eldon Rd";49.347433;-123.111201
"232";1;38;"Northbound Capilano Rd @ Edgewood Rd";49.351104;-123.107653
"232";1;39;"Northbound Capilano Rd @ Handsworth Rd";49.352871;-123.107029
"232";1;40;"Northbound Capilano Rd @ Montroyal Blvd";49.356466;-123.106089
"232";1;41;"Northbound Nancy Greene Way @ Prospect Ave";49.359305;-123.105745
"232";1;42;"Northbound Nancy Greene Way @ Woodchuck Place";49.364696;-123.102814
"232";1;43;"Northbound Nancy Greene Way @ S Grousewoods Dr";49.366285;-123.101734
"232";1;44;"Northbound Nancy Greene Way @ N Grousewoods Dr";49.368777;-123.099816
"232";1;45;"Grouse Mountain @ Skyride";49.372151;-123.099143
"236";0;1;"Lonsdale Quay @ Bay 6";49.311066;-123.082557
"236";0;2;"Westbound W Esplanade Ave @ Rogers Ave";49.312;-123.081387
"236";0;3;"Westbound W Esplanade Ave @ Semisch Ave";49.31327;-123.084338
"236";0;4;"Northbound Forbes Ave @ W 1st St";49.315326;-123.085773
"236";0;5;"Westbound W 3rd St @ Mission Rd";49.318364;-123.088085
"236";0;6;"Westbound Marine Dr @ Bewicke Ave";49.32061;-123.092706
"236";0;7;"Westbound Marine Dr @ Fell Ave";49.32151;-123.095264
"236";0;8;"Westbound Marine Dr @ Hanes Ave";49.322273;-123.097423
"236";0;9;"Westbound Marine Dr @ Hamilton Ave";49.323076;-123.0996
"236";0;10;"Northbound Mackay Ave @ Marine Dr";49.323926;-123.101015
"236";0;11;"Northbound Mackay Ave @ W 19 St";49.326757;-123.10052
"236";0;12;"Northbound Mackay Ave @ 2000 Block";49.328369;-123.101386
"236";0;13;"Westbound W 22 St @ Cortell St";49.329875;-123.10276
"236";0;14;"Westbound W 22 St @ Lloyd Ave";49.329944;-123.105226
"236";0;15;"Westbound W 22 St @ Pemberton Ave";49.329962;-123.107885
"236";0;16;"Westbound W 22 St @ Philip Ave";49.330029;-123.113635
"236";0;17;"Northbound Capilano Rd @ Woods Dr";49.334984;-123.115725
"236";0;18;"Northbound Capilano Rd @ Paisley Rd";49.336685;-123.115441
"236";0;19;"Northbound Capilano Rd @ Ridgewood Dr";49.339994;-123.114328
"236";0;20;"Northbound Capilano Rd @ 3600 Block";49.342653;-123.113437
"236";0;21;"Northbound Capilano Rd @ Edgemont Blvd";49.34412;-123.11158
"236";0;22;"Northbound Capilano Rd @ Mt Crown Rd";49.345601;-123.110999
"236";0;23;"Northbound Capilano Rd @ Eldon Rd";49.347433;-123.111201
"236";0;24;"Northbound Capilano Rd @ Edgewood Rd";49.351104;-123.107653
"236";0;25;"Northbound Capilano Rd @ Handsworth Rd";49.352871;-123.107029
"236";0;26;"Northbound Capilano Rd @ Montroyal Blvd";49.356466;-123.106089
"236";0;27;"Northbound Nancy Greene Way @ Prospect Ave";49.359305;-123.105745
"236";0;28;"Northbound Nancy Greene Way @ Woodchuck Place";49.364696;-123.102814
"236";0;29;"Northbound Nancy Greene Way @ S Grousewoods Dr";49.366285;-123.101734
"236";0;30;"Northbound Nancy Greene Way @ N Grousewoods Dr";49.368777;-123.099816
"236";0;31;"Grouse Mountain @ Skyride";49.372151;-123.099143
"236";1;1;"Grouse Mountain @ Skyride";49.372151;-123.099143
"236";1;2;"Southbound Nancy Greene Way @ N Grousewoods Dr";49.368349;-123.100261
"236";1;3;"Southbound Nancy Greene Way @ S Grousewoods Dr";49.366256;-123.101931
"236";1;4;"Southbound Nancy Greene Way @ Blue Grouse Way";49.364049;-123.103349
"236";1;5;"Southbound Capilano Rd @ Clements Ave";49.357688;-123.106788
"236";1;6;"Southbound Capilano Rd @ Teviot Place";49.354149;-123.106771
"236";1;7;"Southbound Capilano Rd @ Handsworth Rd";49.35273;-123.107329
"236";1;8;"Southbound Capilano Rd @ Edgewood Rd";49.350572;-123.108053
"236";1;9;"Southbound Capilano Rd @ Eldon Rd";49.346858;-123.111414
"236";1;10;"Southbound Capilano Rd @ 3500 Block";49.34179;-123.113936
"236";1;11;"Southbound Capilano Rd @ Ridgewood Dr";49.339837;-123.114592
"236";1;12;"Southbound Capilano Rd @ Paisley Rd";49.336005;-123.115899
"236";1;13;"Eastbound W 22 St @ Philip Ave";49.329912;-123.112618
"236";1;14;"Eastbound W 22 St @ Bridgman Ave";49.329873;-123.109985
"236";1;15;"Eastbound W 22 St @ Pemberton Ave";49.329851;-123.107185
"236";1;16;"Eastbound W 22 St @ Lloyd Ave";49.329817;-123.104366
"236";1;17;"Southbound Mackay Ave @ W 21 St";49.328769;-123.101826
"236";1;18;"Southbound Mackay Ave @ W 19 St";49.326657;-123.100669
"236";1;19;"Southbound Lloyd Ave @ W 17 St";49.32437;-123.105025
"236";1;20;"Eastbound Marine Dr @ Hamilton Ave";49.322589;-123.099039
"236";1;21;"Eastbound Marine Dr @ Fell Ave";49.321178;-123.094959
"236";1;22;"Eastbound W 3rd St @ Bewicke Ave";49.320065;-123.091862
"236";1;23;"Eastbound W 3rd St @ Mission Rd";49.318001;-123.087729
"236";1;24;"Southbound Forbes Ave @ W 1st St";49.314507;-123.086018
"236";1;25;"Eastbound W Esplanade @ Semisch Ave";49.31285;-123.083876
"236";1;26;"Lonsdale Quay @ Bay 4";49.3111;-123.082393
"240";0;1;"Westbound W Georgia St @ Homer St";49.280921;-123.115491
"240";0;2;"Westbound W Georgia St @ Granville St";49.282879;-123.118524
"240";0;3;"Westbound W Georgia St @ Burrard St";49.284777;-123.121449
"240";0;4;"Westbound W Georgia St @ Bute St";49.287432;-123.125567
"240";0;5;"Westbound W Georgia St @ Broughton St";49.289356;-123.128526
"240";0;6;"Westbound W Georgia St @ Cardero St";49.290935;-123.130883
"240";0;7;"Westbound W Georgia St @ Denman St";49.292951;-123.134018
"240";0;8;"Eastbound Marine Dr @ Capilano Rd";49.323943;-123.121834
"240";0;9;"Eastbound Marine Dr @ Tatlow Ave";49.323841;-123.117097
"240";0;10;"Eastbound Marine Dr @ Philip Ave";49.323817;-123.112372
"240";0;11;"Eastbound Marine Dr @ Bridgman Ave";49.323788;-123.109947
"240";0;12;"Eastbound Marine Dr @ Pemberton Ave";49.323778;-123.107244
"240";0;13;"Eastbound Marine Dr @ Lloyd Ave";49.32375;-123.105298
"240";0;14;"Eastbound Marine Dr @ Hamilton Ave";49.322589;-123.099039
"240";0;15;"Eastbound Marine Dr @ Fell Ave";49.321178;-123.094959
"240";0;16;"Eastbound W Keith Rd @ Bewicke Ave";49.319929;-123.090448
"240";0;17;"Eastbound W Keith Rd @ Delbruck Ave";49.3199;-123.087019
"240";0;18;"Eastbound W Keith Rd @ Forbes Ave";49.319866;-123.084432
"240";0;19;"Northbound Jones Ave @ W Keith Rd";49.320339;-123.081636
"240";0;20;"Eastbound W 15 St @ Jones Ave";49.322094;-123.081147
"240";0;21;"Eastbound W 15 St @ Mahon Ave";49.322067;-123.078179
"240";0;22;"Eastbound W 15 St @ Chesterfield Ave";49.322025;-123.074863
"240";0;23;"Eastbound E 15 St @ Lonsdale Ave";49.321996;-123.071639
"240";0;24;"Eastbound E 15 St @ St. Georges Ave";49.321969;-123.0688
"240";0;25;"Eastbound E 15 St @ St. Andrews Ave";49.321934;-123.065414
"240";0;26;"Eastbound E 15 St @ Ridgeway Ave";49.3219;-123.062698
"240";0;27;"Eastbound E 15 St @ Moody Ave";49.321869;-123.059574
"240";0;28;"Eastbound E 15 St @ Grand Blvd East";49.321838;-123.05669
"240";0;29;"Northbound Grand Blvd East @ E 17 St";49.324232;-123.056185
"240";0;30;"Northbound Boulevard Cres @ E 19 St";49.326339;-123.056094
"240";0;31;"Eastbound Lynn Valley Rd @ Morgan Rd";49.329435;-123.052342
"240";0;32;"Eastbound Lynn Valley Rd @ William Ave";49.330612;-123.050063
"240";0;33;"Eastbound Lynn Valley Rd @ Mollie Nye Way";49.332125;-123.04724
"240";0;34;"Eastbound Lynn Valley Rd @ E 27 St";49.334202;-123.043347
"240";0;35;"Eastbound Lynn Valley Rd @ E 29 St";49.335452;-123.040995
"240";0;36;"Lynn Valley @ Bay 1";49.336608;-123.038743
"240";1;1;"Lynn Valley @ Bay 1";49.336608;-123.038743
"240";1;2;"Lynn Valley @ Bay 5";49.333441;-123.039947
"240";1;3;"Westbound Lynn Valley Rd @ Fromme Rd";49.333907;-123.044317
"240";1;4;"Westbound Lynn Valley Rd @ Mollie Nye Way";49.331956;-123.048003
"240";1;5;"Westbound Lynn Valley Rd @ William Ave";49.330747;-123.050277
"240";1;6;"Southbound Boulevard Cres @ Sutherland Ave";49.328615;-123.054317
"240";1;7;"Southbound Grand Blvd East @ E 19 St";49.325776;-123.056353
"240";1;8;"Southbound Grand Blvd East @ E 17 St";49.323724;-123.056406
"240";1;9;"Westbound E 15 St @ Grand Blvd East";49.321967;-123.057142
"240";1;10;"Westbound E 15 St @ Moody Ave";49.321997;-123.060368
"240";1;11;"Westbound E 15 St @ Ridgeway Ave";49.322028;-123.063435
"240";1;12;"Westbound E 15 St @ St. Andrews Ave";49.322074;-123.066504
"240";1;13;"Westbound W 15th St @ Lonsdale Ave";49.322138;-123.072934
"240";1;14;"Westbound W 15 St @ Chesterfield Ave";49.322167;-123.075947
"240";1;15;"Westbound W 15 St @ Mahon Ave";49.322197;-123.079052
"240";1;16;"Southbound Jones Ave @ W 15 St";49.321847;-123.081783
"240";1;17;"Southbound Jones Ave @ W Keith Rd";49.320339;-123.08182
"240";1;18;"Westbound W Keith Rd @ Forbes Ave";49.320182;-123.085235
"240";1;19;"Westbound W Keith Rd @ Delbruck Ave";49.320206;-123.088561
"240";1;20;"Westbound Marine Dr @ Bewicke Ave";49.32061;-123.092706
"240";1;21;"Westbound Marine Dr @ Fell Ave";49.32151;-123.095264
"240";1;22;"Westbound Marine Dr @ Hanes Ave";49.322273;-123.097423
"240";1;23;"Westbound Marine Dr @ Hamilton Ave";49.323076;-123.0996
"240";1;24;"Westbound Marine Dr @ Mackay Ave";49.323913;-123.103303
"240";1;25;"Westbound Marine Dr @ Lloyd Ave";49.323931;-123.105534
"240";1;26;"Westbound Marine Dr @ Pemberton Ave";49.323956;-123.108455
"240";1;27;"Westbound Marine Dr @ Bridgman Ave";49.323979;-123.11116
"240";1;28;"Westbound Marine Dr @ Philip Ave";49.323999;-123.11389
"240";1;29;"Westbound Marine Dr @ Bowser Ave";49.324013;-123.116614
"240";1;30;"Westbound Marine Dr @ McGuire Ave";49.324033;-123.11995
"240";1;31;"Westbound Marine Dr @ Capilano Rd";49.324577;-123.122926
"240";1;32;"Southbound Lions Gate Bridge Onramp @ Marine Dr";49.326637;-123.128681
"240";1;33;"Eastbound W Georgia St @ Gilford St";49.293655;-123.135601
"240";1;34;"Eastbound W Georgia St @ Denman St";49.292217;-123.133397
"240";1;35;"Eastbound W Georgia St @ Cardero St";49.290268;-123.130384
"240";1;36;"Eastbound W Georgia St @ Broughton St";49.288694;-123.127919
"240";1;37;"Eastbound W Georgia St @ Bute St";49.286717;-123.124885
"240";1;38;"Eastbound W Georgia St @ Burrard St";49.284015;-123.120673
"240";1;39;"Eastbound W Georgia St @ Granville St";49.28264;-123.118529
"240";1;40;"Eastbound W Georgia St @ Homer St";49.280236;-123.114837
"240";1;41;"Southbound Cambie St @ W Georgia St";49.279237;-123.113568
"241";0;1;"Westbound W Georgia St @ Homer St";49.280921;-123.115491
"241";0;2;"Westbound W Georgia St @ Granville St";49.282879;-123.118524
"241";0;3;"Westbound W Georgia St @ Burrard St";49.284777;-123.121449
"241";0;4;"Westbound W Georgia St @ Bute St";49.287432;-123.125567
"241";0;5;"Westbound W Georgia St @ Broughton St";49.289356;-123.128526
"241";0;6;"Westbound W Georgia St @ Cardero St";49.290935;-123.130883
"241";0;7;"Westbound W Georgia St @ Denman St";49.292951;-123.134018
"241";0;8;"Eastbound Marine Dr @ Capilano Rd";49.323943;-123.121834
"241";0;9;"Eastbound Marine Dr @ Tatlow Ave";49.323841;-123.117097
"241";0;10;"Eastbound Marine Dr @ Philip Ave";49.323817;-123.112372
"241";0;11;"Eastbound Marine Dr @ Bridgman Ave";49.323788;-123.109947
"241";0;12;"Eastbound Marine Dr @ Pemberton Ave";49.323778;-123.107244
"241";0;13;"Eastbound Marine Dr @ Lloyd Ave";49.32375;-123.105298
"241";0;14;"Eastbound Marine Dr @ Hamilton Ave";49.322589;-123.099039
"241";0;15;"Eastbound Marine Dr @ Fell Ave";49.321178;-123.094959
"241";0;16;"Eastbound W Keith Rd @ Bewicke Ave";49.319929;-123.090448
"241";0;17;"Eastbound W Keith Rd @ Delbruck Ave";49.3199;-123.087019
"241";0;18;"Eastbound W Keith Rd @ Forbes Ave";49.319866;-123.084432
"241";0;19;"Northbound Jones Ave @ W Keith Rd";49.320339;-123.081636
"241";0;20;"Eastbound W 15 St @ Jones Ave";49.322094;-123.081147
"241";0;21;"Eastbound W 15 St @ Mahon Ave";49.322067;-123.078179
"241";0;22;"Eastbound W 15 St @ Chesterfield Ave";49.322025;-123.074863
"241";0;23;"Northbound Lonsdale Ave @ E 15 St";49.322458;-123.072182
"241";0;24;"Northbound Lonsdale Ave @ E 17 St";49.323923;-123.072194
"241";0;25;"Northbound Lonsdale Ave @ E 19 St";49.326627;-123.072103
"241";0;26;"Northbound Lonsdale Ave @ E 21 St";49.32888;-123.072061
"241";0;27;"Northbound Lonsdale Ave @ E 23 St";49.330025;-123.071991
"241";0;28;"Northbound Lonsdale Ave @ E 27 St";49.334503;-123.071871
"241";0;29;"Northbound Lonsdale Ave @ E Kings Rd";49.337683;-123.071867
"241";0;30;"Northbound Lonsdale Ave @ E Windsor Rd";49.338618;-123.07185
"241";0;31;"Northbound Lonsdale Ave @ E Osborne Rd";49.340769;-123.071822
"241";0;32;"Northbound Lonsdale Ave @ E Braemar Rd";49.343559;-123.071785
"241";0;33;"Northbound Lonsdale Ave @ E Rockland Rd";49.344909;-123.071766
"241";0;34;"Southbound Prospect Rd @ W Rockland Rd";49.344827;-123.07376
"241";0;35;"Southbound Lonsdale Ave @ Kensington Cres";49.342092;-123.071994
"241";0;36;"Southbound Lonsdale Ave @ Carisbrooke Cres";49.341224;-123.072008
"241";1;1;"Northbound Lonsdale Ave @ E Osborne Rd";49.340769;-123.071822
"241";1;2;"Northbound Lonsdale Ave @ E Braemar Rd";49.343559;-123.071785
"241";1;3;"Northbound Lonsdale Ave @ E Rockland Rd";49.344909;-123.071766
"241";1;4;"Southbound Prospect Rd @ W Rockland Rd";49.344827;-123.07376
"241";1;5;"Southbound Lonsdale Ave @ W Balmoral Rd";49.343918;-123.071969
"241";1;6;"Southbound Lonsdale Ave @ Kensington Cres";49.342092;-123.071994
"241";1;7;"Southbound Lonsdale Ave @ Carisbrooke Cres";49.341224;-123.072008
"241";1;8;"Southbound Lonsdale Ave @ W Osborne Rd";49.339916;-123.07202
"241";1;9;"Southbound Lonsdale Ave @ W Windsor Rd";49.33802;-123.07205
"241";1;10;"Southbound Lonsdale Ave @ W 29 St";49.335313;-123.072124
"241";1;11;"Southbound Lonsdale Ave @ W 27 St";49.333811;-123.072163
"241";1;12;"Southbound Lonsdale Ave @ W 23 St";49.329781;-123.072265
"241";1;13;"Southbound Lonsdale Ave @ W 21 St";49.327967;-123.072286
"241";1;14;"Southbound Lonsdale Ave @ W 19 St";49.325941;-123.072367
"241";1;15;"Southbound Lonsdale Ave @ W 17 St";49.323861;-123.072421
"241";1;16;"Westbound W 15th St @ Lonsdale Ave";49.322138;-123.072934
"241";1;17;"Westbound W 15 St @ Chesterfield Ave";49.322167;-123.075947
"241";1;18;"Westbound W 15 St @ Mahon Ave";49.322197;-123.079052
"241";1;19;"Southbound Jones Ave @ W 15 St";49.321847;-123.081783
"241";1;20;"Southbound Jones Ave @ W Keith Rd";49.320339;-123.08182
"241";1;21;"Westbound W Keith Rd @ Forbes Ave";49.320182;-123.085235
"241";1;22;"Westbound W Keith Rd @ Delbruck Ave";49.320206;-123.088561
"241";1;23;"Westbound Marine Dr @ Bewicke Ave";49.32061;-123.092706
"241";1;24;"Westbound Marine Dr @ Fell Ave";49.32151;-123.095264
"241";1;25;"Westbound Marine Dr @ Hanes Ave";49.322273;-123.097423
"241";1;26;"Westbound Marine Dr @ Hamilton Ave";49.323076;-123.0996
"241";1;27;"Westbound Marine Dr @ Mackay Ave";49.323913;-123.103303
"241";1;28;"Westbound Marine Dr @ Lloyd Ave";49.323931;-123.105534
"241";1;29;"Westbound Marine Dr @ Pemberton Ave";49.323956;-123.108455
"241";1;30;"Westbound Marine Dr @ Bridgman Ave";49.323979;-123.11116
"241";1;31;"Westbound Marine Dr @ Philip Ave";49.323999;-123.11389
"241";1;32;"Westbound Marine Dr @ Bowser Ave";49.324013;-123.116614
"241";1;33;"Westbound Marine Dr @ McGuire Ave";49.324033;-123.11995
"241";1;34;"Westbound Marine Dr @ Capilano Rd";49.324577;-123.122926
"241";1;35;"Southbound Lions Gate Bridge Onramp @ Marine Dr";49.326637;-123.128681
"241";1;36;"Eastbound W Georgia St @ Gilford St";49.293655;-123.135601
"241";1;37;"Eastbound W Georgia St @ Denman St";49.292217;-123.133397
"241";1;38;"Eastbound W Georgia St @ Cardero St";49.290268;-123.130384
"241";1;39;"Eastbound W Georgia St @ Broughton St";49.288694;-123.127919
"241";1;40;"Eastbound W Georgia St @ Bute St";49.286717;-123.124885
"241";1;41;"Eastbound W Georgia St @ Burrard St";49.284015;-123.120673
"241";1;42;"Eastbound W Georgia St @ Granville St";49.28264;-123.118529
"241";1;43;"Eastbound W Georgia St @ Homer St";49.280236;-123.114837
"245";0;1;"Phibbs Exchange @ Bay 8";49.305069;-123.028284
"245";0;2;"Northbound Mountain Hwy @ Crown St";49.309148;-123.031976
"245";0;3;"Northbound Mountain Hwy @ Fern St";49.311744;-123.032491
"245";0;4;"Northbound Lillooet Rd @ Mt Seymour Parkway";49.313087;-123.024687
"245";0;5;"Northbound Lillooet Rd @ 1000 Block";49.315778;-123.023902
"245";0;6;"Eastbound Purcell Way @ Lillooet Rd";49.317472;-123.023477
"245";0;7;"Westbound Purcell Way @ Skeena Rd";49.317665;-123.021073
"245";0;8;"Northbound Lillooet Rd @ Purcell Way";49.31787;-123.023891
"245";0;9;"Capilano University @ Bay 2";49.319395;-123.018759
"245";1;1;"Capilano University @ Bay 2";49.319395;-123.018759
"245";1;2;"Eastbound Purcell Way @ Lillooet Rd";49.317472;-123.023477
"245";1;3;"Purcell Way @ Capilano University";49.317678;-123.020749
"245";1;4;"Southbound Lillooet Rd @ Purcell Way";49.317205;-123.024083
"245";1;5;"Southbound Lillooet Rd @ 1000 Block";49.31572;-123.024145
"245";1;6;"Southbound Lillooet Rd @ Mt Seymour Parkway";49.31298;-123.025219
"245";1;7;"Southbound Mountain Hwy @ Fern St";49.311044;-123.032716
"245";1;8;"Southbound Mountain Hwy @ Charlotte Rd";49.309442;-123.032289
"245";1;9;"Southbound Mountain Hwy @ Rupert St";49.307703;-123.032056
"245";1;10;"Phibbs Exchange @ Bay 8";49.305069;-123.028284
"246";0;1;"Westbound W Georgia St @ Homer St";49.280921;-123.115491
"246";0;2;"Westbound W Georgia St @ Granville St";49.282879;-123.118524
"246";0;3;"Westbound W Georgia St @ Burrard St";49.284777;-123.121449
"246";0;4;"Westbound W Georgia St @ Bute St";49.287432;-123.125567
"246";0;5;"Westbound W Georgia St @ Broughton St";49.289356;-123.128526
"246";0;6;"Westbound W Georgia St @ Cardero St";49.290935;-123.130883
"246";0;7;"Westbound W Georgia St @ Denman St";49.292951;-123.134018
"246";0;8;"Northbound Capilano Rd @ Curling Rd";49.325441;-123.121059
"246";0;9;"Northbound Capilano Rd @ Fullerton Ave";49.326787;-123.119438
"246";0;10;"Northbound Capilano Rd @ W 21 St";49.32935;-123.117663
"246";0;11;"Northbound Capilano Rd @ Woods Dr";49.334984;-123.115725
"246";0;12;"Northbound Capilano Rd @ Paisley Rd";49.336685;-123.115441
"246";0;13;"Eastbound Ridgewood Dr @ Norcross Way";49.339449;-123.112906
"246";0;14;"Eastbound Ridgewood Dr @ Bluebonnet Dr";49.339108;-123.109705
"246";0;15;"Eastbound Ridgewood Dr @ Brookridge Dr";49.339324;-123.106151
"246";0;16;"Eastbound Edgemont Blvd @ Ridgewood Dr";49.338785;-123.103817
"246";0;17;"Northbound Highland Blvd @ Belmont Ave";49.340339;-123.09818
"246";0;18;"Northbound Highland Blvd @ Glenora Ave";49.341684;-123.097067
"246";0;19;"Northbound Highland Blvd @ Melbourne Ave";49.34295;-123.096047
"246";0;20;"Northbound Highland Blvd @ Leovista Ave";49.344253;-123.094989
"246";0;21;"Northbound Highland Blvd @ Wavertree Rd";49.346584;-123.093087
"246";0;22;"Northbound Highland Blvd @ Tudor Ave";49.350036;-123.093152
"246";0;23;"Northbound Highland Blvd @ Derby Place";49.351082;-123.094608
"246";0;24;"Northbound Highland Blvd @ Handsworth Rd";49.352986;-123.094912
"246";0;25;"Northbound Highland Blvd @ Belvedere Dr";49.354872;-123.094511
"246";0;26;"Northbound Highland Blvd @ Montroyal Blvd";49.356024;-123.09458
"246";0;27;"Eastbound Montroyal Blvd @ Marineview Cres";49.356225;-123.09132
"246";0;28;"Eastbound Montroyal Blvd @ Bonita Dr";49.354776;-123.087395
"246";0;29;"Eastbound Montroyal Blvd @ Skyline Dr";49.353896;-123.085792
"246";0;30;"Eastbound Montroyal Blvd @ Glencanyon Dr";49.352341;-123.082935
"246";1;1;"Westbound Montroyal Blvd @ Glencanyon Dr";49.352734;-123.083406
"246";1;2;"Westbound Montroyal Blvd @ Skyline Dr";49.35427;-123.086218
"246";1;3;"Westbound Montroyal Blvd @ Bonita Dr";49.355413;-123.088286
"246";1;4;"Westbound Montroyal Blvd @ Ranger Ave";49.356346;-123.090995
"246";1;5;"Southbound Highland Blvd @ Montroyal Blvd";49.355727;-123.094602
"246";1;6;"Southbound Highland Blvd @ Belvedere Dr";49.354444;-123.094826
"246";1;7;"Southbound Highland Blvd @ Handsworth Rd";49.35247;-123.095093
"246";1;8;"Southbound Highland Blvd @ Derby Place";49.350656;-123.094356
"246";1;9;"Southbound Highland Blvd @ Devon Rd";49.348032;-123.092517
"246";1;10;"Southbound Highland Blvd @ Beaconsfield Rd";49.346688;-123.093189
"246";1;11;"Southbound Highland Blvd @ Sunnycrest Dr";49.345014;-123.09457
"246";1;12;"Southbound Highland Blvd @ Beaumont Dr";49.343211;-123.096042
"246";1;13;"Southbound Highland Blvd @ Forest Hills Dr";49.341792;-123.097195
"246";1;14;"Southbound Highland Blvd @ Kennedy Ave";49.340565;-123.098203
"246";1;15;"Southbound Highland Blvd @ Ridgewood Dr";49.338931;-123.099642
"246";1;16;"Southbound Highland Blvd @ Woodbine Dr";49.3379;-123.101408
"246";1;17;"Westbound Edgemont Blvd @ Ridgewood Dr";49.338965;-123.103787
"246";1;18;"Westbound Ridgewood Dr @ Brookridge Dr";49.339431;-123.106892
"246";1;19;"Westbound Ridgewood Dr @ Norcross Way";49.339563;-123.113041
"246";1;20;"Southbound Capilano Rd @ Paisley Rd";49.336005;-123.115899
"246";1;21;"Southbound Capilano Rd @ Hwy One Overpass";49.331579;-123.117403
"246";1;22;"Southbound Garden Ave @ Hope Rd";49.326376;-123.119007
"246";1;23;"Westbound Marine Dr @ McGuire Ave";49.324033;-123.11995
"246";1;24;"Westbound Marine Dr @ Capilano Rd";49.324577;-123.122926
"246";1;25;"Southbound Lions Gate Bridge Onramp @ Marine Dr";49.326637;-123.128681
"246";1;26;"Eastbound W Georgia St @ Gilford St";49.293655;-123.135601
"246";1;27;"Eastbound W Georgia St @ Denman St";49.292217;-123.133397
"246";1;28;"Eastbound W Georgia St @ Cardero St";49.290268;-123.130384
"246";1;29;"Eastbound W Georgia St @ Broughton St";49.288694;-123.127919
"246";1;30;"Eastbound W Georgia St @ Bute St";49.286717;-123.124885
"246";1;31;"Eastbound W Georgia St @ Burrard St";49.284015;-123.120673
"246";1;32;"Eastbound W Georgia St @ Granville St";49.28264;-123.118529
"246";1;33;"Eastbound W Georgia St @ Homer St";49.280236;-123.114837
"246";1;34;"Southbound Cambie St @ W Georgia St";49.279237;-123.113568
"247";0;1;"Westbound W Georgia St @ Homer St";49.280921;-123.115491
"247";0;2;"Westbound W Georgia St @ Granville St";49.282879;-123.118524
"247";0;3;"Westbound W Georgia St @ Burrard St";49.284777;-123.121449
"247";0;4;"Westbound W Georgia St @ Bute St";49.287432;-123.125567
"247";0;5;"Westbound W Georgia St @ Broughton St";49.289356;-123.128526
"247";0;6;"Westbound W Georgia St @ Cardero St";49.290935;-123.130883
"247";0;7;"Westbound W Georgia St @ Denman St";49.292951;-123.134018
"247";0;8;"Northbound Capilano Rd @ Curling Rd";49.325441;-123.121059
"247";0;9;"Northbound Capilano Rd @ Fullerton Ave";49.326787;-123.119438
"247";0;10;"Northbound Capilano Rd @ W 21 St";49.32935;-123.117663
"247";0;11;"Northbound Capilano Rd @ Woods Dr";49.334984;-123.115725
"247";0;12;"Northbound Capilano Rd @ Paisley Rd";49.336685;-123.115441
"247";0;13;"Northbound Capilano Rd @ Ridgewood Dr";49.339994;-123.114328
"247";0;14;"Northbound Capilano Rd @ 3600 Block";49.342653;-123.113437
"247";0;15;"Northbound Capilano Rd @ Edgemont Blvd";49.34412;-123.11158
"247";0;16;"Northbound Capilano Rd @ Mt Crown Rd";49.345601;-123.110999
"247";0;17;"Northbound Capilano Rd @ Eldon Rd";49.347433;-123.111201
"247";0;18;"Northbound Capilano Rd @ Edgewood Rd";49.351104;-123.107653
"247";0;19;"Northbound Capilano Rd @ Handsworth Rd";49.352871;-123.107029
"247";0;20;"Northbound Capilano Rd @ Montroyal Blvd";49.356466;-123.106089
"247";0;21;"Eastbound Clements Ave @ Capilano Rd";49.35797;-123.106332
"247";0;22;"Eastbound Clements Ave @ 1000 Block";49.357976;-123.102923
"247";0;23;"Eastbound Clements Ave @ Cliffridge Ave";49.357989;-123.100098
"247";0;24;"Northbound Cliffridge Ave @ Sonora Dr South";49.360008;-123.100328
"247";0;25;"Northbound Cliffridge Ave @ Sonora Dr North";49.362467;-123.098087
"247";0;26;"Eastbound Ranger Ave @ Malaspina Place";49.361893;-123.094899
"247";0;27;"Eastbound Ranger Ave @ Sarita Ave";49.360267;-123.091789
"247";0;28;"Westbound Prospect Ave @ Ranger Ave";49.359118;-123.091075
"247";0;29;"Westbound Prospect Ave @ Sarita Ave";49.359096;-123.096152
"247";0;30;"Southbound Cliffridge Ave @ Prospect Ave";49.358596;-123.099966
"247";0;31;"Southbound Cliffridge Ave @ Montroyal Blvd";49.356436;-123.100144
"247";0;32;"Westbound Montroyal Blvd @ Belvedere Dr";49.356261;-123.103237
"247";0;33;"Northbound Capilano Rd @ Montroyal Blvd";49.356466;-123.106089
"247";0;34;"Northbound Nancy Greene Way @ Prospect Ave";49.359305;-123.105745
"247";0;35;"Northbound Nancy Greene Way @ Woodchuck Place";49.364696;-123.102814
"247";0;36;"Northbound Nancy Greene Way @ S Grousewoods Dr";49.366285;-123.101734
"247";0;37;"Northbound Nancy Greene Way @ N Grousewoods Dr";49.368777;-123.099816
"247";0;38;"Grouse Mountain @ Skyride";49.372151;-123.099143
"247";1;1;"Grouse Mountain @ Skyride";49.372151;-123.099143
"247";1;2;"Southbound Nancy Greene Way @ N Grousewoods Dr";49.368349;-123.100261
"247";1;3;"Southbound Nancy Greene Way @ S Grousewoods Dr";49.366256;-123.101931
"247";1;4;"Southbound Nancy Greene Way @ Blue Grouse Way";49.364049;-123.103349
"247";1;5;"Eastbound Clements Ave @ Capilano Rd";49.35797;-123.106332
"247";1;6;"Eastbound Clements Ave @ 1000 Block";49.357976;-123.102923
"247";1;7;"Eastbound Clements Ave @ Cliffridge Ave";49.357989;-123.100098
"247";1;8;"Northbound Cliffridge Ave @ Sonora Dr South";49.360008;-123.100328
"247";1;9;"Northbound Cliffridge Ave @ Sonora Dr North";49.362467;-123.098087
"247";1;10;"Eastbound Ranger Ave @ Malaspina Place";49.361893;-123.094899
"247";1;11;"Eastbound Ranger Ave @ Sarita Ave";49.360267;-123.091789
"247";1;12;"Westbound Prospect Ave @ Ranger Ave";49.359118;-123.091075
"247";1;13;"Westbound Prospect Ave @ Sarita Ave";49.359096;-123.096152
"247";1;14;"Southbound Cliffridge Ave @ Prospect Ave";49.358596;-123.099966
"247";1;15;"Southbound Cliffridge Ave @ Montroyal Blvd";49.356436;-123.100144
"247";1;16;"Westbound Montroyal Blvd @ Belvedere Dr";49.356261;-123.103237
"247";1;17;"Southbound Capilano Rd @ Teviot Place";49.354149;-123.106771
"247";1;18;"Southbound Capilano Rd @ Handsworth Rd";49.35273;-123.107329
"247";1;19;"Southbound Capilano Rd @ Edgewood Rd";49.350572;-123.108053
"247";1;20;"Southbound Capilano Rd @ Eldon Rd";49.346858;-123.111414
"247";1;21;"Southbound Capilano Rd @ 3500 Block";49.34179;-123.113936
"247";1;22;"Southbound Capilano Rd @ Ridgewood Dr";49.339837;-123.114592
"247";1;23;"Southbound Capilano Rd @ Paisley Rd";49.336005;-123.115899
"247";1;24;"Southbound Capilano Rd @ Hwy One Overpass";49.331579;-123.117403
"247";1;25;"Southbound Garden Ave @ Hope Rd";49.326376;-123.119007
"247";1;26;"Westbound Marine Dr @ McGuire Ave";49.324033;-123.11995
"247";1;27;"Westbound Marine Dr @ Capilano Rd";49.324577;-123.122926
"247";1;28;"Southbound Lions Gate Bridge Onramp @ Marine Dr";49.326637;-123.128681
"247";1;29;"Eastbound W Georgia St @ Gilford St";49.293655;-123.135601
"247";1;30;"Eastbound W Georgia St @ Denman St";49.292217;-123.133397
"247";1;31;"Eastbound W Georgia St @ Cardero St";49.290268;-123.130384
"247";1;32;"Eastbound W Georgia St @ Broughton St";49.288694;-123.127919
"247";1;33;"Eastbound W Georgia St @ Bute St";49.286717;-123.124885
"247";1;34;"Eastbound W Georgia St @ Burrard St";49.284015;-123.120673
"247";1;35;"Eastbound W Georgia St @ Granville St";49.28264;-123.118529
"247";1;36;"Eastbound W Georgia St @ Homer St";49.280236;-123.114837
"249";0;1;"Lonsdale Quay @ Bay 5";49.311218;-123.082407
"249";0;2;"Westbound W Esplanade Ave @ Rogers Ave";49.312;-123.081387
"249";0;3;"Northbound Chesterfield Ave @ W 1st St";49.313517;-123.081348
"249";0;4;"Northbound Chesterfield Ave @ W 2nd St";49.314235;-123.080618
"249";0;5;"Westbound W 3rd St @ Chesterfield Ave";49.315137;-123.080729
"249";0;6;"Westbound W 3rd St @ Mahon Ave";49.316465;-123.083796
"249";0;7;"Westbound W 3rd St @ Forbes Ave";49.317037;-123.085089
"249";0;8;"Westbound W 3rd St @ Mission Rd";49.318364;-123.088085
"249";0;9;"Northbound Bewicke Ave @ W Keith Rd";49.32054;-123.09128
"249";0;10;"Northbound Bewicke Ave @ W 16 St";49.323552;-123.091098
"249";0;11;"Northbound Westview Dr @ Larson Rd";49.325698;-123.089374
"249";0;12;"Northbound Westview Dr @ W 19 St";49.32672;-123.089368
"249";0;13;"Northbound Westview Dr @ W 23 St";49.330194;-123.088076
"249";0;14;"Northbound Westview Dr @ Hwy One";49.333563;-123.087965
"249";0;15;"Northbound Westview Dr @ W 28 St";49.33553;-123.087974
"249";0;16;"Northbound Delbrook Ave @ W Queens Rd";49.3372;-123.087978
"249";0;17;"Northbound Delbrook Ave @ W Windsor Rd";49.338613;-123.087987
"249";0;18;"Northbound Delbrook Ave @ St. Ives Cres";49.340134;-123.08756
"249";0;19;"Northbound Delbrook Ave @ Elstree Place";49.341783;-123.086379
"249";0;20;"Northbound Delbrook Ave @ Evergreen Place";49.342913;-123.085581
"249";0;21;"Northbound Delbrook Ave @ Croydon Place";49.344436;-123.084486
"249";0;22;"Northbound Delbrook Ave @ Lucerne Place";49.345634;-123.082961
"249";0;23;"Northbound Delbrook Ave @ Silverdale Place";49.346283;-123.080624
"249";0;24;"Northbound Delbrook Ave @ Hermosa Ave";49.349219;-123.079534
"249";0;25;"Westbound Montroyal Blvd @ Delbrook Ave";49.350471;-123.080219
"249";0;26;"Westbound Montroyal Blvd @ Glencanyon Dr";49.352734;-123.083406
"249";1;1;"Eastbound Montroyal Blvd @ Glencanyon Dr";49.352341;-123.082935
"249";1;2;"Eastbound Montroyal Blvd @ Delbrook Ave";49.350227;-123.080011
"249";1;3;"Southbound Delbrook Ave @ Hermosa Ave";49.34906;-123.079705
"249";1;4;"Southbound Delbrook Ave @ Granada Cres";49.345809;-123.082814
"249";1;5;"Southbound Delbrook Ave @ Verona Place";49.344917;-123.084431
"249";1;6;"Southbound Delbrook Ave @ Silverdale Place";49.343558;-123.085316
"249";1;7;"Southbound Delbrook Ave @ Kerry Place";49.341836;-123.086552
"249";1;8;"Southbound Delbrook Ave @ Donegal Place";49.340391;-123.08759
"249";1;9;"Southbound Delbrook Ave @ W Windsor Rd";49.338142;-123.088237
"249";1;10;"Southbound Westview Dr @ W 28 St";49.334862;-123.088223
"249";1;11;"Southbound Westview Dr @ Hwy One";49.333105;-123.088271
"249";1;12;"Southbound Westview Dr @ W 23 St";49.330081;-123.088313
"249";1;13;"Southbound Westview Dr @ W 21 St";49.328403;-123.089478
"249";1;14;"Southbound Westview Dr @ W 20 St";49.327044;-123.089561
"249";1;15;"Southbound Bewicke Ave @ Larson Rd";49.323806;-123.091252
"249";1;16;"Southbound Bewicke Ave @ W 14 St";49.320882;-123.091428
"249";1;17;"Eastbound W 3rd St @ Forbes Ave";49.316725;-123.084748
"249";1;18;"Eastbound W 3rd St @ Mahon Ave";49.315826;-123.082703
"249";1;19;"Southbound Chesterfield Ave @ W 3rd St";49.314494;-123.080587
"249";1;20;"Lonsdale Quay @ Bay 4";49.3111;-123.082393
"250";0;1;"Eastbound Marine Dr @ Creery Ave";49.34176;-123.21298
"250";0;2;"Eastbound Marine Dr @ Gables Lane";49.341606;-123.210425
"250";0;3;"Eastbound Marine Dr @ Radcliffe Ave";49.340963;-123.206985
"250";0;4;"Eastbound Marine Dr @ 31 St";49.340189;-123.202962
"250";0;5;"Eastbound Marine Dr @ 30 St";49.33951;-123.2
"250";0;6;"Eastbound Marine Dr @ 29 St";49.337797;-123.194572
"250";0;7;"Eastbound Marine Dr @ 27 St";49.336467;-123.189107
"250";0;8;"Eastbound Marine Dr @ 26 St";49.33556;-123.185434
"250";0;9;"Eastbound Marine Dr @ 25 St";49.334732;-123.182038
"250";0;10;"Eastbound Marine Dr @ 24 St";49.333977;-123.178898
"250";0;11;"Eastbound Marine Dr @ 23 St";49.333095;-123.175124
"250";0;12;"Eastbound Marine Dr @ 22 St";49.330567;-123.170678
"250";0;13;"Eastbound Marine Dr @ 21 St";49.329656;-123.16774
"250";0;14;"Eastbound Marine Dr @ 20 St";49.329332;-123.166666
"250";0;15;"Eastbound Marine Dr @ 19 St";49.328566;-123.163934
"250";0;16;"Eastbound Marine Dr @ 18 St";49.328527;-123.161817
"250";0;17;"Eastbound Marine Dr @ 17 St";49.328534;-123.159782
"250";0;18;"Eastbound Marine Dr @ 15 St";49.328163;-123.156374
"250";0;19;"Eastbound Marine Dr @ 14 St";49.327769;-123.15397
"250";0;20;"Eastbound Marine Dr @ 11 St";49.326635;-123.146731
"250";0;21;"Eastbound Marine Dr @ Main St";49.326632;-123.142638
"250";0;22;"Park Royal @ Bay 5";49.326849;-123.13825
"250";0;23;"Eastbound Marine Dr Offramp @ Lions Gate Bridge";49.325824;-123.129537
"250";0;24;"Eastbound W Georgia St @ Gilford St";49.293655;-123.135601
"250";0;25;"Eastbound W Georgia St @ Denman St";49.292217;-123.133397
"250";0;26;"Eastbound W Georgia St @ Cardero St";49.290268;-123.130384
"250";0;27;"Eastbound W Georgia St @ Broughton St";49.288694;-123.127919
"250";0;28;"Eastbound W Georgia St @ Bute St";49.286717;-123.124885
"250";0;29;"Eastbound W Georgia St @ Burrard St";49.284015;-123.120673
"250";0;30;"Eastbound W Georgia St @ Granville St";49.28264;-123.118529
"250";0;31;"Eastbound W Georgia St @ Homer St";49.280236;-123.114837
"250";0;32;"Eastbound W Georgia St @ Hamilton St";49.280019;-123.114489
"250";1;1;"Park Royal @ Bay 2";49.327118;-123.138911
"250";1;2;"Westbound Marine Dr @ Main St";49.32689;-123.14362
"250";1;3;"Westbound Marine Dr @ 11 St";49.326988;-123.147479
"250";1;4;"Westbound Marine Dr @ 13 St";49.327721;-123.151989
"250";1;5;"Westbound Marine Dr @ 14 St";49.328058;-123.154732
"250";1;6;"Westbound Marine Dr @ 15 St";49.328461;-123.157136
"250";1;7;"Westbound Marine Dr @ 17 St";49.32872;-123.15987
"250";1;8;"Westbound Marine Dr @ 18 St";49.32868;-123.162646
"250";1;9;"Westbound Marine Dr @ 19 St";49.328901;-123.164655
"250";1;10;"Westbound Marine Dr @ 20 St";49.329541;-123.166708
"250";1;11;"Westbound Marine Dr @ 21 St";49.330055;-123.168395
"250";1;12;"Westbound Marine Dr @ 22 St";49.3308;-123.17085
"250";1;13;"Westbound Marine Dr @ 23 St";49.333278;-123.175257
"250";1;14;"Westbound Marine Dr @ 24 St";49.334201;-123.179001
"250";1;15;"Westbound Marine Dr @ 25 St";49.335115;-123.182838
"250";1;16;"Westbound Marine Dr @ 26 St";49.335867;-123.185928
"250";1;17;"Westbound Marine Dr @ 27 St";49.336638;-123.189224
"250";1;18;"Westbound Marine Dr @ 29 St";49.337938;-123.19446
"250";1;19;"Westbound Marine Dr @ 30 St";49.33971;-123.200042
"250";1;20;"Westbound Marine Dr @ 31 St";49.340383;-123.203155
"250";1;21;"Westbound Marine Dr @ Travers Ave";49.34091;-123.20586
"250";1;22;"Westbound Marine Dr @ Gables Lane";49.341869;-123.210966
"250";1;23;"Westbound Marine Dr @ Creery Ave";49.341622;-123.213397
"250";1;24;"Eastbound Marine Dr @ Creery Ave";49.34176;-123.21298
"251";0;1;"Westbound Marine Dr @ 25 St";49.335115;-123.182838
"251";0;2;"Westbound Marine Dr @ 26 St";49.335867;-123.185928
"251";0;3;"Northbound 27 St @ Marine Dr";49.336316;-123.188802
"251";0;4;"Northbound 27 St @ Mathers Ave";49.337782;-123.18873
"251";0;5;"Northbound 27 St @ Ottawa Ave";49.338735;-123.188716
"251";0;6;"Northbound 27 St @ Ottawa Ave";49.340754;-123.188621
"251";0;7;"Northbound 27 St @ 28 St";49.343515;-123.188881
"251";0;8;"Eastbound Queens Ave @ 27 St";49.34369;-123.18853
"251";0;9;"Eastbound Queens Ave @ 26 St";49.342274;-123.185041
"251";0;10;"Eastbound Queens Ave @ 2500 Block";49.342252;-123.182682
"251";0;11;"Eastbound Queens Ave @ 2400 Block";49.342194;-123.179048
"251";0;12;"Eastbound Queens Ave @ Orchard Way";49.342148;-123.175671
"251";0;13;"Eastbound Queens Ave @ 22 St";49.341761;-123.17095
"251";0;14;"Eastbound Queens Ave @ 21 St";49.34182;-123.16867
"251";0;15;"Eastbound Queens Ave @ 19 St";49.341804;-123.165709
"251";0;16;"Eastbound Queens Ave @ 18 St";49.341768;-123.162543
"251";0;17;"Eastbound Queens Ave @ 17 St";49.341754;-123.159942
"251";0;18;"Eastbound Queens Ave @ 15 St";49.341742;-123.157429
"251";0;19;"Southbound 15 St @ Ottawa Ave";49.340163;-123.156999
"251";0;20;"Eastbound Mathers Ave @ 15 St";49.338122;-123.156545
"251";0;21;"Eastbound Mathers Ave @ 14 St";49.338111;-123.153763
"251";0;22;"Eastbound Mathers Ave @ 11 St";49.338085;-123.146197
"251";0;23;"Eastbound Burley Dr @ Braeside St";49.337887;-123.142842
"251";0;24;"Eastbound Burley Dr @ Kings Ave";49.336338;-123.13917
"251";0;25;"Westbound Kings Ave @ Braeside St";49.336351;-123.143556
"251";0;26;"Westbound Kings Ave @ 11 St";49.33637;-123.145678
"251";0;27;"Southbound 11th St @ Kings Ave";49.336132;-123.14595
"251";0;28;"Southbound 11 St @ Inglewood Ave";49.334271;-123.14597
"251";0;29;"Southbound 11 St @ Haywood Ave";49.333196;-123.145985
"251";0;30;"Southbound 11 St @ Gordon Ave";49.332151;-123.145986
"251";0;31;"Westbound Fulton Ave @ 12 St";49.331502;-123.14947
"251";0;32;"Westbound Fulton Ave @ 13 St";49.331535;-123.151963
"251";0;33;"Westbound Fulton Ave @ 14 St";49.331576;-123.154757
"251";0;34;"Westbound Fulton Ave @ 15 St";49.33161;-123.157323
"251";0;35;"Southbound 17 St @ Duchess Ave";49.329372;-123.160315
"251";0;36;"Eastbound Marine Dr @ 17 St";49.328534;-123.159782
"251";0;37;"Eastbound Marine Dr @ 15 St";49.328163;-123.156374
"251";0;38;"Eastbound Marine Dr @ 14 St";49.327769;-123.15397
"251";0;39;"Eastbound Marine Dr @ 11 St";49.326635;-123.146731
"251";0;40;"Eastbound Marine Dr @ Main St";49.326632;-123.142638
"251";1;1;"Park Royal @ Bay 2";49.327118;-123.138911
"251";1;2;"Westbound Marine Dr @ Main St";49.32689;-123.14362
"251";1;3;"Westbound Marine Dr @ 11 St";49.326988;-123.147479
"251";1;4;"Westbound Marine Dr @ 13 St";49.327721;-123.151989
"251";1;5;"Westbound Marine Dr @ 14 St";49.328058;-123.154732
"251";1;6;"Westbound Marine Dr @ 15 St";49.328461;-123.157136
"251";1;7;"Westbound Marine Dr @ 17 St";49.32872;-123.15987
"251";1;8;"Northbound 17 St @ Esquimalt Ave";49.330913;-123.160111
"251";1;9;"Eastbound Fulton Ave @ 15 St";49.331479;-123.157226
"251";1;10;"Eastbound Fulton Ave @ 14 St";49.331426;-123.153752
"251";1;11;"Eastbound Fulton Ave @ 13 St";49.331398;-123.151038
"251";1;12;"Eastbound Fulton Ave @ 12 St";49.331353;-123.148297
"251";1;13;"Northbound 11 St @ Fulton Ave";49.33168;-123.145817
"251";1;14;"Northbound 11 St @ Gordon Ave";49.332674;-123.14581
"251";1;15;"Northbound 11 St @ Inglewood Ave";49.334333;-123.145795
"251";1;16;"Northbound 11 St @ Kings Ave";49.33647;-123.145779
"251";1;17;"Eastbound Kings Ave @ Braeside St";49.336252;-123.14278
"251";1;18;"Westbound Burley Dr @ Kings Ave";49.336337;-123.140729
"251";1;19;"Westbound Mathers Ave @ Braeside St";49.338146;-123.143517
"251";1;20;"Westbound Mathers Ave @ 11 St";49.338188;-123.146257
"251";1;21;"Westbound Mathers Ave @ 13 St";49.338227;-123.151642
"251";1;22;"Westbound Mathers Ave @ 14 St";49.338201;-123.153883
"251";1;23;"Westbound Mathers Ave @ 15 St";49.338232;-123.156445
"251";1;24;"Northbound 15 St @ Ottawa Ave";49.340258;-123.156826
"251";1;25;"Westbound Queens Ave @ 15 St";49.341882;-123.157301
"251";1;26;"Westbound Queens Ave @ 17 St";49.341857;-123.159584
"251";1;27;"Westbound Queens Ave @ 18 St";49.341907;-123.163435
"251";1;28;"Westbound Queens Ave @ 19 St";49.341891;-123.165756
"251";1;29;"Westbound Queens Ave @ 21 St";49.341901;-123.168635
"251";1;30;"Westbound Queens Ave @ 22 St";49.341849;-123.171085
"251";1;31;"Westbound Queens Ave @ Orchard Way";49.342219;-123.173683
"251";1;32;"Westbound Queens Ave @ Orchard Way";49.342226;-123.174348
"251";1;33;"Westbound Queens Ave @ 2400 Block";49.342288;-123.179274
"251";1;34;"Westbound Queens Ave @ 2500 Block";49.342323;-123.18244
"251";1;35;"Westbound Queens Ave @ 26 St";49.34238;-123.185164
"251";1;36;"Westbound Queens Ave @ 27 St";49.343781;-123.188567
"251";1;37;"Southbound 27 St @ 28 St";49.343004;-123.189253
"251";1;38;"Southbound 27 St @ Palmerston Ave";49.341;-123.18874
"251";1;39;"Southbound 27 St @ Nelson Ave";49.339568;-123.18886
"251";1;40;"Southbound 27 St @ Mathers Ave";49.33827;-123.18883
"251";1;41;"Southbound 27 St @ Marine Dr";49.33671;-123.188886
"251";1;42;"Eastbound Marine Dr @ 26 St";49.33556;-123.185434
"251";1;43;"Eastbound Marine Dr @ 25 St";49.334732;-123.182038
"251";1;44;"Westbound Marine Dr @ 25 St";49.335115;-123.182838
"252";0;1;"Eastbound Marine Dr @ 25 St";49.334732;-123.182038
"252";0;2;"Eastbound Mathers Ave @ 22 St";49.338233;-123.17396
"252";0;3;"Eastbound Mathers Ave @ 2000 Block";49.338154;-123.167739
"252";0;4;"Southbound 20 St @ Mathers Ave";49.337912;-123.166698
"252";0;5;"Eastbound Inglewood Ave @ 17 St";49.334525;-123.162505
"252";0;6;"Eastbound Inglewood Ave @ 15 St";49.334491;-123.158293
"252";0;7;"Eastbound Inglewood Ave @ 14 St";49.334506;-123.156357
"252";0;8;"Eastbound Inglewood Ave @ 13 St";49.334493;-123.153657
"252";0;9;"Eastbound Inglewood Ave @ 12 St";49.334487;-123.150858
"252";0;10;"Southbound 11 St @ Inglewood Ave";49.334271;-123.14597
"252";0;11;"Southbound 11 St @ Haywood Ave";49.333196;-123.145985
"252";0;12;"Southbound 11 St @ Gordon Ave";49.332151;-123.145986
"252";0;13;"Westbound Fulton Ave @ 12 St";49.331502;-123.14947
"252";0;14;"Westbound Fulton Ave @ 13 St";49.331535;-123.151963
"252";0;15;"Westbound Fulton Ave @ 14 St";49.331576;-123.154757
"252";0;16;"Westbound Fulton Ave @ 15 St";49.33161;-123.157323
"252";0;17;"Southbound 17 St @ Duchess Ave";49.329372;-123.160315
"252";0;18;"Eastbound Marine Dr @ 17 St";49.328534;-123.159782
"252";0;19;"Eastbound Marine Dr @ 15 St";49.328163;-123.156374
"252";0;20;"Eastbound Marine Dr @ 14 St";49.327769;-123.15397
"252";0;21;"Eastbound Marine Dr @ 11 St";49.326635;-123.146731
"252";0;22;"Eastbound Marine Dr @ Main St";49.326632;-123.142638
"252";1;1;"Park Royal @ Bay 2";49.327118;-123.138911
"252";1;2;"Westbound Marine Dr @ Main St";49.32689;-123.14362
"252";1;3;"Westbound Marine Dr @ 11 St";49.326988;-123.147479
"252";1;4;"Westbound Marine Dr @ 13 St";49.327721;-123.151989
"252";1;5;"Westbound Marine Dr @ 14 St";49.328058;-123.154732
"252";1;6;"Westbound Marine Dr @ 15 St";49.328461;-123.157136
"252";1;7;"Westbound Marine Dr @ 17 St";49.32872;-123.15987
"252";1;8;"Northbound 17 St @ Esquimalt Ave";49.330913;-123.160111
"252";1;9;"Eastbound Fulton Ave @ 15 St";49.331479;-123.157226
"252";1;10;"Eastbound Fulton Ave @ 14 St";49.331426;-123.153752
"252";1;11;"Eastbound Fulton Ave @ 13 St";49.331398;-123.151038
"252";1;12;"Eastbound Fulton Ave @ 12 St";49.331353;-123.148297
"252";1;13;"Northbound 11 St @ Fulton Ave";49.33168;-123.145817
"252";1;14;"Northbound 11 St @ Gordon Ave";49.332674;-123.14581
"252";1;15;"Northbound 11 St @ Inglewood Ave";49.334333;-123.145795
"252";1;16;"Westbound Inglewood Ave @ 12 St";49.334585;-123.148767
"252";1;17;"Westbound Inglewood Ave @ 13 St";49.33458;-123.15175
"252";1;18;"Westbound Inglewood Ave @ 14 St";49.33462;-123.154566
"252";1;19;"Westbound Inglewood Ave @ 15 St";49.334624;-123.157371
"252";1;20;"Westbound Inglewood Ave @ 17 St";49.3346;-123.16051
"252";1;21;"Westbound Inglewood Ave @ Sinclair St";49.334618;-123.163501
"252";1;22;"Westbound Inglewood Ave @ 20 St";49.334657;-123.166502
"252";1;23;"Northbound 20 St @ Kings Ave";49.336681;-123.166585
"252";1;24;"Westbound Mathers Ave @ 20 St";49.338261;-123.166908
"252";1;25;"Westbound Mathers Ave @ 22 St";49.338316;-123.171156
"252";1;26;"Westbound Mathers Ave @ 23 St";49.338384;-123.17516
"252";1;27;"Westbound Mathers Ave @ 24 St";49.338442;-123.179475
"252";1;28;"Southbound 25 St @ Mathers Ave";49.338122;-123.18239
"252";1;29;"Southbound 25 St @ Kings Ave";49.336764;-123.182475
"252";1;30;"Eastbound Marine Dr @ 25 St";49.334732;-123.182038
"253";0;1;"Eastbound Caulfeild Dr @ Headland Dr";49.350447;-123.25185
"253";0;2;"Eastbound Caulfeild Dr @ Estevan Place";49.35073;-123.24672
"253";0;3;"Westbound Caulfeild Dr @ Willow Creek Rd";49.349021;-123.245829
"253";0;4;"Westbound Caulfeild Dr @ Piccadilly North";49.347695;-123.246804
"253";0;5;"Westbound Caulfeild Dr @ Cherbourg Dr";49.346473;-123.249222
"253";0;6;"Eastbound Cherbourg Dr @ Keith Rd";49.345011;-123.247717
"253";0;7;"Eastbound Keith Rd @ 4400 Block";49.34501;-123.24521
"253";0;8;"Southbound Keith Rd @ Rockridge Rd";49.343785;-123.241844
"253";0;9;"Southbound Keith Rd @ Stone Cres";49.34129;-123.24167
"253";0;10;"Eastbound Marine Dr @ Morgan Cres";49.340623;-123.238718
"253";0;11;"Eastbound Marine Dr @ 4100 Block";49.341019;-123.235009
"253";0;12;"Eastbound Marine Dr @ Sherman St";49.341731;-123.230482
"253";0;13;"Eastbound Marine Dr @ Rose Cres";49.341245;-123.226556
"253";0;14;"Eastbound Marine Dr @ Sharon Dr";49.340322;-123.224744
"253";0;15;"Eastbound Marine Dr @ 3700 Block";49.339582;-123.222593
"253";0;16;"Eastbound Marine Dr @ 3600 Block";49.339109;-123.216416
"253";0;17;"Eastbound Marine Dr @ Creery Ave";49.34176;-123.21298
"253";0;18;"Eastbound Marine Dr @ Gables Lane";49.341606;-123.210425
"253";0;19;"Eastbound Marine Dr @ Radcliffe Ave";49.340963;-123.206985
"253";0;20;"Eastbound Marine Dr @ 31 St";49.340189;-123.202962
"253";0;21;"Eastbound Marine Dr @ 30 St";49.33951;-123.2
"253";0;22;"Eastbound Marine Dr @ 29 St";49.337797;-123.194572
"253";0;23;"Eastbound Marine Dr @ 27 St";49.336467;-123.189107
"253";0;24;"Eastbound Marine Dr @ 26 St";49.33556;-123.185434
"253";0;25;"Eastbound Marine Dr @ 25 St";49.334732;-123.182038
"253";0;26;"Eastbound Marine Dr @ 24 St";49.333977;-123.178898
"253";0;27;"Eastbound Marine Dr @ 23 St";49.333095;-123.175124
"253";0;28;"Eastbound Marine Dr @ 22 St";49.330567;-123.170678
"253";0;29;"Eastbound Marine Dr @ 21 St";49.329656;-123.16774
"253";0;30;"Eastbound Marine Dr @ 20 St";49.329332;-123.166666
"253";0;31;"Eastbound Marine Dr @ 19 St";49.328566;-123.163934
"253";0;32;"Eastbound Marine Dr @ 18 St";49.328527;-123.161817
"253";0;33;"Eastbound Marine Dr @ 17 St";49.328534;-123.159782
"253";0;34;"Eastbound Marine Dr @ 15 St";49.328163;-123.156374
"253";0;35;"Eastbound Marine Dr @ 14 St";49.327769;-123.15397
"253";0;36;"Eastbound Marine Dr @ 11 St";49.326635;-123.146731
"253";0;37;"Eastbound Marine Dr @ Main St";49.326632;-123.142638
"253";0;38;"Park Royal @ Bay 5";49.326849;-123.13825
"253";0;39;"Eastbound Marine Dr Offramp @ Lions Gate Bridge";49.325824;-123.129537
"253";0;40;"Eastbound W Georgia St @ Gilford St";49.293655;-123.135601
"253";0;41;"Eastbound W Georgia St @ Denman St";49.292217;-123.133397
"253";0;42;"Eastbound W Georgia St @ Cardero St";49.290268;-123.130384
"253";0;43;"Eastbound W Georgia St @ Broughton St";49.288694;-123.127919
"253";0;44;"Eastbound W Georgia St @ Bute St";49.286717;-123.124885
"253";0;45;"Eastbound W Georgia St @ Burrard St";49.284015;-123.120673
"253";0;46;"Eastbound W Georgia St @ Granville St";49.28264;-123.118529
"253";0;47;"Eastbound W Georgia St @ Homer St";49.280236;-123.114837
"253";0;48;"Eastbound W Georgia St @ Hamilton St";49.280019;-123.114489
"253";1;1;"Park Royal @ Bay 3";49.327109;-123.139104
"253";1;2;"Westbound Marine Dr @ Main St";49.32689;-123.14362
"253";1;3;"Westbound Marine Dr @ 11 St";49.326988;-123.147479
"253";1;4;"Westbound Marine Dr @ 13 St";49.327721;-123.151989
"253";1;5;"Westbound Marine Dr @ 14 St";49.328058;-123.154732
"253";1;6;"Westbound Marine Dr @ 15 St";49.328461;-123.157136
"253";1;7;"Westbound Marine Dr @ 17 St";49.32872;-123.15987
"253";1;8;"Westbound Marine Dr @ 18 St";49.32868;-123.162646
"253";1;9;"Westbound Marine Dr @ 19 St";49.328901;-123.164655
"253";1;10;"Westbound Marine Dr @ 20 St";49.329541;-123.166708
"253";1;11;"Westbound Marine Dr @ 21 St";49.330055;-123.168395
"253";1;12;"Westbound Marine Dr @ 22 St";49.3308;-123.17085
"253";1;13;"Westbound Marine Dr @ 23 St";49.333278;-123.175257
"253";1;14;"Westbound Marine Dr @ 24 St";49.334201;-123.179001
"253";1;15;"Westbound Marine Dr @ 25 St";49.335115;-123.182838
"253";1;16;"Westbound Marine Dr @ 26 St";49.335867;-123.185928
"253";1;17;"Westbound Marine Dr @ 27 St";49.336638;-123.189224
"253";1;18;"Westbound Marine Dr @ 29 St";49.337938;-123.19446
"253";1;19;"Westbound Marine Dr @ 30 St";49.33971;-123.200042
"253";1;20;"Northbound 31 St @ Dickinson Cres";49.341274;-123.202663
"253";1;21;"Westbound Mathers Ave @ 31 St";49.342342;-123.203429
"253";1;22;"Westbound Thompson Cres @ Mathers Ave";49.343256;-123.205458
"253";1;23;"Northbound Thompson Cres @ Thompson Place";49.344086;-123.206384
"253";1;24;"Westbound Westmount Rd @ Benbow Rd";49.345283;-123.207076
"253";1;25;"Westbound Westmount Rd @ 3300 Block";49.34558;-123.21024
"253";1;26;"Westbound Westmount Rd @ Rockview Place";49.34562;-123.21395
"253";1;27;"Westbound Westmount Rd @ Cedaridge Place";49.34564;-123.21663
"253";1;28;"Westbound Westridge Ave @ Southridge Ave East";49.345848;-123.219099
"253";1;29;"Westbound Westridge Ave @ 3800 Block";49.34683;-123.222898
"253";1;30;"Westbound Westridge Ave @ Southridge Ave West";49.34686;-123.22672
"253";1;31;"Westbound Westridge Ave @ 3900 Block";49.346802;-123.23028
"253";1;32;"Westbound Ripple Rd @ Ripple Place";49.346947;-123.232771
"253";1;33;"Northbound Almondel Rd @ Ripple Rd";49.347592;-123.235382
"253";1;34;"Westbound Woodcrest Rd @ Almondel Rd";49.34985;-123.24153
"253";1;35;"Westbound Woodcrest Rd @ Woodgreen Dr";49.351276;-123.24414
"253";1;36;"Northbound Woodgreen Dr @ Woodgreen Place";49.352572;-123.242679
"253";1;37;"Westbound Woodburn Rd @ Woodgreen Dr";49.354237;-123.245775
"253";1;38;"Southbound Northwood Dr @ Woodburn Rd";49.354226;-123.248666
"253";1;39;"Southbound Northwood Dr @ Westport Rd";49.35278;-123.25095
"253";1;40;"Eastbound Caulfeild Dr @ Headland Dr";49.350447;-123.25185
"254";0;1;"Eastbound Marine Dr @ 1000 Block";49.326813;-123.139026
"254";0;2;"Northbound Taylor Way @ Keith Rd";49.331579;-123.134742
"254";0;3;"Northbound Taylor Way @ Inglewood Ave";49.33495;-123.13477
"254";0;4;"Northbound Taylor Way @ Hwy One Overpass";49.338308;-123.134534
"254";0;5;"Eastbound Stevens Dr @ Hadden Dr";49.341176;-123.132114
"254";0;6;"Eastbound Stevens Dr @ Rabbit Lane";49.341689;-123.128627
"254";0;7;"Eastbound Stevens Dr @ 300 Block";49.34613;-123.123095
"254";0;8;"Northbound Stevens Dr @ 300 Block";49.35107;-123.12041
"254";0;9;"Northbound Stevens Dr @ 100 Block";49.357157;-123.12099
"254";0;10;"Northbound Stevens Dr @ Deep Dene Rd";49.357989;-123.121415
"254";0;11;"Northbound Bonnymuir Dr @ Glenmore Dr";49.359874;-123.12356
"254";1;1;"Northbound Bonnymuir Dr @ Glenmore Dr";49.359874;-123.12356
"254";1;2;"Northbound Bonnymuir Dr @ St. Giles Rd";49.363335;-123.122854
"254";1;3;"Westbound St. Andrews Rd @ 500 Block";49.363417;-123.126131
"254";1;4;"Southbound St. Andrews Rd @ Ballantree Rd";49.361843;-123.128738
"254";1;5;"Southbound St. Andrews Rd @ St. Andrews Place";49.358244;-123.130436
"254";1;6;"Southbound St. Andrews Rd @ Greenwood Rd";49.355619;-123.132189
"254";1;7;"Southbound St. Andrews Rd @ Hawstead Place";49.354424;-123.132895
"254";1;8;"Southbound Robin Hood Rd @ Kenwood Rd";49.354856;-123.13043
"254";1;9;"Southbound Robin Hood Rd @ King Georges Way";49.352408;-123.130573
"254";1;10;"Southbound Southborough Dr @ Knockmaroon Rd";49.348866;-123.130126
"254";1;11;"Westbound Fairmile Rd @ Southborough Dr";49.346594;-123.131799
"254";1;12;"Northbound Eyremount Dr @ Fairmile Rd";49.346966;-123.137884
"254";1;13;"Northbound Eyremount Dr @ King Georges Way";49.348089;-123.135607
"254";1;14;"Northbound Eyremount Dr @ Farmleigh Rd";49.350692;-123.133588
"254";1;15;"Westbound Eyremount Dr @ Kenwood Rd";49.352197;-123.133819
"254";1;16;"Northbound Eyremount Dr @ Groveland Rd";49.351835;-123.13938
"254";1;17;"Northbound Eyremount Dr @ Elveden Row";49.353447;-123.138032
"254";1;18;"Westbound Eyremount Dr @ Hillside Rd";49.354272;-123.139352
"254";1;19;"Westbound Eyremount Dr @ Highland Dr";49.35377;-123.142536
"254";1;20;"Westbound Eyremount Dr @ Crestline Rd";49.353987;-123.146411
"254";1;21;"Southbound Chartwell Dr @ Bramwell Rd";49.348313;-123.151171
"254";1;22;"Eastbound Chartwell Dr @ 1300 Block";49.346846;-123.153313
"254";1;23;"Eastbound Chartwell Dr @ 1200 Block";49.346194;-123.147999
"254";1;24;"Eastbound Cross Creek Rd @ Highland Dr";49.346081;-123.143949
"254";1;25;"Southbound Southborough Dr @ Highland Dr";49.343326;-123.138538
"254";1;26;"Eastbound Southborough Dr @ Westcot Rd";49.341062;-123.136538
"254";1;27;"Southbound Taylor Way @ Hwy One Overpass";49.33855;-123.13509
"254";1;28;"Westbound Kings Ave @ Braeside St";49.336351;-123.143556
"254";1;29;"Westbound Kings Ave @ 11 St";49.33637;-123.145678
"254";1;30;"Southbound 11th St @ Kings Ave";49.336132;-123.14595
"254";1;31;"Southbound 11 St @ Inglewood Ave";49.334271;-123.14597
"254";1;32;"Southbound 11 St @ Haywood Ave";49.333196;-123.145985
"254";1;33;"Southbound 11 St @ Gordon Ave";49.332151;-123.145986
"254";1;34;"Westbound Fulton Ave @ 12 St";49.331502;-123.14947
"254";1;35;"Westbound Fulton Ave @ 13 St";49.331535;-123.151963
"254";1;36;"Westbound Fulton Ave @ 14 St";49.331576;-123.154757
"254";1;37;"Eastbound Marine Dr @ 14 St";49.327769;-123.15397
"254";1;38;"Eastbound Marine Dr @ 11 St";49.326635;-123.146731
"254";1;39;"Eastbound Marine Dr @ Main St";49.326632;-123.142638
"254";1;40;"Park Royal @ Bay 5";49.326849;-123.13825
"254";1;41;"Eastbound Marine Dr Offramp @ Lions Gate Bridge";49.325824;-123.129537
"254";1;42;"Eastbound W Georgia St @ Gilford St";49.293655;-123.135601
"254";1;43;"Eastbound W Georgia St @ Denman St";49.292217;-123.133397
"254";1;44;"Eastbound W Georgia St @ Cardero St";49.290268;-123.130384
"254";1;45;"Eastbound W Georgia St @ Broughton St";49.288694;-123.127919
"254";1;46;"Eastbound W Georgia St @ Bute St";49.286717;-123.124885
"254";1;47;"Eastbound W Georgia St @ Burrard St";49.284015;-123.120673
"254";1;48;"Eastbound W Georgia St @ Granville St";49.28264;-123.118529
"254";1;49;"Eastbound W Georgia St @ Homer St";49.280236;-123.114837
"254";1;50;"Eastbound W Georgia St @ Hamilton St";49.280019;-123.114489
"255";0;1;"Eastbound Marine Dr @ 25 St";49.334732;-123.182038
"255";0;2;"Eastbound Marine Dr @ 24 St";49.333977;-123.178898
"255";0;3;"Eastbound Marine Dr @ 23 St";49.333095;-123.175124
"255";0;4;"Eastbound Marine Dr @ 22 St";49.330567;-123.170678
"255";0;5;"Eastbound Marine Dr @ 21 St";49.329656;-123.16774
"255";0;6;"Eastbound Marine Dr @ 20 St";49.329332;-123.166666
"255";0;7;"Eastbound Marine Dr @ 19 St";49.328566;-123.163934
"255";0;8;"Eastbound Marine Dr @ 18 St";49.328527;-123.161817
"255";0;9;"Eastbound Marine Dr @ 17 St";49.328534;-123.159782
"255";0;10;"Eastbound Marine Dr @ 15 St";49.328163;-123.156374
"255";0;11;"Eastbound Marine Dr @ 14 St";49.327769;-123.15397
"255";0;12;"Eastbound Marine Dr @ 11 St";49.326635;-123.146731
"255";0;13;"Eastbound Marine Dr @ Main St";49.326632;-123.142638
"255";0;14;"Park Royal @ Bay 5";49.326849;-123.13825
"255";0;15;"Eastbound Marine Dr @ Capilano Rd";49.323943;-123.121834
"255";0;16;"Eastbound Marine Dr @ Tatlow Ave";49.323841;-123.117097
"255";0;17;"Eastbound Marine Dr @ Philip Ave";49.323817;-123.112372
"255";0;18;"Eastbound Marine Dr @ Bridgman Ave";49.323788;-123.109947
"255";0;19;"Eastbound Marine Dr @ Pemberton Ave";49.323778;-123.107244
"255";0;20;"Eastbound Marine Dr @ Lloyd Ave";49.32375;-123.105298
"255";0;21;"Eastbound Marine Dr @ Hamilton Ave";49.322589;-123.099039
"255";0;22;"Eastbound Marine Dr @ Fell Ave";49.321178;-123.094959
"255";0;23;"Eastbound W 3rd St @ Bewicke Ave";49.320065;-123.091862
"255";0;24;"Eastbound W 3rd St @ Forbes Ave";49.316725;-123.084748
"255";0;25;"Eastbound W 3rd St @ Mahon Ave";49.315826;-123.082703
"255";0;26;"Eastbound W 3rd St @ Chesterfield Ave";49.314479;-123.079648
"255";0;27;"Northbound Lonsdale Ave @ E 4th St";49.314476;-123.075822
"255";0;28;"Northbound Lonsdale Ave @ E 8th St";49.317657;-123.072585
"255";0;29;"Northbound Lonsdale Ave @ E 13 St";49.320352;-123.07224
"255";0;30;"Eastbound E 15 St @ Lonsdale Ave";49.321996;-123.071639
"255";0;31;"Eastbound E 15 St @ St. Georges Ave";49.321969;-123.0688
"255";0;32;"Eastbound E 15 St @ St. Andrews Ave";49.321934;-123.065414
"255";0;33;"Eastbound E 15 St @ Ridgeway Ave";49.3219;-123.062698
"255";0;34;"Eastbound E 15 St @ Moody Ave";49.321869;-123.059574
"255";0;35;"Southbound Grand Blvd East @ E 15 St";49.321559;-123.056457
"255";0;36;"Southbound Grand Blvd East @ E 13 St";49.319563;-123.056514
"255";0;37;"Southbound Grand Blvd East @ E 11 St";49.317432;-123.056559
"255";0;38;"Southbound Grand Blvd East @ E 9th St";49.315354;-123.056611
"255";0;39;"Eastbound E Keith Rd @ Grand Blvd East";49.313425;-123.056138
"255";0;40;"Eastbound E Keith Rd @ Sutherland Ave";49.313392;-123.053995
"255";0;41;"Eastbound E Keith Rd @ Hendry Ave";49.313372;-123.051554
"255";0;42;"Eastbound E Keith Rd @ Adderley St";49.313317;-123.048554
"255";0;43;"Eastbound E Keith Rd @ Cloverley St";49.313273;-123.04582
"255";0;44;"Eastbound E Keith Rd @ Mountain Hwy";49.313198;-123.037449
"255";0;45;"Northbound Lillooet Rd @ Mt Seymour Parkway";49.313087;-123.024687
"255";0;46;"Northbound Lillooet Rd @ 1000 Block";49.315778;-123.023902
"255";0;47;"Northbound Lillooet Rd @ Purcell Way";49.31787;-123.023891
"255";0;48;"Capilano University @ Bay 3";49.31939;-123.018631
"255";1;1;"Westbound E 15 St @ Grand Blvd East";49.321967;-123.057142
"255";1;2;"Westbound E 15 St @ Moody Ave";49.321997;-123.060368
"255";1;3;"Westbound E 15 St @ Ridgeway Ave";49.322028;-123.063435
"255";1;4;"Westbound E 15 St @ St. Andrews Ave";49.322074;-123.066504
"255";1;5;"Southbound Lonsdale Ave @ W 15 St";49.3217;-123.072483
"255";1;6;"Southbound Lonsdale Ave @ W 13 St";49.319603;-123.072529
"255";1;7;"Southbound Lonsdale Ave @ W Keith Rd";49.316896;-123.073702
"255";1;8;"Southbound Lonsdale Ave @ W 5th St";49.31482;-123.075818
"255";1;9;"Westbound W 3rd St @ Lonsdale Ave";49.313704;-123.077479
"255";1;10;"Westbound W 3rd St @ Chesterfield Ave";49.315137;-123.080729
"255";1;11;"Westbound W 3rd St @ Mahon Ave";49.316465;-123.083796
"255";1;12;"Westbound W 3rd St @ Forbes Ave";49.317037;-123.085089
"255";1;13;"Westbound W 3rd St @ Mission Rd";49.318364;-123.088085
"255";1;14;"Westbound Marine Dr @ Bewicke Ave";49.32061;-123.092706
"255";1;15;"Westbound Marine Dr @ Fell Ave";49.32151;-123.095264
"255";1;16;"Westbound Marine Dr @ Hanes Ave";49.322273;-123.097423
"255";1;17;"Westbound Marine Dr @ Hamilton Ave";49.323076;-123.0996
"255";1;18;"Westbound Marine Dr @ Mackay Ave";49.323913;-123.103303
"255";1;19;"Westbound Marine Dr @ Lloyd Ave";49.323931;-123.105534
"255";1;20;"Westbound Marine Dr @ Pemberton Ave";49.323956;-123.108455
"255";1;21;"Westbound Marine Dr @ Bridgman Ave";49.323979;-123.11116
"255";1;22;"Westbound Marine Dr @ Philip Ave";49.323999;-123.11389
"255";1;23;"Westbound Marine Dr @ Bowser Ave";49.324013;-123.116614
"255";1;24;"Westbound Marine Dr @ Capilano Rd";49.324309;-123.121976
"255";1;25;"Westbound Marine Dr @ Capilano River";49.326544;-123.130004
"255";1;26;"Park Royal @ Bay 2";49.327118;-123.138911
"255";1;27;"Westbound Marine Dr @ Main St";49.32689;-123.14362
"255";1;28;"Westbound Marine Dr @ 11 St";49.326988;-123.147479
"255";1;29;"Westbound Marine Dr @ 13 St";49.327721;-123.151989
"255";1;30;"Westbound Marine Dr @ 14 St";49.328058;-123.154732
"255";1;31;"Westbound Marine Dr @ 15 St";49.328461;-123.157136
"255";1;32;"Westbound Marine Dr @ 17 St";49.32872;-123.15987
"255";1;33;"Westbound Marine Dr @ 18 St";49.32868;-123.162646
"255";1;34;"Westbound Marine Dr @ 19 St";49.328901;-123.164655
"255";1;35;"Westbound Marine Dr @ 20 St";49.329541;-123.166708
"255";1;36;"Westbound Marine Dr @ 21 St";49.330055;-123.168395
"255";1;37;"Westbound Marine Dr @ 22 St";49.3308;-123.17085
"255";1;38;"Westbound Marine Dr @ 23 St";49.333278;-123.175257
"255";1;39;"Westbound Marine Dr @ 24 St";49.334201;-123.179001
"255";1;40;"Eastbound Marine Dr @ 25 St";49.334732;-123.182038
"256";0;1;"Eastbound Marine Dr @ 1000 Block";49.326813;-123.139026
"256";0;2;"Northbound Taylor Way @ Keith Rd";49.331579;-123.134742
"256";0;3;"Eastbound Inglewood Ave @ Burley Dr";49.334424;-123.134039
"256";0;4;"Spuraway Lodge (Flag)";49.332349;-123.12048
"256";0;5;"Park Royal @ Bay 2";49.327118;-123.138911
"256";0;6;"Westbound Marine Dr @ Main St";49.32689;-123.14362
"256";0;7;"Westbound Marine Dr @ 11 St";49.326988;-123.147479
"256";0;8;"Westbound Marine Dr @ 13 St";49.327721;-123.151989
"256";0;9;"Westbound Marine Dr @ 14 St";49.328058;-123.154732
"256";0;10;"Westbound Marine Dr @ 15 St";49.328461;-123.157136
"256";0;11;"Westbound Marine Dr @ 17 St";49.32872;-123.15987
"256";0;12;"Westbound Marine Dr @ 18 St";49.32868;-123.162646
"256";0;13;"Westbound Marine Dr @ 19 St";49.328901;-123.164655
"256";0;14;"Westbound Marine Dr @ 20 St";49.329541;-123.166708
"256";0;15;"Westbound Marine Dr @ 21 St";49.330055;-123.168395
"256";0;16;"Westbound Marine Dr @ 22 St";49.3308;-123.17085
"256";0;17;"Northbound 21 St @ Haywood Ave";49.333854;-123.167977
"256";0;18;"(Northbound 21 St In Ottawa Ave Area) @ Ottawa Ave (Flag)";49.340168;-123.16795
"256";0;19;"(Westbound Skilift Rd In Folkestone Way Area) @ Folkestone Way (Flag)";49.344317;-123.172086
"256";0;20;"(Northbound Folkestone Way In Chippendale Rd Area) @ Chippendale Rd (Flag)";49.349093;-123.177404
"256";0;21;"(Eastbound Chippendale Rd In Westhill Dr Area) (Flag)";49.349419;-123.163179
"256";1;1;"(Eastbound Chippendale Rd In Westhill Dr Area) (Flag)";49.349419;-123.163179
"256";1;2;"(Southbound Westhill Dr In 2000-Block Area) @ 2000 Block (Flag)";49.344757;-123.167619
"256";1;3;"(Southbound 21 St In Ottawa Ave Area) @ Ottawa Ave (Flag)";49.339827;-123.168067
"256";1;4;"Southbound 21 St @ Haywood Ave";49.333271;-123.168136
"256";1;5;"Eastbound Marine Dr @ 22 St";49.330567;-123.170678
"256";1;6;"Eastbound Marine Dr @ 21 St";49.329656;-123.16774
"256";1;7;"Eastbound Marine Dr @ 20 St";49.329332;-123.166666
"256";1;8;"Eastbound Marine Dr @ 19 St";49.328566;-123.163934
"256";1;9;"Eastbound Marine Dr @ 18 St";49.328527;-123.161817
"256";1;10;"Eastbound Marine Dr @ 17 St";49.328534;-123.159782
"256";1;11;"Eastbound Marine Dr @ 15 St";49.328163;-123.156374
"256";1;12;"Eastbound Marine Dr @ 14 St";49.327769;-123.15397
"256";1;13;"Eastbound Marine Dr @ 11 St";49.326635;-123.146731
"256";1;14;"Eastbound Marine Dr @ Main St";49.326632;-123.142638
"256";1;15;"Eastbound Marine Dr @ 1000 Block";49.326813;-123.139026
"257";0;1;"Keith Rd @ Horseshoe Bay Ferry Terminal";49.374133;-123.272848
"257";0;2;"Southbound 15 St @ Ottawa Ave";49.340163;-123.156999
"257";0;3;"Eastbound Marine Dr @ 14 St";49.327769;-123.15397
"257";0;4;"Park Royal @ Bay 5";49.326849;-123.13825
"257";0;5;"Eastbound Marine Dr Offramp @ Lions Gate Bridge";49.325824;-123.129537
"257";0;6;"Eastbound W Georgia St @ Denman St";49.292217;-123.133397
"257";0;7;"Eastbound W Georgia St @ Burrard St";49.284015;-123.120673
"257";0;8;"Eastbound W Georgia St @ Granville St";49.28264;-123.118529
"257";0;9;"Westbound Dunsmuir St @ Cambie St";49.280837;-123.112004
"257";1;1;"Westbound Dunsmuir St @ Cambie St";49.280837;-123.112004
"257";1;2;"Westbound W Georgia St @ Seymour St";49.28214;-123.117372
"257";1;3;"Westbound W Georgia St @ Burrard St";49.284306;-123.12073
"257";1;4;"Westbound W Georgia St @ Denman St";49.292951;-123.134018
"257";1;5;"Park Royal @ Bay 2";49.327118;-123.138911
"257";1;6;"Westbound Marine Dr @ 14 St";49.328058;-123.154732
"257";1;7;"Northbound 15 St @ Ottawa Ave";49.340258;-123.156826
"257";1;8;"Keith Rd @ Horseshoe Bay Ferry Terminal";49.374133;-123.272848
"262";0;1;"Caulfeild Village @ Safeway";49.350855;-123.252168
"262";0;2;"Keith Rd @ Horseshoe Bay Ferry Terminal";49.373958;-123.272897
"262";0;3;"Southbound Nelson Ave @ Bay St";49.37515;-123.27689
"262";0;4;"Southbound Nelson Ave @ 6400 Block";49.372606;-123.277801
"262";0;5;"Eastbound Marine Dr @ Nelson Ave";49.37012;-123.27891
"262";0;6;"Northbound Horseshoe Bay Dr @ Pasco Rd";49.38635;-123.25838
"262";0;7;"Northbound Hwy 99 Onramp @ Seascape Dr";49.398198;-123.247558
"262";0;8;"Northbound Hwy 99 Onramp @ Kelvin Grove Way";49.452388;-123.236624
"262";0;9;"Northbound Crosscreek Rd @ Oceanview Rd";49.459217;-123.235617
"262";0;10;"Westbound Brunswick Rd @ Hwy 99 Overpass";49.474111;-123.242087
"262";1;1;"Westbound Brunswick Rd @ Hwy 99 Overpass";49.474111;-123.242087
"262";1;2;"Southbound Isleview Place @ Lions Bay Ave";49.458538;-123.236819
"262";1;3;"Southbound Tidewater Way @ Kelvin Grove Way";49.452393;-123.237667
"262";1;4;"Southbound Hwy 99 @ Ocean Point Dr";49.43045;-123.23386
"262";1;5;"Southbound Hwy 99 @ Strachan Point Rd";49.420432;-123.232905
"262";1;6;"Southbound Hwy 99 @ Lawrence Way";49.403085;-123.242762
"262";1;7;"Southbound Hwy 99 Offramp @ Ansell Place";49.398576;-123.248197
"262";1;8;"Southbound Horseshoe Bay Dr @ Pasco Rd";49.38599;-123.25885
"262";1;9;"Westbound Hwy One Overpass @ Marine Dr";49.369566;-123.275581
"262";1;10;"Westbound Marine Dr @ Nelson Ave";49.370244;-123.279363
"262";1;11;"Northbound Nelson Ave @ Chatham St";49.371643;-123.278115
"262";1;12;"Northbound Royal Ave @ Argyle Ave";49.372015;-123.276448
"262";1;13;"Eastbound Bruce St @ Royal Ave";49.3735;-123.274588
"262";1;14;"Keith Rd @ Horseshoe Bay Ferry Terminal";49.373958;-123.272897
"262";1;15;"Southbound Nelson Ave @ Bay St";49.37515;-123.27689
"262";1;16;"Southbound Nelson Ave @ 6400 Block";49.372606;-123.277801
"262";1;17;"Eastbound Marine Dr @ Nelson Ave";49.37012;-123.27891
"262";1;18;"Caulfeild Village @ Safeway";49.350855;-123.252168
"301";0;1;"Richmond-Brighouse Station @ Bay 6";49.168747;-123.13555
"301";0;2;"Northbound Garden City Rd @ Westminster Hwy";49.170599;-123.124413
"301";0;3;"Northbound Garden City Rd @ Lansdowne Rd";49.174225;-123.124389
"301";0;4;"Eastbound Alderbridge Way @ May Dr";49.177158;-123.118934
"301";0;5;"Eastbound Hwy 91 Offramp @ Westminster Hwy";49.168661;-122.975463
"301";0;6;"Southbound Hwy 91 Offramp @ Cliveden Ave";49.170089;-122.953649
"301";0;7;"Eastbound 84 Ave @ Delsom Cres";49.155985;-122.922785
"301";0;8;"Eastbound 84 Ave @ 112 St";49.155963;-122.911531
"301";0;9;"Eastbound 84 Ave @ 116 St";49.155839;-122.901124
"301";0;10;"Southbound Scott Rd @ 84 Ave";49.155682;-122.890557
"301";0;11;"Southbound Scott Rd @ 80 Ave";49.148954;-122.890537
"301";0;12;"Scottsdale Exchange @ Bay 5";49.137771;-122.887603
"301";0;13;"Eastbound 72 Ave @ 122 St";49.133911;-122.884144
"301";0;14;"Eastbound 72 Ave @ 124 St";49.133843;-122.878625
"301";0;15;"Eastbound 72 Ave @ 128 St";49.133786;-122.87006
"301";0;16;"Eastbound 72 Ave @ 132 St";49.133614;-122.85617
"301";0;17;"Newton Exchange @ Bay 5";49.133426;-122.842328
"301";1;1;"Newton Exchange @ Bay 10";49.132578;-122.842905
"301";1;2;"Westbound 72 Ave @ 132 St";49.133813;-122.857236
"301";1;3;"Westbound 72 Ave @ 128 St";49.13399;-122.868518
"301";1;4;"Westbound 72 Ave @ 126 St";49.134014;-122.873867
"301";1;5;"Westbound 72 Ave @ 124 St";49.134034;-122.879754
"301";1;6;"Westbound 72 Ave @ 122A St";49.134092;-122.883912
"301";1;7;"Scottsdale Exchange @ Bay 8";49.137443;-122.888253
"301";1;8;"Northbound Scott Rd @ 80 Ave";49.148951;-122.890181
"301";1;9;"Westbound 84 Ave @ Scott Rd";49.156064;-122.891
"301";1;10;"Westbound 84 Ave @ 116 St";49.155971;-122.902101
"301";1;11;"Westbound 84 Ave @ 112 St";49.156114;-122.913155
"301";1;12;"Westbound 84 Ave @ Delsom Cres";49.156301;-122.924193
"301";1;13;"Northbound Hwy 91 Offramp @ Cliveden Ave";49.171733;-122.94928
"301";1;14;"Westbound Hwy 91 Onramp @ Westminster Hwy";49.169794;-122.973822
"301";1;15;"Westbound Alderbridge Way @ May Dr";49.177384;-123.119063
"301";1;16;"Southbound Garden City Rd @ Lansdowne Rd";49.173272;-123.124766
"301";1;17;"Westbound Westminster Hwy @ Garden City Rd";49.170215;-123.125653
"301";1;18;"Richmond-Brighouse Station @ Bay 6";49.168747;-123.13555
"310";0;1;"Northbound 51 St @ 47 Ave";49.088733;-123.082465
"310";0;2;"Eastbound Ladner Trunk Rd @ Central Ave";49.090143;-123.079775
"310";0;3;"Eastbound Ladner Trunk Rd @ 53 St";49.090133;-123.075491
"310";0;4;"Eastbound Ladner Trunk Rd @ Linden Dr";49.090132;-123.071193
"310";0;5;"Eastbound Ladner Trunk Rd @ 55B St";49.090125;-123.068162
"310";0;6;"Southbound Harvest Dr @ Ladner Trunk Rd";49.08931;-123.063128
"310";0;7;"Ladner Exchange @ Bay 1";49.087654;-123.062442
"310";0;8;"Northbound Harvest Dr @ Ladner Trunk Rd";49.089714;-123.062836
"310";0;9;"Eastbound Hwy 10 @ Hwy 17A";49.090025;-123.055655
"310";0;10;"Eastbound Hwy 10 @ 62 St";49.090048;-123.050367
"310";0;11;"Eastbound Hwy 10 @ 64 St";49.090018;-123.044621
"310";0;12;"Eastbound Hwy 10 @ 66 St";49.090082;-123.039948
"310";0;13;"Eastbound Hwy 10 @ Anderson Place";49.090071;-123.036586
"310";0;14;"Southbound 72 St @ Hwy 10";49.089637;-123.024115
"310";0;15;"Eastbound Churchill St @ 72 St";49.082336;-123.023236
"310";0;16;"Eastbound Churchill St @ King St";49.082295;-123.015
"310";0;17;"Eastbound Churchill St @ Athabaska St";49.082271;-123.009464
"310";0;18;"Northbound 80 St @ Churchill St";49.081159;-123.001684
"310";0;19;"Northbound 80 St @ 4500 Block";49.085606;-123.001679
"310";0;20;"Eastbound Hwy 10 @ 80 St";49.089792;-123.00173
"310";0;21;"Eastbound Hwy 10 @ 88 St";49.089875;-122.978789
"310";0;22;"Eastbound Hwy 10 @ Hornby Dr";49.089392;-122.962174
"310";0;23;"Westbound Bus Access Rd @ Burns Dr";49.091147;-122.965068
"310";0;24;"Eastbound Hwy 10 @ 96 St";49.091636;-122.956475
"310";0;25;"Eastbound Hwy 10 @ 104 St";49.095873;-122.934212
"310";0;26;"Eastbound Hwy 10 @ 112 St";49.098213;-122.912233
"310";0;27;"Northbound Scott Rd @ Hwy 10";49.109116;-122.890248
"310";0;28;"Northbound 120 St @ Boundary Park Gate";49.113367;-122.890245
"310";0;29;"Northbound Scott Rd @ 62 Ave";49.115855;-122.890228
"310";0;30;"Northbound Scott Rd @ 64 Ave";49.119783;-122.890201
"310";0;31;"Northbound Scott Rd @ 66 Ave";49.123259;-122.890191
"310";0;32;"Northbound Scott Rd @ 68 Ave";49.126984;-122.890187
"310";0;33;"Northbound Scott Rd @ 70 Ave";49.131043;-122.890178
"310";0;34;"Northbound Scott Rd @ 72 Ave";49.135869;-122.890168
"310";0;35;"Scottsdale Exchange @ Bay 1";49.137407;-122.88851
"310";1;1;"Scottsdale Exchange @ Bay 1";49.137407;-122.88851
"310";1;2;"Southbound Scott Rd @ 7300 Block";49.135716;-122.890542
"310";1;3;"Southbound Scott Rd @ 72 Ave";49.133065;-122.890563
"310";1;4;"Southbound Scott Rd @ 70 Ave";49.129466;-122.890557
"310";1;5;"Southbound Scott Rd @ Wade Rd";49.123827;-122.890556
"310";1;6;"Southbound Scott Rd @ 64 Ave";49.118292;-122.890589
"310";1;7;"Southbound Scott Rd @ 62 Ave";49.115202;-122.890593
"310";1;8;"Southbound Scott Rd @ Sunwood Dr";49.112592;-122.890628
"310";1;9;"Southbound Scott Rd @ Hwy 10";49.108934;-122.890612
"310";1;10;"Westbound Hwy 10 @ 112 St";49.098339;-122.912446
"310";1;11;"Westbound Hwy 10 @ 104 St";49.095741;-122.9356
"310";1;12;"Westbound Bus Access Rd @ Burns Dr";49.091147;-122.965068
"310";1;13;"Westbound Hwy 10 @ 96 St";49.091562;-122.957913
"310";1;14;"Westbound Hwy 10 @ Hornby Dr";49.089711;-122.963742
"310";1;15;"Westbound Hwy 10 @ 88 St";49.09;-122.979772
"310";1;16;"Southbound 80 St @ 4700 Block";49.087385;-123.001796
"310";1;17;"Southbound 80 St @ 4500 Block";49.085464;-123.001829
"310";1;18;"Westbound Churchill St @ 80 St";49.080954;-123.002068
"310";1;19;"Westbound Churchill St @ 7900 Block";49.082328;-123.004148
"310";1;20;"Westbound Churchill St @ Athabaska St";49.08237;-123.010562
"310";1;21;"Westbound Churchill St @ King St";49.082399;-123.015395
"310";1;22;"Westbound Churchill St @ 72 St";49.082433;-123.023483
"310";1;23;"Westbound Hwy 10 @ 72 St";49.09013;-123.024942
"310";1;24;"Westbound Hwy 10 @ Anderson Place";49.090187;-123.037454
"310";1;25;"Westbound Hwy 10 @ 66 St";49.090201;-123.040996
"310";1;26;"Westbound Hwy 10 @ 64 St";49.09024;-123.046791
"310";1;27;"Westbound Hwy 10 @ 62 St";49.090252;-123.051586
"310";1;28;"Westbound Ladner Trunk Rd @ Hwy 17A";49.090279;-123.058574
"310";1;29;"Southbound Harvest Dr @ Ladner Trunk Rd";49.08931;-123.063128
"310";1;30;"Ladner Exchange @ Bay 2";49.087654;-123.062063
"310";1;31;"Westbound Ladner Trunk Rd @ Harvest Dr";49.090283;-123.063738
"310";1;32;"Westbound Ladner Trunk Rd @ 57 St";49.090287;-123.065888
"310";1;33;"Westbound Ladner Trunk Rd @ 55B St";49.090273;-123.069279
"310";1;34;"Westbound Ladner Trunk Rd @ 54A St";49.090284;-123.073044
"310";1;35;"Westbound Ladner Trunk Rd @ 53 St";49.090321;-123.076299
"310";1;36;"Westbound Ladner Trunk Rd @ 52A St";49.090357;-123.079188
"310";1;37;"Southbound Arthur Dr @ 4700 Block";49.089161;-123.081073
"310";1;38;"Southbound Arthur Dr @ 47 Ave";49.088008;-123.079924
"310";1;39;"Westbound 45 Ave @ Arthur Dr";49.08518;-123.079882
"310";1;40;"Northbound 51 St @ 47 Ave";49.088733;-123.082465
"311";0;1;"Scottsdale Exchange @ Bay 8";49.137443;-122.888253
"311";0;2;"Southbound Scott Rd @ 7300 Block";49.135716;-122.890542
"311";0;3;"Southbound Scott Rd @ 72 Ave";49.133065;-122.890563
"311";0;4;"Southbound Scott Rd @ 70 Ave";49.129466;-122.890557
"311";0;5;"Southbound Scott Rd @ Wade Rd";49.123827;-122.890556
"311";0;6;"Southbound Scott Rd @ 64 Ave";49.118292;-122.890589
"311";0;7;"Southbound Scott Rd @ 62 Ave";49.115202;-122.890593
"311";0;8;"Southbound Scott Rd @ Sunwood Dr";49.112592;-122.890628
"311";0;9;"Southbound Scott Rd @ Hwy 10";49.108934;-122.890612
"311";0;10;"Westbound Hwy 10 @ 112 St";49.098339;-122.912446
"311";0;11;"Westbound Hwy 10 @ 104 St";49.095741;-122.9356
"311";0;12;"Westbound Hwy 10 @ 96 St";49.091562;-122.957913
"311";0;13;"Northbound Hwy 99 Offramp @ Steveston Hwy";49.133056;-123.084336
"311";0;14;"Bridgeport Station @ Bay 1 Unloading Only";49.195515;-123.125911
"311";1;1;"Bridgeport Station @ Bay 6";49.19488;-123.127321
"311";1;2;"Southbound Hwy 99 Onramp @ Steveston Hwy";49.13283;-123.08712
"311";1;3;"Eastbound Hwy 10 @ Hornby Dr";49.089392;-122.962174
"311";1;4;"Eastbound Hwy 10 @ 96 St";49.091636;-122.956475
"311";1;5;"Eastbound Hwy 10 @ 104 St";49.095873;-122.934212
"311";1;6;"Eastbound Hwy 10 @ 112 St";49.098213;-122.912233
"311";1;7;"Northbound Scott Rd @ Hwy 10";49.109116;-122.890248
"311";1;8;"Northbound 120 St @ Boundary Park Gate";49.113367;-122.890245
"311";1;9;"Northbound Scott Rd @ 62 Ave";49.115855;-122.890228
"311";1;10;"Northbound Scott Rd @ 64 Ave";49.119783;-122.890201
"311";1;11;"Northbound Scott Rd @ 66 Ave";49.123259;-122.890191
"311";1;12;"Northbound Scott Rd @ 68 Ave";49.126984;-122.890187
"311";1;13;"Northbound Scott Rd @ 70 Ave";49.131043;-122.890178
"311";1;14;"Northbound Scott Rd @ 72 Ave";49.135869;-122.890168
"311";1;15;"Scottsdale Exchange @ Bay 1";49.137407;-122.88851
"312";0;1;"Scottsdale Exchange @ Bay 6";49.137661;-122.887792
"312";0;2;"Southbound Scott Rd @ 7300 Block";49.135716;-122.890542
"312";0;3;"Westbound 72 Ave @ Scott Rd";49.134174;-122.891097
"312";0;4;"Westbound 72 Ave @ 118 St";49.134087;-122.896338
"312";0;5;"Westbound 72 Ave @ 116 St";49.134021;-122.902151
"312";0;6;"Westbound 72 Ave @ 115 St";49.134002;-122.904771
"312";0;7;"Westbound 72 Ave @ 113 St";49.133968;-122.909432
"312";0;8;"Northbound 112 St @ 72A Ave";49.134599;-122.912551
"312";0;9;"Northbound 112 St @ 73A Ave";49.137482;-122.91256
"312";0;10;"Northbound 112 St @ Glenbrook Place";49.139722;-122.912547
"312";0;11;"Northbound 112 St @ Bridlington Dr";49.142706;-122.912523
"312";0;12;"Northbound 112 St @ 78A Ave";49.145667;-122.912483
"312";0;13;"Northbound 112 St @ 80 Ave";49.149113;-122.912439
"312";0;14;"Northbound 112 St @ 82 Ave";49.152508;-122.912368
"312";0;15;"Northbound 112 St @ 84 Ave";49.155371;-122.912284
"312";0;16;"Northbound 112 St @ 86 Ave";49.159956;-122.912283
"312";0;17;"Northbound 112 St @ 88 Ave";49.163752;-122.912285
"312";0;18;"Northbound 112 St @ 90 Ave";49.166484;-122.912268
"312";0;19;"Northbound 112 St @ 91 Ave";49.168987;-122.911819
"312";0;20;"Eastbound 92A Ave @ 112 St";49.171476;-122.91032
"312";0;21;"Northbound 114 St @ 92A Ave";49.171752;-122.90722
"312";0;22;"Northbound 114 St @ 94 Ave";49.174112;-122.906719
"312";0;23;"Northbound 114 St @ 95 Ave";49.175673;-122.90672
"312";0;24;"Eastbound 96 Ave @ 114 St";49.177055;-122.906137
"312";0;25;"Eastbound 96 Ave @ 118 St";49.177071;-122.895023
"312";0;26;"Northbound Scott Rd @ 96 Ave";49.177856;-122.889974
"312";0;27;"Northbound Scott Rd @ 98 Ave";49.181018;-122.890044
"312";0;28;"Northbound Scott Rd @ 99 Ave";49.183175;-122.890004
"312";0;29;"Northbound Scott Rd @ 103A Ave";49.191325;-122.890078
"312";0;30;"Northbound Scott Rd @ 104 Ave";49.194373;-122.887867
"312";0;31;"Northbound Scott Rd @ Old Yale Rd";49.198278;-122.883179
"312";0;32;"Northbound Scott Rd @ Lien Rd";49.200711;-122.880627
"312";0;33;"Scott Road Station @ Bay 1";49.204326;-122.875671
"312";1;1;"Westbound 96 Ave @ Scott Rd";49.177231;-122.890965
"312";1;2;"Westbound 96 Ave @ 116 St";49.177186;-122.901673
"312";1;3;"Southbound 114 St @ 95A Ave";49.176531;-122.906879
"312";1;4;"Southbound 114 St @ Dawson Cres";49.173425;-122.906874
"312";1;5;"Southbound 114 St @ 92A Ave";49.171565;-122.907455
"312";1;6;"Southbound 112 St @ 92A Ave";49.1713;-122.911158
"312";1;7;"Southbound 112 St @ 91 Ave";49.169169;-122.91193
"312";1;8;"Southbound 112 St @ 90 Ave";49.167281;-122.912436
"312";1;9;"Southbound 112 St @ 8800 Block";49.16438;-122.912455
"312";1;10;"Southbound 112 St @ Nordel Way";49.161542;-122.912449
"312";1;11;"Southbound 112 St @ 86 Ave";49.159269;-122.912452
"312";1;12;"Southbound 112 St @ 84 Ave";49.155111;-122.912492
"312";1;13;"Southbound 112 St @ 82 Ave";49.151964;-122.912536
"312";1;14;"Southbound 112 St @ 80 Ave";49.148382;-122.912621
"312";1;15;"Southbound 112 St @ 78A Ave";49.145041;-122.91266
"312";1;16;"Southbound 112 St @ Bridlington Dr";49.142167;-122.912696
"312";1;17;"Southbound 112 St @ 74A Ave";49.138009;-122.91272
"312";1;18;"Eastbound 72 Ave @ 11200 Block";49.133776;-122.912069
"312";1;19;"Eastbound 72 Ave @ 113 St";49.133836;-122.908002
"312";1;20;"Eastbound 72 Ave @ 114A St";49.133863;-122.904857
"312";1;21;"Eastbound 72 Ave @ 116 St";49.133902;-122.900393
"312";1;22;"Eastbound 72 Ave @ 118 St";49.133963;-122.895578
"312";1;23;"Eastbound 72 Ave @ Nicholson Rd";49.133945;-122.892351
"312";1;24;"Northbound Scott Rd @ 72 Ave";49.135869;-122.890168
"312";1;25;"Scottsdale Exchange @ Bay 1";49.137407;-122.88851
"314";0;1;"Eastbound 96 Ave @ Scott Rd";49.177023;-122.889399
"314";0;2;"Eastbound 96 Ave @ 122 St";49.177087;-122.884175
"314";0;3;"Eastbound 96 Ave @ 124 St";49.177099;-122.879647
"314";0;4;"Eastbound 96 Ave @ 125 St";49.177099;-122.87666
"314";0;5;"Eastbound 96 Ave @ 126 St";49.177077;-122.872995
"314";0;6;"Eastbound 96 Ave @ 128 St";49.177067;-122.867433
"314";0;7;"Eastbound 96 Ave @ Prince Charles Blvd";49.177045;-122.863567
"314";0;8;"Eastbound 96 Ave @ 130A St";49.17703;-122.86091
"314";0;9;"Eastbound 96 Ave @ 132 St";49.177019;-122.855987
"314";0;10;"Eastbound 96 Ave @ 134 St";49.176992;-122.850709
"314";0;11;"Northbound King George Blvd @ 96 Ave";49.177621;-122.845422
"314";0;12;"Northbound King George Blvd @ Fraser Hwy";49.181116;-122.845247
"314";0;13;"King George Station @ Bay 4";49.182677;-122.845166
"314";0;14;"Surrey Central Station @ Bay 1 Unloading Only";49.188852;-122.848203
"314";1;1;"Surrey Central Station @ Bay 14";49.189133;-122.847582
"314";1;2;"King George Station @ Bay 1";49.182376;-122.845722
"314";1;3;"Southbound King George Blvd @ 98 Ave";49.179601;-122.845814
"314";1;4;"Westbound 96 Ave @ King George Blvd";49.177135;-122.847002
"314";1;5;"Westbound 96 Ave @ 134 St";49.177159;-122.851794
"314";1;6;"Westbound 96 Ave @ 132 St";49.177197;-122.857325
"314";1;7;"Westbound 96 Ave @ 130 St";49.177222;-122.861965
"314";1;8;"Westbound 96 Ave @ Prince Charles Blvd";49.177237;-122.864648
"314";1;9;"Westbound 96 Ave @ 128 St";49.177263;-122.868763
"314";1;10;"Westbound 96 Ave @ 126 St";49.177262;-122.874198
"314";1;11;"Southbound 124 St @ 96 Ave";49.176738;-122.879336
"314";1;12;"Southbound 124 St @ 95 Ave";49.175188;-122.879321
"314";1;13;"Southbound 124 St @ Iona Place";49.17346;-122.879333
"314";1;14;"Southbound 124 St @ 93 Ave";49.171566;-122.879346
"314";1;15;"Westbound 92 Ave @ 124 St";49.170308;-122.879957
"314";1;16;"Westbound 92 Ave @ 122 St";49.170412;-122.885182
"314";1;17;"Westbound 92 Ave @ Scott Rd";49.17049;-122.88922
"314";1;18;"Northbound Scott Rd @ 93A Ave";49.173249;-122.890031
"314";1;19;"Eastbound 96 Ave @ Scott Rd";49.177023;-122.889399
"316";0;1;"Scottsdale Exchange @ Bay 2";49.137505;-122.888277
"316";0;2;"Southbound Scott Rd @ 7300 Block";49.135716;-122.890542
"316";0;3;"Westbound 72 Ave @ Scott Rd";49.134174;-122.891097
"316";0;4;"Westbound 72 Ave @ 118 St";49.134087;-122.896338
"316";0;5;"Northbound 116 St @ 72A Ave";49.135118;-122.901365
"316";0;6;"Northbound 116 St @ 73A Ave";49.136763;-122.901358
"316";0;7;"Northbound 116 St @ 75A Ave";49.140629;-122.901336
"316";0;8;"Northbound 116 St @ 76A Ave";49.142388;-122.901338
"316";0;9;"Northbound 116 St @ 77A Ave";49.144598;-122.901344
"316";0;10;"Northbound 116 St @ 78A Ave";49.146469;-122.901359
"316";0;11;"Northbound 116 St @ 80 Ave";49.149013;-122.901357
"316";0;12;"Northbound 116 St @ 82 Ave";49.152862;-122.901402
"316";0;13;"Northbound 116 St @ 84 Ave";49.156167;-122.901462
"316";0;14;"Northbound 116 St @ 86 Ave";49.159986;-122.902042
"316";0;15;"Northbound 116 St @ Nordel Way";49.162091;-122.90202
"316";0;16;"Northbound 116 St @ 88 Ave";49.163587;-122.902042
"316";0;17;"Northbound 116 St @ 90 Ave";49.167264;-122.901588
"316";0;18;"Northbound 116 St @ 9000 Block";49.169216;-122.901186
"316";0;19;"Northbound 116 St @ 92 Ave";49.170833;-122.901159
"316";0;20;"Northbound 116 St @ 94 Ave";49.174037;-122.901105
"316";0;21;"Eastbound 96 Ave @ 118 St";49.177071;-122.895023
"316";0;22;"Eastbound 96 Ave @ Scott Rd";49.177023;-122.889399
"316";0;23;"Eastbound 96 Ave @ 122 St";49.177087;-122.884175
"316";0;24;"Northbound 123A St @ 96 Ave";49.177729;-122.880413
"316";0;25;"Northbound 123A St @ 98 Ave";49.181312;-122.880409
"316";0;26;"Northbound 123A St @ 99 Ave";49.183104;-122.880403
"316";0;27;"Eastbound 100 Ave @ 123A St";49.184389;-122.87992
"316";0;28;"Eastbound 100 Ave @ 124B St";49.184458;-122.875767
"316";0;29;"Eastbound 100 Ave @ Helen Dr";49.184439;-122.872619
"316";0;30;"Eastbound 100 Ave @ 128 St";49.184382;-122.867079
"316";0;31;"Eastbound 100 Ave @ 130 St";49.184366;-122.861709
"316";0;32;"Northbound 132 St @ 100 Ave";49.184856;-122.856416
"316";0;33;"Eastbound Old Yale Rd @ 132 St";49.187432;-122.855723
"316";0;34;"Northbound University Dr @ Old Yale Rd";49.186513;-122.851544
"316";0;35;"Surrey Central Station @ Bay 1 Unloading Only";49.188852;-122.848203
"316";1;1;"Surrey Central Station @ Bay 7";49.188956;-122.849103
"316";1;2;"Southbound University Dr @ 10100 Block";49.187503;-122.851472
"316";1;3;"Westbound Old Yale Rd @ University Dr";49.186348;-122.85232
"316";1;4;"Southbound 132 St @ Old Yale Rd";49.187331;-122.856596
"316";1;5;"Westbound 100 Ave @ 132 St";49.184476;-122.857499
"316";1;6;"Westbound 100 Ave @ 129A St";49.184484;-122.862697
"316";1;7;"Westbound 100 Ave @ 128 St";49.184511;-122.868167
"316";1;8;"Westbound 100 Ave @ Helen Dr";49.184551;-122.87309
"316";1;9;"Westbound 100 Ave @ 124B St";49.184586;-122.876926
"316";1;10;"Southbound 123A St @ 100 Ave";49.183973;-122.880587
"316";1;11;"Southbound 123A St @ 99 Ave";49.182279;-122.8806
"316";1;12;"Southbound 123A St @ 98 Ave";49.180164;-122.8806
"316";1;13;"Southbound 123A St @ 96 Ave";49.177565;-122.880597
"316";1;14;"Westbound 96 Ave @ 122 St";49.177234;-122.885246
"316";1;15;"Westbound 96 Ave @ Scott Rd";49.177231;-122.890965
"316";1;16;"Southbound 116 St @ 96 Ave";49.176744;-122.901266
"316";1;17;"Southbound 116 St @ 94 Ave";49.173358;-122.901319
"316";1;18;"Southbound 116 St @ 92 Ave";49.170253;-122.901372
"316";1;19;"Southbound 116 St @ 9000 Block";49.169128;-122.901383
"316";1;20;"Southbound 116 St @ 90 Ave";49.16626;-122.902164
"316";1;21;"Southbound 116 St @ 88 Ave";49.162894;-122.902251
"316";1;22;"Southbound 116 St @ 87 Ave";49.161251;-122.902265
"316";1;23;"Southbound 116 St @ 86 Ave";49.159086;-122.902243
"316";1;24;"Southbound 116 St @ 84 Ave";49.155549;-122.901662
"316";1;25;"Southbound 116 St @ 82 Ave";49.152873;-122.901627
"316";1;26;"Southbound 116 St @ 80 Ave";49.148289;-122.901566
"316";1;27;"Southbound 116 St @ 78A Ave";49.145716;-122.901552
"316";1;28;"Southbound 116 St @ 77A Ave";49.14358;-122.901542
"316";1;29;"Southbound 116 St @ 76A Ave";49.141582;-122.901534
"316";1;30;"Southbound 116 St @ 75A Ave";49.139763;-122.901539
"316";1;31;"Southbound 116 St @ 73A Ave";49.135816;-122.901578
"316";1;32;"Eastbound 72 Ave @ 116 St";49.133902;-122.900393
"316";1;33;"Eastbound 72 Ave @ 118 St";49.133963;-122.895578
"316";1;34;"Eastbound 72 Ave @ Nicholson Rd";49.133945;-122.892351
"316";1;35;"Northbound Scott Rd @ 72 Ave";49.135869;-122.890168
"316";1;36;"Scottsdale Exchange @ Bay 6";49.137661;-122.887792
"319";0;1;"Newton Exchange @ Bay 1";49.133306;-122.841764
"319";0;2;"Westbound 72 Ave @ King George Blvd";49.13365;-122.847036
"319";0;3;"Westbound 72 Ave @ Comber Way";49.133727;-122.851646
"319";0;4;"Westbound 72 Ave @ 132 St";49.133813;-122.857236
"319";0;5;"Westbound 72 Ave @ 130 St";49.133907;-122.862851
"319";0;6;"Westbound 72 Ave @ 128 St";49.13399;-122.868518
"319";0;7;"Westbound 72 Ave @ 126 St";49.134014;-122.873867
"319";0;8;"Westbound 72 Ave @ 124 St";49.134034;-122.879754
"319";0;9;"Westbound 72 Ave @ 122A St";49.134092;-122.883912
"319";0;10;"Northbound 122 St @ 7300 Block";49.135461;-122.884518
"319";0;11;"Scottsdale Exchange @ Bay 7";49.137551;-122.888021
"319";0;12;"Northbound Scott Rd @ 7300 Block";49.137495;-122.890164
"319";0;13;"Northbound Scott Rd @ 75A Ave";49.140469;-122.890173
"319";0;14;"Northbound Scott Rd @ 76A Ave";49.142807;-122.890161
"319";0;15;"Northbound Scott Rd @ 7800 Block";49.146263;-122.890209
"319";0;16;"Northbound Scott Rd @ 80 Ave";49.148951;-122.890181
"319";0;17;"Northbound Scott Rd @ 82 Ave";49.152557;-122.890187
"319";0;18;"Northbound Scott Rd @ 84 Ave";49.156256;-122.890181
"319";0;19;"Northbound Scott Rd @ 86 Ave";49.159865;-122.89018
"319";0;20;"Northbound Scott Rd @ Nordel Way";49.162457;-122.890176
"319";0;21;"Northbound Scott Rd @ 90 Ave";49.167342;-122.890117
"319";0;22;"Northbound Scott Rd @ Holt Rd";49.169575;-122.890094
"319";0;23;"Northbound Scott Rd @ 93A Ave";49.173249;-122.890031
"319";0;24;"Northbound Scott Rd @ 96 Ave";49.177856;-122.889974
"319";0;25;"Northbound Scott Rd @ 98 Ave";49.181018;-122.890044
"319";0;26;"Northbound Scott Rd @ 99 Ave";49.183175;-122.890004
"319";0;27;"Northbound Scott Rd @ 103A Ave";49.191325;-122.890078
"319";0;28;"Northbound Scott Rd @ 104 Ave";49.194373;-122.887867
"319";0;29;"Northbound Scott Rd @ Old Yale Rd";49.198278;-122.883179
"319";0;30;"Scott Road Station @ Bay 1";49.204326;-122.875671
"319";1;1;"Scott Road Station @ Bay 4";49.204467;-122.874595
"319";1;2;"Southbound Scott Rd @ Old Yale Rd";49.198469;-122.883545
"319";1;3;"Southbound Scott Rd @ Tannery Rd";49.19348;-122.889466
"319";1;4;"Southbound Scott Rd @ 103A Ave";49.189504;-122.890486
"319";1;5;"Southbound Scott Rd @ 99 Ave";49.181778;-122.890406
"319";1;6;"Southbound Scott Rd @ 96 Ave";49.176272;-122.890321
"319";1;7;"Southbound Scott Rd @ 93A Ave";49.172243;-122.890403
"319";1;8;"Southbound Scott Rd @ 92 Ave";49.170175;-122.890437
"319";1;9;"Southbound Scott Rd @ 90 Ave";49.166456;-122.890487
"319";1;10;"Southbound Scott Rd @ Nordel Way";49.161084;-122.890541
"319";1;11;"Southbound Scott Rd @ 86 Ave";49.159214;-122.890546
"319";1;12;"Southbound Scott Rd @ 84 Ave";49.155682;-122.890557
"319";1;13;"Southbound Scott Rd @ 82 Ave";49.151959;-122.890541
"319";1;14;"Southbound Scott Rd @ 80 Ave";49.148954;-122.890537
"319";1;15;"Southbound Scott Rd @ 7800 Block";49.145523;-122.890537
"319";1;16;"Southbound Scott Rd @ 76A Ave";49.142456;-122.890539
"319";1;17;"Southbound Scott Rd @ 75A Ave";49.139911;-122.890538
"319";1;18;"Scottsdale Exchange @ Bay 4";49.137718;-122.887834
"319";1;19;"Southbound 122 St @ 7300 Block";49.13569;-122.884707
"319";1;20;"Eastbound 72 Ave @ 122 St";49.133911;-122.884144
"319";1;21;"Eastbound 72 Ave @ 124 St";49.133843;-122.878625
"319";1;22;"Eastbound 72 Ave @ 126 St";49.133793;-122.872472
"319";1;23;"Eastbound 72 Ave @ 128 St";49.133786;-122.87006
"319";1;24;"Eastbound 72 Ave @ 130 St";49.13371;-122.861846
"319";1;25;"Eastbound 72 Ave @ 132 St";49.133614;-122.85617
"319";1;26;"Eastbound 72 Ave @ 134 St";49.133538;-122.851395
"319";1;27;"Eastbound 72 Ave @ King George Blvd";49.133436;-122.844422
"319";1;28;"Newton Exchange @ Bay 5";49.133426;-122.842328
"320";0;1;"Surrey Central Station @ Bay 5";49.188845;-122.849625
"320";0;2;"Eastbound 104 Ave @ University Dr";49.191534;-122.848841
"320";0;3;"Eastbound 104 Ave @ King George Blvd";49.191515;-122.844162
"320";0;4;"Eastbound 104 Ave @ Whalley Blvd";49.191475;-122.84108
"320";0;5;"Eastbound 104 Ave @ 139 St";49.191424;-122.837192
"320";0;6;"Eastbound 104 Ave @ 140 St";49.191383;-122.833623
"320";0;7;"Eastbound 104 Ave @ 142 St";49.191416;-122.828132
"320";0;8;"Eastbound 104 Ave @ 144 St";49.191438;-122.822383
"320";0;9;"Eastbound 104 Ave @ 146 St";49.191389;-122.816828
"320";0;10;"Eastbound 104 Ave @ 148 St";49.191406;-122.81188
"320";0;11;"Eastbound 104 Ave @ 149 St";49.191403;-122.808821
"320";0;12;"Eastbound 104 Ave @ 150 St";49.191359;-122.805799
"320";0;13;"Guildford Exchange @ Bay 1";49.191353;-122.803459
"320";0;14;"Southbound 152 St @ 104 Ave";49.190921;-122.801015
"320";0;15;"Southbound 152 St @ 102A Ave";49.188425;-122.801082
"320";0;16;"Southbound 152 St @ 101 Ave";49.185638;-122.80104
"320";0;17;"Southbound 152 St @ 100 Ave";49.183554;-122.80111
"320";0;18;"Southbound 152 St @ 98 Ave";49.180098;-122.801109
"320";0;19;"Southbound 152 St @ 96 Ave";49.17642;-122.801175
"320";0;20;"Southbound 152 St @ 94 Ave";49.17319;-122.801289
"320";0;21;"Southbound 152 St @ 93 Ave";49.171587;-122.80135
"320";0;22;"Southbound 152 St @ 91A Ave";49.168827;-122.801443
"320";0;23;"Eastbound Fraser Hwy @ 152 St";49.165595;-122.800462
"320";0;24;"Eastbound Fraser Hwy @ Fleetwood Way";49.164444;-122.797527
"320";0;25;"Eastbound Fraser Hwy @ 156 St";49.1613;-122.789383
"320";0;26;"Eastbound Fraser Hwy @ 158 St";49.159462;-122.784641
"320";0;27;"Eastbound Fraser Hwy @ Venture Way";49.15832;-122.781689
"320";0;28;"Eastbound Fraser Hwy @ 160 St";49.156721;-122.777564
"320";0;29;"Eastbound Fraser Hwy @ 84 Ave";49.15533;-122.773989
"320";0;30;"Eastbound Fraser Hwy @ 164 St";49.152531;-122.766881
"320";0;31;"Eastbound Fraser Hwy @ 166 St";49.150456;-122.76161
"320";0;32;"Southbound 168 St @ 80 Ave";49.146242;-122.756697
"320";0;33;"Southbound 168 St @ 66 Ave";49.122255;-122.756625
"320";0;34;"Southbound 168 St @ 64 Ave";49.118374;-122.756701
"320";0;35;"Southbound 168 St @ 63 Ave";49.116176;-122.756736
"320";0;36;"Eastbound 60 Ave @ 168 St";49.111464;-122.75605
"320";0;37;"Eastbound 60 Ave @ 170 St";49.111471;-122.750919
"320";0;38;"Eastbound 60 Ave @ 172 St";49.111444;-122.745318
"320";0;39;"Eastbound 60 Ave @ 174 St";49.111433;-122.740041
"320";0;40;"Eastbound 60 Ave @ 175A St";49.111412;-122.736565
"320";0;41;"Southbound 176 St @ 60 Ave";49.110491;-122.735078
"320";0;42;"Eastbound 58 Ave @ 176 St";49.107725;-122.734514
"320";0;43;"Eastbound 58 Ave @ 176A St";49.10772;-122.732784
"320";0;44;"Northbound 177B St @ 58 Ave";49.108222;-122.730183
"320";0;45;"Northbound 177B St @ 59A Ave";49.110864;-122.730197
"320";0;46;"Eastbound 60 Ave @ 180 St";49.111364;-122.723195
"320";0;47;"Eastbound 60 Ave @ 182 St";49.11136;-122.717882
"320";0;48;"Eastbound 60 Ave @ 184 St";49.11135;-122.711742
"320";0;49;"Eastbound 60 Ave @ 185B St";49.111322;-122.707867
"320";0;50;"Eastbound 60 Ave @ 188 St";49.111262;-122.701146
"320";0;51;"Eastbound 60 Ave @ 189A St";49.111258;-122.69704
"320";0;52;"Eastbound 60 Ave @ 192 St";49.111237;-122.689257
"320";0;53;"Eastbound 60 Ave @ Enterprise Way";49.11122;-122.685449
"320";0;54;"Eastbound Fraser Hwy @ 196 St";49.113333;-122.67881
"320";0;55;"Eastbound Fraser Hwy @ Langley Bypass";49.111322;-122.674404
"320";0;56;"Eastbound Fraser Hwy @ Production Way";49.10983;-122.671076
"320";0;57;"Southbound 200 St @ Fraser Hwy";49.10853;-122.66888
"320";0;58;"Eastbound 56 Ave @ 200 St";49.104254;-122.668141
"320";0;59;"Eastbound 56 Ave @ 201A St";49.104222;-122.66365
"320";0;60;"Northbound 203 St @ 56 Ave";49.104589;-122.660102
"320";0;61;"Northbound 203 St @ Fraser Hwy";49.105966;-122.659978
"320";0;62;"Eastbound Logan Ave @ 203A St";49.107721;-122.657685
"320";0;63;"Langley Centre @ Bay 2";49.106169;-122.654028
"320";1;1;"Langley Centre @ Bay 2";49.106169;-122.654028
"320";1;2;"Westbound Douglas Cres @ 204 St";49.103635;-122.657813
"320";1;3;"Westbound 56 Ave @ 203 St";49.104386;-122.66168
"320";1;4;"Westbound 56 Ave @ 201A St";49.104398;-122.66477
"320";1;5;"Northbound 200 St @ 56 Ave";49.105065;-122.668657
"320";1;6;"Westbound Fraser Hwy @ Production Way";49.11001;-122.670995
"320";1;7;"Westbound Fraser Hwy @ Langley Bypass";49.111568;-122.674447
"320";1;8;"Southbound 196 St @ Fraser Hwy";49.113418;-122.680068
"320";1;9;"Westbound 60 Ave @ 196 St";49.111311;-122.680862
"320";1;10;"Westbound 60 Ave @ 194A St";49.111342;-122.685765
"320";1;11;"Westbound 60 Ave @ 192 St";49.11139;-122.692137
"320";1;12;"Westbound 60 Ave @ 190 St";49.111379;-122.696866
"320";1;13;"Westbound 60 Ave @ 188 St";49.111403;-122.702445
"320";1;14;"Westbound 60 Ave @ 186 St";49.111443;-122.707549
"320";1;15;"Westbound 60 Ave @ 184 St";49.11149;-122.713126
"320";1;16;"Westbound 60 Ave @ 182 St";49.111478;-122.718612
"320";1;17;"Westbound 60 Ave @ 180 St";49.111512;-122.724292
"320";1;18;"Westbound 60 Ave @ 179 St";49.111524;-122.727349
"320";1;19;"Southbound 177B St @ 59A Ave";49.110711;-122.730407
"320";1;20;"Southbound 177B St @ 58A Ave";49.10843;-122.730399
"320";1;21;"Westbound 58 Ave @ 177B St";49.107855;-122.730925
"320";1;22;"Westbound 58 Ave @ 176A St";49.107856;-122.733279
"320";1;23;"Northbound Cloverdale Bypass @ 58 Ave";49.108571;-122.735851
"320";1;24;"Westbound 60 Ave @ 176 St";49.111563;-122.735856
"320";1;25;"Westbound 60 Ave @ 174 St";49.111543;-122.739311
"320";1;26;"Westbound 60 Ave @ 173B St";49.111554;-122.742199
"320";1;27;"Westbound 60 Ave @ 172 St";49.111567;-122.745276
"320";1;28;"Westbound 60 Ave @ 170 St";49.111584;-122.751778
"320";1;29;"Northbound 168 St @ 60 Ave";49.111876;-122.756515
"320";1;30;"Northbound 168 St @ 63 Ave";49.117143;-122.756436
"320";1;31;"Northbound 168 St @ 64 Ave";49.119259;-122.756411
"320";1;32;"Northbound 168 St @ 78A Ave";49.145639;-122.756474
"320";1;33;"Westbound Fraser Hwy @ 168 St";49.148563;-122.757285
"320";1;34;"Westbound Fraser Hwy @ 166 St";49.15061;-122.761434
"320";1;35;"Westbound Fraser Hwy @ 164 St";49.153407;-122.768544
"320";1;36;"Westbound Fraser Hwy @ 84 Ave";49.155963;-122.775055
"320";1;37;"Westbound Fraser Hwy @ 159 St";49.158569;-122.78184
"320";1;38;"Westbound Fraser Hwy @ 158 St";49.160072;-122.785641
"320";1;39;"Westbound Fraser Hwy @ 156 St";49.162452;-122.791705
"320";1;40;"Westbound Fraser Hwy @ Fleetwood Way";49.165047;-122.798497
"320";1;41;"Northbound 152 St @ Fraser Hwy";49.167156;-122.80124
"320";1;42;"Northbound 152 St @ 91 Ave";49.168579;-122.801188
"320";1;43;"Northbound 152 St @ 92 Ave";49.170427;-122.801131
"320";1;44;"Northbound 152 St @ 93 Ave";49.172097;-122.801068
"320";1;45;"Northbound 152 St @ 94 Ave";49.173796;-122.801005
"320";1;46;"Northbound 152 St @ 96 Ave";49.177204;-122.800892
"320";1;47;"Northbound 152 St @ 98 Ave";49.180299;-122.800852
"320";1;48;"Northbound 152 St @ 100 Ave";49.18464;-122.800733
"320";1;49;"Northbound 152 St @ 101 Ave";49.186973;-122.800723
"320";1;50;"Northbound 152 St @ 102A Ave";49.189006;-122.800757
"320";1;51;"Westbound 104 Ave @ 152 St";49.191596;-122.801592
"320";1;52;"Guildford Exchange @ Bay 2";49.191632;-122.804013
"320";1;53;"Westbound 104 Ave @ 150 St";49.191561;-122.80711
"320";1;54;"Westbound 104 Ave @ 148 St";49.191583;-122.813065
"320";1;55;"Westbound 104 Ave @ 146 St";49.191599;-122.818464
"320";1;56;"Westbound 104 Ave @ 144 St";49.191605;-122.824345
"320";1;57;"Westbound 104 Ave @ 142 St";49.191587;-122.828988
"320";1;58;"Westbound 104 Ave @ 140 St";49.191566;-122.834607
"320";1;59;"Westbound 104 Ave @ 138A St";49.191611;-122.838233
"320";1;60;"Westbound 104 Ave @ Whalley Blvd";49.191674;-122.842718
"320";1;61;"Surrey Central Station @ Bay 12";49.189699;-122.847774
"321";0;1;"Westbound Thrift Ave @ Johnston Rd";49.027624;-122.802635
"321";0;2;"Westbound Thrift Ave @ Foster St";49.027648;-122.804416
"321";0;3;"Westbound Thrift Ave @ Blackwood St";49.027654;-122.80721
"321";0;4;"Northbound Oxford St @ Goggs Ave";49.028478;-122.812092
"321";0;5;"Northbound Oxford St @ Russell Ave";49.029756;-122.812115
"321";0;6;"Eastbound North Bluff Rd @ Oxford St";49.031041;-122.811604
"321";0;7;"Eastbound North Bluff Rd @ Everall St";49.031037;-122.809085
"321";0;8;"Eastbound North Bluff Rd @ Blackwood St";49.031024;-122.806207
"321";0;9;"White Rock Centre @ Bay 7";49.032418;-122.80105
"321";0;10;"Northbound 152 St @ 18 Ave";49.035149;-122.801054
"321";0;11;"Northbound 152 St @ 19 Ave";49.036828;-122.801046
"321";0;12;"Northbound 152 St @ 20 Ave";49.038752;-122.801057
"321";0;13;"Northbound 152 St @ 22 Ave";49.041836;-122.801076
"321";0;14;"Northbound 152 St @ 24 Ave";49.046065;-122.801068
"321";0;15;"Northbound 152 St @ 26 Ave";49.049294;-122.801075
"321";0;16;"Northbound King George Blvd @ 152 St";49.052918;-122.80241
"321";0;17;"Northbound King George Blvd @ 2900 Block";49.056058;-122.806412
"321";0;18;"Northbound King George Blvd @ 32 Ave Diversion";49.059548;-122.810627
"321";0;19;"Northbound King George Blvd @ 148 St";49.06158;-122.813185
"321";0;20;"Northbound King George Blvd @ 34 Ave";49.065177;-122.81765
"321";0;21;"Northbound King George Blvd @ Crescent Rd";49.067997;-122.82107
"321";0;22;"South Surrey Park & Ride @ Bay 4";49.07214;-122.822421
"321";0;23;"Northbound King George Blvd @ 40 Ave";49.078573;-122.82134
"321";0;24;"Northbound King George Blvd @ 44 Ave";49.082361;-122.820319
"321";0;25;"Northbound King George Blvd @ 5000 Block";49.094553;-122.817737
"321";0;26;"Northbound King George Blvd @ Hwy 10";49.105588;-122.832314
"321";0;27;"Northbound King George Blvd @ 58A Ave";49.108819;-122.836312
"321";0;28;"Northbound King George Blvd @ 60 Ave";49.112374;-122.840708
"321";0;29;"Northbound King George Blvd @ 62 Ave";49.115864;-122.844504
"321";0;30;"Northbound King George Blvd @ 64 Ave";49.119635;-122.84533
"321";0;31;"Northbound King George Blvd @ 6700 Block";49.123732;-122.845337
"321";0;32;"Eastbound 68 Ave @ King George Blvd";49.126139;-122.844106
"321";0;33;"Northbound 138 St @ Hyland Rd";49.12659;-122.841079
"321";0;34;"Northbound 138 St @ 68 Ave";49.127726;-122.83952
"321";0;35;"Northbound 138 St @ 70 Ave";49.130265;-122.838491
"321";0;36;"Northbound 138 St @ 7100 Block";49.132071;-122.838498
"321";0;37;"Westbound 72 Ave @ 138 St";49.133676;-122.839219
"321";0;38;"Newton Exchange @ Bay 2";49.133299;-122.842037
"321";0;39;"Northbound King George Blvd @ 72 Ave";49.134337;-122.845418
"321";0;40;"Northbound King George Blvd @ 74 Ave";49.139042;-122.845387
"321";0;41;"Northbound King George Blvd @ 76 Ave";49.14148;-122.845465
"321";0;42;"Northbound King George Blvd @ 78 Ave";49.143803;-122.84549
"321";0;43;"Northbound King George Blvd @ 80 Ave";49.147573;-122.845487
"321";0;44;"Northbound King George Blvd @ 81 Ave";49.150349;-122.845516
"321";0;45;"Northbound King George Blvd @ 8200 Block";49.153462;-122.845541
"321";0;46;"Northbound King George Blvd @ 84 Ave";49.156418;-122.845572
"321";0;47;"Northbound King George Blvd @ 8600 Block";49.159697;-122.845586
"321";0;48;"Northbound King George Blvd @ 88 Ave";49.163422;-122.845609
"321";0;49;"Northbound King George Blvd @ 91 Ave";49.167154;-122.845634
"321";0;50;"Northbound King George Blvd @ 92 Ave";49.170934;-122.845659
"321";0;51;"Northbound King George Blvd @ 9300 Block";49.172706;-122.845677
"321";0;52;"Northbound King George Blvd @ 94A Ave";49.175231;-122.845616
"321";0;53;"Northbound King George Blvd @ 96 Ave";49.177621;-122.845422
"321";0;54;"Northbound King George Blvd @ Fraser Hwy";49.181116;-122.845247
"321";0;55;"King George Station @ Bay 4";49.182677;-122.845166
"321";0;56;"Northbound King George Blvd @ 100 Ave";49.184619;-122.84523
"321";0;57;"Northbound King George Blvd @ 102 Ave";49.18822;-122.845209
"321";0;58;"Surrey Central Station @ Bay 12";49.189699;-122.847774
"321";1;1;"Surrey Central Station @ Bay 12";49.189699;-122.847774
"321";1;2;"Southbound University Dr @ 10100 Block";49.187503;-122.851472
"321";1;3;"Eastbound Old Yale Rd @ University Dr";49.185705;-122.851078
"321";1;4;"Eastbound Old Yale Rd @ 13500 Block";49.184316;-122.847504
"321";1;5;"King George Station @ Bay 1";49.182376;-122.845722
"321";1;6;"Southbound King George Blvd @ 98 Ave";49.179601;-122.845814
"321";1;7;"Southbound King George Blvd @ 96 Ave";49.176019;-122.846016
"321";1;8;"Southbound King George Blvd @ 94A Ave";49.17367;-122.846025
"321";1;9;"Southbound King George Blvd @ 92 Ave";49.168824;-122.846016
"321";1;10;"Southbound King George Blvd @ 8900 Block";49.165841;-122.845994
"321";1;11;"Southbound King George Blvd @ 88 Ave";49.161766;-122.84599
"321";1;12;"Southbound King George Blvd @ 8600 Block";49.15941;-122.845947
"321";1;13;"Southbound King George Blvd @ 84 Ave";49.154889;-122.845938
"321";1;14;"Southbound King George Blvd @ 8200 Block";49.153166;-122.845909
"321";1;15;"Southbound King George Blvd @ 8100 Block";49.151185;-122.845895
"321";1;16;"Southbound King George Blvd @ 80 Ave";49.147239;-122.845901
"321";1;17;"Southbound King George Blvd @ 77 Ave";49.14321;-122.845847
"321";1;18;"Southbound King George Blvd @ 76 Ave";49.140079;-122.845817
"321";1;19;"Southbound King George Blvd @ 73A Ave";49.136796;-122.845797
"321";1;20;"Eastbound 72 Ave @ King George Blvd";49.133436;-122.844422
"321";1;21;"Newton Exchange @ Bay 6";49.133429;-122.842059
"321";1;22;"Southbound 138 St @ 72 Ave";49.133131;-122.838766
"321";1;23;"Southbound 138 St @ 7100 Block";49.131503;-122.838774
"321";1;24;"Southbound 138 St @ 70 Ave";49.129624;-122.838773
"321";1;25;"Southbound 138 St @ 6800 Block";49.126964;-122.840933
"321";1;26;"Southbound King George Blvd @ 68 Ave";49.125328;-122.845723
"321";1;27;"Southbound King George Blvd @ 6500 Block";49.122747;-122.845702
"321";1;28;"Southbound King George Blvd @ 64 Ave";49.117854;-122.845637
"321";1;29;"Southbound King George Blvd @ 62 Ave";49.114684;-122.843928
"321";1;30;"Southbound King George Blvd @ 60 Ave";49.111472;-122.840031
"321";1;31;"Southbound King George Blvd @ 58 Ave";49.107904;-122.83566
"321";1;32;"Southbound King George Blvd @ Hwy 10";49.105362;-122.832684
"321";1;33;"Southbound King George Blvd @ 4900 Block";49.092767;-122.817875
"321";1;34;"Southbound King George Blvd @ 44 Ave";49.081482;-122.820801
"321";1;35;"Southbound King George Blvd @ 40 Ave";49.078422;-122.821752
"321";1;36;"South Surrey Park & Ride @ Bay 2";49.071748;-122.822308
"321";1;37;"Southbound King George Blvd @ Crescent Rd";49.0669;-122.820133
"321";1;38;"Southbound King George Blvd @ 34 Ave";49.064327;-122.816986
"321";1;39;"Southbound King George Blvd @ 32 Ave";49.060991;-122.812831
"321";1;40;"Southbound King George Blvd @ 32 Ave Diversion";49.058138;-122.809349
"321";1;41;"Southbound King George Blvd @ 2900 Block";49.055845;-122.806399
"321";1;42;"Southbound King George Blvd @ 28 Ave";49.05333;-122.803395
"321";1;43;"Southbound 152 St @ King George Blvd";49.051291;-122.801422
"321";1;44;"Southbound 152 St @ 26 Ave";49.048714;-122.80135
"321";1;45;"Southbound 152 St @ 24 Ave";49.045126;-122.801341
"321";1;46;"Southbound 152 St @ 22 Ave";49.041716;-122.801327
"321";1;47;"Southbound 152 St @ 20 Ave";49.038079;-122.801352
"321";1;48;"Southbound 152 St @ 19 Ave";49.036259;-122.801323
"321";1;49;"Southbound 152 St @ 18 Ave";49.034373;-122.801329
"321";1;50;"Southbound White Rock Centre @ Bay 11";49.032567;-122.801322
"321";1;51;"White Rock Centre @ Bay 3";49.030718;-122.801296
"321";1;52;"Westbound Thrift Ave @ Johnston Rd";49.027624;-122.802635
"322";0;1;"Scottsdale Exchange @ Bay 1";49.137407;-122.88851
"322";0;2;"Southbound 122 St @ 7300 Block";49.13569;-122.884707
"322";0;3;"Eastbound 72 Ave @ 122 St";49.133911;-122.884144
"322";0;4;"Eastbound 72 Ave @ 124 St";49.133843;-122.878625
"322";0;5;"Eastbound 72 Ave @ 126 St";49.133793;-122.872472
"322";0;6;"Southbound 128 St @ 72 Ave";49.133392;-122.867978
"322";0;7;"Southbound 128 St @ 7000 Block";49.131129;-122.867965
"322";0;8;"Southbound 128 St @ 69A Ave";49.129199;-122.867948
"322";0;9;"Southbound 128 St @ 68 Ave";49.126271;-122.86793
"322";0;10;"Southbound 128 St @ 66 Ave";49.122364;-122.867929
"322";0;11;"Southbound 128 St @ 64 Ave";49.118538;-122.867994
"322";0;12;"Southbound 128 St @ 62 Ave";49.115147;-122.867982
"322";0;13;"Southbound 128 St @ 60 Ave";49.11234;-122.867983
"322";0;14;"Westbound 60 Ave @ 126 St";49.111851;-122.873913
"322";0;15;"Southbound 124 St @ 59A Ave";49.110572;-122.879193
"322";0;16;"Southbound 124 St @ 58A Ave";49.108542;-122.879218
"322";0;17;"Southbound Scott Rd @ Preddy Dr";49.107341;-122.890514
"322";0;18;"Southbound Scott Rd @ McKee Dr";49.104062;-122.890462
"322";0;19;"Eastbound New McLellan Rd @ Hillside Rd";49.103028;-122.885247
"322";0;20;"Eastbound New McLellan Rd @ 123 St";49.10346;-122.881563
"322";0;21;"Eastbound New McLellan Rd @ 124 St";49.103985;-122.878743
"322";0;22;"Eastbound 56 Ave @ 125A St";49.104366;-122.874129
"322";0;23;"Eastbound 56 Ave @ 128 St";49.104457;-122.868058
"322";0;24;"Eastbound 56 Ave @ Coulthard Rd";49.104626;-122.862562
"322";0;25;"Northbound 132 St @ 56 Ave";49.105096;-122.856728
"322";0;26;"Northbound 132 St @ Hwy 10";49.108745;-122.856616
"322";0;27;"Northbound 132 St @ 60 Ave";49.112314;-122.856546
"322";0;28;"Northbound 132 St @ 62 Ave";49.115754;-122.856433
"322";0;29;"Northbound 132 St @ 64 Ave";49.119308;-122.856392
"322";0;30;"Northbound 132 St @ 66A Ave";49.123414;-122.856439
"322";0;31;"Northbound 132 St @ 68 Ave";49.126853;-122.856489
"322";0;32;"Northbound 132 St @ 69A Ave";49.129678;-122.856535
"322";0;33;"Northbound 132 St @ 70B Ave";49.131577;-122.856561
"322";0;34;"Eastbound 72 Ave @ 132 St";49.133614;-122.85617
"322";0;35;"Eastbound 72 Ave @ 134 St";49.133538;-122.851395
"322";0;36;"Eastbound 72 Ave @ King George Blvd";49.133436;-122.844422
"322";0;37;"Newton Exchange @ Bay 9";49.133098;-122.842704
"322";1;1;"Newton Exchange @ Bay 9";49.133098;-122.842704
"322";1;2;"Westbound 72 Ave @ King George Blvd";49.13365;-122.847036
"322";1;3;"Westbound 72 Ave @ Comber Way";49.133727;-122.851646
"322";1;4;"Southbound 132 St @ 72 Ave";49.133345;-122.856828
"322";1;5;"Southbound 132 St @ 70B Ave";49.130842;-122.856806
"322";1;6;"Southbound 132 St @ 69A Ave";49.128907;-122.856787
"322";1;7;"Southbound 132 St @ 68 Ave";49.126083;-122.856703
"322";1;8;"Southbound 132 St @ 65B Ave";49.12187;-122.856674
"322";1;9;"Southbound 132 St @ 64 Ave";49.118373;-122.856668
"322";1;10;"Southbound 132 St @ 62 Ave";49.115074;-122.856667
"322";1;11;"Southbound 132 St @ 60 Ave";49.111611;-122.856745
"322";1;12;"Eastbound Hwy 10 @ 132 St";49.108083;-122.855763
"322";1;13;"Eastbound Hwy 10 @ 13400 Block";49.108105;-122.850547
"322";1;14;"Southbound 136 St @ 5700 Block";49.106948;-122.845659
"322";1;15;"Westbound 56 Ave @ 136 St";49.105198;-122.846078
"322";1;16;"Westbound 56 Ave @ 13300 Block";49.104571;-122.852736
"322";1;17;"Westbound 56 Ave @ 132 St";49.104605;-122.857698
"322";1;18;"Westbound 56 Ave @ Coulthard Rd";49.10451;-122.863894
"322";1;19;"Westbound 56 Ave @ 128 St";49.104514;-122.867495
"322";1;20;"Westbound 56 Ave @ 125A St";49.10446;-122.875726
"322";1;21;"Westbound New McLellan Rd @ 124 St";49.103874;-122.879685
"322";1;22;"Westbound New McLellan Rd @ 123 St";49.103437;-122.882521
"322";1;23;"Westbound New McLellan Rd @ Hillside Rd";49.102959;-122.886411
"322";1;24;"Northbound Scott Rd @ 56 Ave";49.104989;-122.890274
"322";1;25;"Northbound Scott Rd @ Preddy Dr";49.107529;-122.890294
"322";1;26;"Northbound 124 St @ 58A Ave";49.108911;-122.879043
"322";1;27;"Northbound 124 St @ 60 Ave";49.111528;-122.879004
"322";1;28;"Eastbound 60 Ave @ 126 St";49.111737;-122.872683
"322";1;29;"Northbound 128 St @ 60 Ave";49.112064;-122.867704
"322";1;30;"Northbound 128 St @ 62 Ave";49.116187;-122.867704
"322";1;31;"Northbound 128 St @ 64 Ave";49.119475;-122.867702
"322";1;32;"Northbound 128 St @ 66 Ave";49.123152;-122.867677
"322";1;33;"Northbound 128 St @ 68 Ave";49.126877;-122.867653
"322";1;34;"Northbound 128 St @ 69A Ave";49.129721;-122.867682
"322";1;35;"Westbound 72 Ave @ 128 St";49.13399;-122.868518
"322";1;36;"Westbound 72 Ave @ 126 St";49.134014;-122.873867
"322";1;37;"Westbound 72 Ave @ 124 St";49.134034;-122.879754
"322";1;38;"Westbound 72 Ave @ 122A St";49.134092;-122.883912
"322";1;39;"Northbound 122 St @ 7300 Block";49.135461;-122.884518
"322";1;40;"Scottsdale Exchange @ Bay 6";49.137661;-122.887792
"323";0;1;"Newton Exchange @ Bay 11";49.133489;-122.841019
"323";0;2;"Northbound 138 St @ 72 Ave";49.133993;-122.838522
"323";0;3;"Northbound 138 St @ 74 Ave";49.137534;-122.838603
"323";0;4;"Northbound 138 St @ 76 Ave";49.140218;-122.840055
"323";0;5;"Westbound 76 Ave @ King George Blvd";49.140942;-122.843774
"323";0;6;"Westbound 76 Ave @ King George Blvd";49.140927;-122.846763
"323";0;7;"Westbound 76 Ave @ 134A St";49.140966;-122.850542
"323";0;8;"Westbound 76 Ave @ 13300 Block";49.140993;-122.853505
"323";0;9;"Westbound 76 Ave @ 132 St";49.141026;-122.857621
"323";0;10;"Westbound 76 Ave @ 13000 Block";49.141027;-122.860735
"323";0;11;"Westbound 76 Ave @ 129A St";49.141055;-122.86407
"323";0;12;"Northbound 128 St @ 76 Ave";49.141354;-122.867769
"323";0;13;"Northbound 128 St @ 78 Ave";49.145064;-122.867803
"323";0;14;"Northbound 128 St @ 80 Ave";49.14855;-122.867841
"323";0;15;"Northbound 128 St @ 82 Ave";49.151073;-122.867845
"323";0;16;"Northbound 128 St @ 8200 Block";49.152666;-122.867854
"323";0;17;"Northbound 128 St @ 84 Ave";49.155697;-122.867855
"323";0;18;"Northbound 128 St @ 86 Ave";49.159231;-122.867853
"323";0;19;"Northbound 128 St @ 88 Ave";49.162928;-122.867886
"323";0;20;"Northbound 128 St @ Prince Charles Blvd";49.166929;-122.867914
"323";0;21;"Northbound 128 St @ 92 Ave";49.170073;-122.867908
"323";0;22;"Northbound 128 St @ 93 Ave";49.171991;-122.867916
"323";0;23;"Northbound 128 St @ 9400 Block";49.17483;-122.867913
"323";0;24;"Northbound 128 St @ 96 Ave";49.177471;-122.867827
"323";0;25;"Northbound 128 St @ 98 Ave";49.18017;-122.867702
"323";0;26;"Northbound 128 St @ 99 Ave";49.182622;-122.867615
"323";0;27;"Northbound 128 St @ 100 Ave";49.18472;-122.867536
"323";0;28;"Northbound 128 St @ 102 Ave";49.188409;-122.867599
"323";0;29;"Eastbound 104 Ave @ 128 St";49.191629;-122.866588
"323";0;30;"Eastbound 104 Ave @ Old Yale Rd";49.191618;-122.862642
"323";0;31;"Eastbound 104 Ave @ 13000 Block";49.1916;-122.858307
"323";0;32;"Eastbound 104 Ave @ 132 St";49.191573;-122.855768
"323";0;33;"Eastbound 104 Ave @ University Dr";49.191534;-122.848841
"323";0;34;"Surrey Central Station @ Bay 12";49.189699;-122.847774
"323";1;1;"Surrey Central Station @ Bay 4";49.18885;-122.849361
"323";1;2;"Westbound 104 Ave @ University Dr";49.191741;-122.851717
"323";1;3;"Westbound 104 Ave @ 133 St";49.191751;-122.854546
"323";1;4;"Westbound 104 Ave @ 132 St";49.191764;-122.857157
"323";1;5;"Westbound 104 Ave @ 13000 Block";49.191747;-122.86142
"323";1;6;"Westbound 104 Ave @ Old Yale Rd";49.191757;-122.864097
"323";1;7;"Southbound 128 St @ 104 Ave";49.191219;-122.867873
"323";1;8;"Southbound 128 St @ 103 Ave";49.18953;-122.867817
"323";1;9;"Southbound 128 St @ 102 Ave";49.187744;-122.867792
"323";1;10;"Southbound 128 St @ 100 Ave";49.184155;-122.867789
"323";1;11;"Southbound 128 St @ 99 Ave";49.181905;-122.867845
"323";1;12;"Southbound 128 St @ 97A Ave";49.179577;-122.867941
"323";1;13;"Southbound 128 St @ 96 Ave";49.176771;-122.868135
"323";1;14;"Southbound 128 St @ 9400 Block";49.174322;-122.86813
"323";1;15;"Southbound 128 St @ 93 Ave";49.171412;-122.868144
"323";1;16;"Southbound 128 St @ 92 Ave";49.169459;-122.868138
"323";1;17;"Southbound 128 St @ 90 Ave";49.166344;-122.868138
"323";1;18;"Southbound 128 St @ 88 Ave";49.16219;-122.868166
"323";1;19;"Southbound 128 St @ 86 Ave";49.158447;-122.868154
"323";1;20;"Southbound 128 St @ 84 Ave";49.154958;-122.868141
"323";1;21;"Southbound 128 St @ 8200 Block";49.15229;-122.86813
"323";1;22;"Southbound 128 St @ 82 Ave";49.149868;-122.868156
"323";1;23;"Southbound 128 St @ 80 Ave";49.14761;-122.868101
"323";1;24;"Southbound 128 St @ 78 Ave";49.144361;-122.868072
"323";1;25;"Eastbound 76 Ave @ 128 St";49.14096;-122.866852
"323";1;26;"Eastbound 76 Ave @ 130 St";49.14092;-122.862588
"323";1;27;"Eastbound 76 Ave @ 13000 Block";49.140903;-122.860235
"323";1;28;"Eastbound 76 Ave @ 132 St";49.140857;-122.855683
"323";1;29;"Eastbound 76 Ave @ 13300 Block";49.140845;-122.852834
"323";1;30;"Eastbound 76 Ave @ 134A St";49.140812;-122.849239
"323";1;31;"Eastbound 76 Ave @ King George Blvd";49.140749;-122.843538
"323";1;32;"Southbound 138 St @ 75A Ave";49.139248;-122.840162
"323";1;33;"Southbound 138 St @ 74 Ave";49.136935;-122.838789
"323";1;34;"Westbound 72 Ave @ 138 St";49.133676;-122.839219
"323";1;35;"Newton Exchange @ Bay 1";49.133306;-122.841764
"324";0;1;"Newton Exchange @ Layover";49.133269;-122.843474
"324";0;2;"Newton Exchange @ Bay 12";49.133491;-122.840565
"324";0;3;"Southbound 138 St @ 72 Ave";49.133131;-122.838766
"324";0;4;"Southbound 138 St @ 7100 Block";49.131503;-122.838774
"324";0;5;"Southbound 138 St @ 70 Ave";49.129624;-122.838773
"324";0;6;"Southbound 138 St @ 6800 Block";49.126964;-122.840933
"324";0;7;"Westbound 68 Ave @ King George Blvd";49.126319;-122.846714
"324";0;8;"Westbound 68 Ave @ 134 St";49.126389;-122.851511
"324";0;9;"Northbound 132 St @ 68 Ave";49.126853;-122.856489
"324";0;10;"Northbound 132 St @ 69A Ave";49.129678;-122.856535
"324";0;11;"Northbound 132 St @ 70B Ave";49.131577;-122.856561
"324";0;12;"Northbound 132 St @ 72 Ave";49.134109;-122.85658
"324";0;13;"Northbound 132 St @ Comber Way";49.137084;-122.856608
"324";0;14;"Northbound 132 St @ 76 Ave";49.141376;-122.856644
"324";0;15;"Northbound 132 St @ 7700 Block";49.14306;-122.856653
"324";0;16;"Northbound 132 St @ 78A Ave";49.14559;-122.856673
"324";0;17;"Northbound 132 St @ 80 Ave";49.148507;-122.856704
"324";0;18;"Northbound 132 St @ 84 Ave";49.155731;-122.856726
"324";0;19;"Northbound 132 St @ Shakespeare Place";49.160706;-122.856787
"324";0;20;"Northbound 132 St @ 88 Ave";49.163009;-122.856776
"324";0;21;"Northbound 132 St @ 90 Ave";49.166579;-122.856773
"324";0;22;"Northbound 132 St @ 92 Ave";49.17017;-122.85676
"324";0;23;"Northbound 132 St @ Huntley Ave";49.172883;-122.856741
"324";0;24;"Northbound 132 St @ 96 Ave";49.177725;-122.856698
"324";0;25;"Northbound 132 St @ 98 Ave";49.181077;-122.856552
"324";0;26;"Northbound 132 St @ 100 Ave";49.184856;-122.856416
"324";0;27;"Northbound 132 St @ Old Yale Rd";49.187939;-122.856377
"324";0;28;"Eastbound 104 Ave @ 132 St";49.191573;-122.855768
"324";0;29;"Eastbound 104 Ave @ University Dr";49.191534;-122.848841
"324";0;30;"Surrey Central Station @ Bay 1 Unloading Only";49.188852;-122.848203
"324";1;1;"Surrey Central Station @ Bay 8";49.188961;-122.848754
"324";1;2;"Westbound 104 Ave @ University Dr";49.191741;-122.851717
"324";1;3;"Southbound 132 St @ 103A Ave";49.190929;-122.85655
"324";1;4;"Southbound 132 St @ Old Yale Rd";49.187331;-122.856596
"324";1;5;"Southbound 132 St @ 100 Ave";49.18409;-122.856633
"324";1;6;"Southbound 132 St @ 98 Ave";49.180401;-122.856803
"324";1;7;"Southbound 132 St @ 96 Ave";49.17678;-122.856956
"324";1;8;"Southbound 132 St @ Huntley Ave";49.172048;-122.856971
"324";1;9;"Southbound 132 St @ 92 Ave";49.169481;-122.856982
"324";1;10;"Southbound 132 St @ Queen Mary Blvd";49.165971;-122.857005
"324";1;11;"Southbound 132 St @ 88 Ave";49.161948;-122.857054
"324";1;12;"Southbound 132 St @ 86 Ave";49.160025;-122.857012
"324";1;13;"Southbound 132 St @ 84 Ave";49.15515;-122.856984
"324";1;14;"Southbound 132 St @ 82A Ave";49.152151;-122.856941
"324";1;15;"Southbound 132 St @ 81 Ave";49.149732;-122.856931
"324";1;16;"Southbound 132 St @ 80 Ave";49.147833;-122.856927
"324";1;17;"Southbound 132 St @ 78A Ave";49.145231;-122.85691
"324";1;18;"Southbound 132 St @ 7700 Block";49.143181;-122.856898
"324";1;19;"Southbound 132 St @ 76 Ave";49.140441;-122.856882
"324";1;20;"Southbound 132 St @ 73A Ave";49.137086;-122.85685
"324";1;21;"Southbound 132 St @ 72 Ave";49.133345;-122.856828
"324";1;22;"Southbound 132 St @ 70B Ave";49.130842;-122.856806
"324";1;23;"Southbound 132 St @ 69A Ave";49.128907;-122.856787
"324";1;24;"Eastbound 68 Ave @ 132 St";49.126318;-122.855592
"324";1;25;"Eastbound 68 Ave @ 134 St";49.126249;-122.850718
"324";1;26;"Eastbound 68 Ave @ King George Blvd";49.126139;-122.844106
"324";1;27;"Northbound 138 St @ Hyland Rd";49.12659;-122.841079
"324";1;28;"Northbound 138 St @ 68 Ave";49.127726;-122.83952
"324";1;29;"Northbound 138 St @ 70 Ave";49.130265;-122.838491
"324";1;30;"Northbound 138 St @ 7100 Block";49.132071;-122.838498
"324";1;31;"Westbound 72 Ave @ 138 St";49.133676;-122.839219
"324";1;32;"Newton Exchange @ Bay 1";49.133306;-122.841764
"325";0;1;"Newton Exchange @ Layover";49.133269;-122.843474
"325";0;2;"Newton Exchange @ Bay 12";49.133491;-122.840565
"325";0;3;"Eastbound 72 Ave @ 138 St";49.133508;-122.838027
"325";0;4;"Northbound 140 St @ 72 Ave";49.134466;-122.834352
"325";0;5;"Northbound 140 St @ 74 Ave";49.137512;-122.834374
"325";0;6;"Northbound 140 St @ 75 Ave";49.139685;-122.834392
"325";0;7;"Northbound 140 St @ 77A Ave";49.143377;-122.834416
"325";0;8;"Northbound 140 St @ 78 Ave";49.144987;-122.834423
"325";0;9;"Northbound 140 St @ 80 Ave";49.148441;-122.834454
"325";0;10;"Northbound 140 St @ Bear Creek Dr";49.151302;-122.834444
"325";0;11;"Northbound 140 St @ 82 Ave";49.153059;-122.834461
"325";0;12;"Northbound 140 St @ 84 Ave";49.155881;-122.834487
"325";0;13;"Northbound 140 St @ 85 Ave";49.158801;-122.834513
"325";0;14;"Northbound 140 St @ 86A Ave";49.160704;-122.834515
"325";0;15;"Northbound 140 St @ 88 Ave";49.163216;-122.834507
"325";0;16;"Northbound 140 St @ 90 Ave";49.1668;-122.834481
"325";0;17;"Northbound 140 St @ 92 Ave";49.170408;-122.834478
"325";0;18;"Northbound 140 St @ 93A Ave";49.172817;-122.834397
"325";0;19;"Northbound 140 St @ 94A Ave";49.174994;-122.83439
"325";0;20;"Northbound 140 St @ 96 Ave";49.177363;-122.834395
"325";0;21;"Northbound 140 St @ Fraser Hwy";49.180425;-122.834227
"325";0;22;"Northbound 140 St @ 100 Ave";49.184659;-122.834043
"325";0;23;"Westbound 102 Ave @ 140 St";49.187803;-122.834919
"325";0;24;"Westbound 102 Ave @ 139 St";49.187832;-122.837874
"325";0;25;"Westbound 102 Ave @ 137A St";49.187868;-122.841707
"325";0;26;"Westbound 102 Ave @ Whalley Blvd";49.187891;-122.84397
"325";0;27;"Surrey Central Station @ Bay 1 Unloading Only";49.188852;-122.848203
"325";1;1;"Surrey Central Station @ Bay 7";49.188956;-122.849103
"325";1;2;"Eastbound 102 Ave @ Whalley Blvd";49.187739;-122.84284
"325";1;3;"Eastbound 102 Ave @ 137A St";49.187724;-122.840729
"325";1;4;"Eastbound 102 Ave @ 139 St";49.187694;-122.83748
"325";1;5;"Southbound 140 St @ 100A Ave";49.18574;-122.834281
"325";1;6;"Southbound 140 St @ 100 Ave";49.183844;-122.834339
"325";1;7;"Southbound 140 St @ Green Timbers Way";49.181282;-122.834487
"325";1;8;"Southbound 140 St @ Fraser Hwy";49.178386;-122.834633
"325";1;9;"Southbound 140 St @ 96 Ave";49.176562;-122.83468
"325";1;10;"Southbound 140 St @ 94A Ave";49.174474;-122.834676
"325";1;11;"Southbound 140 St @ 93A Ave";49.172102;-122.834695
"325";1;12;"Southbound 140 St @ 92 Ave";49.1698;-122.834759
"325";1;13;"Southbound 140 St @ 90 Ave";49.166042;-122.834774
"325";1;14;"Southbound 140 St @ 88 Ave";49.162433;-122.834765
"325";1;15;"Southbound 140 St @ 86A Ave";49.160191;-122.834781
"325";1;16;"Southbound 140 St @ 85 Ave";49.158306;-122.834769
"325";1;17;"Southbound 140 St @ 84 Ave";49.15521;-122.834727
"325";1;18;"Southbound 140 St @ 8300 Block";49.153486;-122.834726
"325";1;19;"Southbound 140 St @ 80 Ave";49.14777;-122.834671
"325";1;20;"Southbound 140 St @ 78A Ave";49.144964;-122.834645
"325";1;21;"Southbound 140 St @ 77 Ave";49.142373;-122.83465
"325";1;22;"Southbound 140 St @ 75 Ave";49.13863;-122.834605
"325";1;23;"Southbound 140 St @ 74 Ave";49.136912;-122.834608
"325";1;24;"Westbound 72 Ave @ 140 St";49.133719;-122.835233
"325";1;25;"Westbound 72 Ave @ 138 St";49.133676;-122.839219
"325";1;26;"Newton Exchange @ Bay 1";49.133306;-122.841764
"326";0;1;"Surrey Central Station @ Bay 8";49.188961;-122.848754
"326";0;2;"Southbound University Dr @ 10100 Block";49.187503;-122.851472
"326";0;3;"Eastbound Old Yale Rd @ University Dr";49.185705;-122.851078
"326";0;4;"Eastbound Old Yale Rd @ 13500 Block";49.184316;-122.847504
"326";0;5;"King George Station @ Bay 1";49.182376;-122.845722
"326";0;6;"Eastbound 96 Ave @ 137 St";49.176914;-122.842778
"326";0;7;"Eastbound 96 Ave @ 138 St";49.176907;-122.840725
"326";0;8;"Eastbound 96 Ave @ 139 St";49.176891;-122.837183
"326";0;9;"Southbound 140 St @ 96 Ave";49.176562;-122.83468
"326";0;10;"Southbound 140 St @ 94A Ave";49.174474;-122.834676
"326";0;11;"Southbound 140 St @ 93A Ave";49.172102;-122.834695
"326";0;12;"Southbound 140 St @ 92 Ave";49.1698;-122.834759
"326";0;13;"Southbound 140 St @ 90 Ave";49.166042;-122.834774
"326";0;14;"Eastbound 88 Ave @ 140 St";49.162696;-122.83411
"326";0;15;"Eastbound 88 Ave @ 142A St";49.162736;-122.82817
"326";0;16;"Eastbound 88 Ave @ 144 St";49.162768;-122.822967
"326";0;17;"Eastbound 88 Ave @ 146 St";49.162748;-122.817417
"326";0;18;"Eastbound 88 Ave @ 148 St";49.162731;-122.811775
"326";0;19;"Eastbound 88 Ave @ 150 St";49.162741;-122.806422
"326";0;20;"Eastbound 88 Ave @ 152 St";49.162747;-122.800824
"326";0;21;"Eastbound 88 Ave @ 154 St";49.162729;-122.795783
"326";0;22;"Northbound 156 St @ 88 Ave";49.163147;-122.790062
"326";0;23;"Northbound 156 St @ 90 Ave";49.166878;-122.790027
"326";0;24;"Northbound 156 St @ 92 Ave";49.170597;-122.78996
"326";0;25;"Northbound 156 St @ 94A Ave";49.173976;-122.7899
"326";0;26;"Northbound 156 St @ 96 Ave";49.177214;-122.789821
"326";0;27;"Northbound 156 St @ 98 Ave";49.18104;-122.789772
"326";0;28;"Northbound 156 St @ 100 Ave";49.184743;-122.789654
"326";0;29;"Northbound 156 St @ 102 Ave";49.188329;-122.789681
"326";0;30;"Westbound 104 Ave @ 156 St";49.191662;-122.790383
"326";0;31;"Westbound 104 Ave @ 154 St";49.191598;-122.795924
"326";0;32;"Westbound 104 Ave @ 152 St";49.191596;-122.801592
"326";0;33;"Guildford Exchange @ Bay 2";49.191632;-122.804013
"326";0;34;"Northbound 150 St @ 105 Ave";49.19248;-122.806246
"326";0;35;"Guildford @ Layover";49.194098;-122.805781
"326";1;1;"Guildford @ Layover";49.194098;-122.805781
"326";1;2;"Southbound 150 St @ 105 Ave";49.192658;-122.806503
"326";1;3;"Guildford Exchange @ Bay 1";49.191353;-122.803459
"326";1;4;"Eastbound 104 Ave @ 152 St";49.191386;-122.799852
"326";1;5;"Eastbound 104 Ave @ 154 St";49.191447;-122.79462
"326";1;6;"Southbound 156 St @ 104 Ave";49.190958;-122.789872
"326";1;7;"Southbound 156 St @ 102 Ave";49.187702;-122.789877
"326";1;8;"Southbound 156 St @ 100 Ave";49.183966;-122.789939
"326";1;9;"Southbound 156 St @ 98 Ave";49.180372;-122.789991
"326";1;10;"Southbound 156 St @ 96 Ave";49.176516;-122.790109
"326";1;11;"Southbound 156 St @ 94 Ave";49.172902;-122.790133
"326";1;12;"Southbound 156 St @ 92 Ave";49.169636;-122.790193
"326";1;13;"Southbound 156 St @ 89B Ave";49.166273;-122.790215
"326";1;14;"Westbound 88 Ave @ 156 St";49.162902;-122.790903
"326";1;15;"Westbound 88 Ave @ 154A St";49.162909;-122.795379
"326";1;16;"Westbound 88 Ave @ 152 St";49.162941;-122.802469
"326";1;17;"Westbound 88 Ave @ 150 St";49.162923;-122.807458
"326";1;18;"Westbound 88 Ave @ 148 St";49.162918;-122.812845
"326";1;19;"Westbound 88 Ave @ 146 St";49.162933;-122.818301
"326";1;20;"Westbound 88 Ave @ 144 St";49.162939;-122.824908
"326";1;21;"Westbound 88 Ave @ 142A St";49.162921;-122.828208
"326";1;22;"Northbound 140 St @ 88 Ave";49.163216;-122.834507
"326";1;23;"Northbound 140 St @ 90 Ave";49.1668;-122.834481
"326";1;24;"Northbound 140 St @ 92 Ave";49.170408;-122.834478
"326";1;25;"Northbound 140 St @ 93A Ave";49.172817;-122.834397
"326";1;26;"Northbound 140 St @ 94A Ave";49.174994;-122.83439
"326";1;27;"Westbound 96 Ave @ 140 St";49.177074;-122.835258
"326";1;28;"Westbound 96 Ave @ 139 St";49.177074;-122.838063
"326";1;29;"Westbound 96 Ave @ 137B St";49.177088;-122.840446
"326";1;30;"Northbound King George Blvd @ 96 Ave";49.177621;-122.845422
"326";1;31;"Northbound King George Blvd @ Fraser Hwy";49.181116;-122.845247
"326";1;32;"King George Station @ Bay 4";49.182677;-122.845166
"326";1;33;"Surrey Central Station @ Bay 1 Unloading Only";49.188852;-122.848203
"329";0;1;"Scottsdale Exchange @ Bay 2";49.137505;-122.888277
"329";0;2;"Eastbound 75 Ave @ 122A St";49.139292;-122.882514
"329";0;3;"Northbound 124 St @ 75 Ave";49.139771;-122.878926
"329";0;4;"Northbound 124 St @ 76 Ave";49.141345;-122.878962
"329";0;5;"Northbound 124 St @ 78 Ave";49.144933;-122.879015
"329";0;6;"Northbound 124 St @ 80 Ave";49.148701;-122.878969
"329";0;7;"Northbound 124 St @ 82 Ave";49.152415;-122.87897
"329";0;8;"Westbound 84 Ave @ 124 St";49.155806;-122.879823
"329";0;9;"Westbound 84 Ave @ 123 St";49.1559;-122.882978
"329";0;10;"Westbound 84 Ave @ 122 St";49.155919;-122.88542
"329";0;11;"Northbound Scott Rd @ 84 Ave";49.156256;-122.890181
"329";0;12;"Northbound Scott Rd @ 86 Ave";49.159865;-122.89018
"329";0;13;"Northbound Scott Rd @ Nordel Way";49.162457;-122.890176
"329";0;14;"Northbound Scott Rd @ 90 Ave";49.167342;-122.890117
"329";0;15;"Northbound Scott Rd @ Holt Rd";49.169575;-122.890094
"329";0;16;"Northbound Scott Rd @ 93A Ave";49.173249;-122.890031
"329";0;17;"Eastbound 96 Ave @ Scott Rd";49.177023;-122.889399
"329";0;18;"Eastbound 96 Ave @ 122 St";49.177087;-122.884175
"329";0;19;"Eastbound 96 Ave @ 124 St";49.177099;-122.879647
"329";0;20;"Eastbound 96 Ave @ 125 St";49.177099;-122.87666
"329";0;21;"Eastbound 96 Ave @ 126 St";49.177077;-122.872995
"329";0;22;"Eastbound 96 Ave @ 128 St";49.177067;-122.867433
"329";0;23;"Eastbound 96 Ave @ Prince Charles Blvd";49.177045;-122.863567
"329";0;24;"Eastbound 96 Ave @ 130A St";49.17703;-122.86091
"329";0;25;"Eastbound 96 Ave @ 132 St";49.177019;-122.855987
"329";0;26;"Eastbound 96 Ave @ 134 St";49.176992;-122.850709
"329";0;27;"Northbound King George Blvd @ 96 Ave";49.177621;-122.845422
"329";0;28;"Northbound King George Blvd @ Fraser Hwy";49.181116;-122.845247
"329";0;29;"King George Station @ Bay 4";49.182677;-122.845166
"329";0;30;"Surrey Central Station @ Bay 1 Unloading Only";49.188852;-122.848203
"329";1;1;"Surrey Central Station @ Bay 14";49.189133;-122.847582
"329";1;2;"King George Station @ Bay 1";49.182376;-122.845722
"329";1;3;"Southbound King George Blvd @ 98 Ave";49.179601;-122.845814
"329";1;4;"Westbound 96 Ave @ King George Blvd";49.177135;-122.847002
"329";1;5;"Westbound 96 Ave @ 134 St";49.177159;-122.851794
"329";1;6;"Westbound 96 Ave @ 132 St";49.177197;-122.857325
"329";1;7;"Westbound 96 Ave @ 130 St";49.177222;-122.861965
"329";1;8;"Westbound 96 Ave @ Prince Charles Blvd";49.177237;-122.864648
"329";1;9;"Westbound 96 Ave @ 128 St";49.177263;-122.868763
"329";1;10;"Westbound 96 Ave @ 126 St";49.177262;-122.874198
"329";1;11;"Southbound 124 St @ 96 Ave";49.176738;-122.879336
"329";1;12;"Southbound 124 St @ 95 Ave";49.175188;-122.879321
"329";1;13;"Southbound 124 St @ Iona Place";49.17346;-122.879333
"329";1;14;"Southbound 124 St @ 93 Ave";49.171566;-122.879346
"329";1;15;"Westbound 92 Ave @ 124 St";49.170308;-122.879957
"329";1;16;"Westbound 92 Ave @ 122 St";49.170412;-122.885182
"329";1;17;"Westbound 92 Ave @ Scott Rd";49.17049;-122.88922
"329";1;18;"Southbound Scott Rd @ 90 Ave";49.166456;-122.890487
"329";1;19;"Southbound Scott Rd @ Nordel Way";49.161084;-122.890541
"329";1;20;"Southbound Scott Rd @ 86 Ave";49.159214;-122.890546
"329";1;21;"Eastbound 84 Ave @ Scott Rd";49.155908;-122.889712
"329";1;22;"Eastbound 84 Ave @ 121A St";49.155807;-122.885772
"329";1;23;"Eastbound 84 Ave @ 122A St";49.155707;-122.881945
"329";1;24;"Eastbound 84 Ave @ 124 St";49.155646;-122.879662
"329";1;25;"Southbound 124 St @ 82 Ave";49.151693;-122.879204
"329";1;26;"Southbound 124 St @ 80 Ave";49.148056;-122.879214
"329";1;27;"Southbound 124 St @ 78 Ave";49.144249;-122.879175
"329";1;28;"Southbound 124 St @ 76 Ave";49.141329;-122.879133
"329";1;29;"Westbound 75 Ave @ 123A St";49.139385;-122.88075
"329";1;30;"Westbound 75 Ave @ 122A St";49.13944;-122.883472
"329";1;31;"Southbound 121A St @ 75 Ave";49.139021;-122.885812
"329";1;32;"Scottsdale Exchange @ Bay 6";49.137661;-122.887792
"335";0;1;"Surrey Central Station @ Bay 3";49.188847;-122.848829
"335";0;2;"Northbound University Dr @ 104 Ave";49.192053;-122.850689
"335";0;3;"Northbound University Dr @ 105A Ave";49.1948;-122.850734
"335";0;4;"Northbound University Dr @ 107A Ave";49.197675;-122.85073
"335";0;5;"Gateway Station @ Bay 3";49.198812;-122.85022
"335";0;6;"Eastbound 108 Ave @ King George Blvd";49.19876;-122.844888
"335";0;7;"Eastbound 108 Ave @ Whalley Blvd";49.198765;-122.841931
"335";0;8;"Eastbound 108 Ave @ 138 St";49.198785;-122.839199
"335";0;9;"Eastbound 108 Ave @ 140 St";49.198748;-122.833479
"335";0;10;"Eastbound 108 Ave @ 142 St";49.198742;-122.828001
"335";0;11;"Eastbound 108 Ave @ 144 St";49.198713;-122.822538
"335";0;12;"Eastbound 108 Ave @ 146 St";49.198681;-122.817035
"335";0;13;"Eastbound 108 Ave @ 148 St";49.198633;-122.811885
"335";0;14;"Eastbound 108 Ave @ Oriole Dr";49.198663;-122.80821
"335";0;15;"Southbound 150 St @ 107A Ave";49.197569;-122.806329
"335";0;16;"Southbound 150 St @ 10600 Block";49.194934;-122.80642
"335";0;17;"Southbound 150 St @ 105 Ave";49.192658;-122.806503
"335";0;18;"Eastbound 104 Ave @ 150 St";49.191359;-122.805799
"335";0;19;"Guildford Exchange @ Bay 1";49.191353;-122.803459
"335";0;20;"Eastbound 104 Ave @ 152 St";49.191386;-122.799852
"335";0;21;"Eastbound 104 Ave @ 154 St";49.191447;-122.79462
"335";0;22;"Southbound 156 St @ 104 Ave";49.190958;-122.789872
"335";0;23;"Southbound 156 St @ 102 Ave";49.187702;-122.789877
"335";0;24;"Eastbound 100 Ave @ 156 St";49.184283;-122.789124
"335";0;25;"Eastbound 100 Ave @ 158 St";49.184293;-122.783781
"335";0;26;"Eastbound 100 Ave @ 160 St";49.184292;-122.779633
"335";0;27;"Southbound 160 St @ 98 Ave";49.180319;-122.778807
"335";0;28;"Southbound 160 St @ 96 Ave";49.176463;-122.778999
"335";0;29;"Southbound 160 St @ 93A Ave";49.172601;-122.778962
"335";0;30;"Southbound 160 St @ 92 Ave";49.169518;-122.778977
"335";0;31;"Southbound 160 St @ 91 Ave";49.167923;-122.778961
"335";0;32;"Southbound 160 St @ 88 Ave";49.16239;-122.778991
"335";0;33;"Southbound 160 St @ Fraser Hwy";49.156682;-122.778996
"335";0;34;"Westbound 84 Ave @ 160 St";49.155556;-122.779581
"335";0;35;"Westbound 84 Ave @ Venture Way";49.155559;-122.785083
"335";0;36;"Westbound 84 Ave @ 156 St";49.155582;-122.790673
"335";0;37;"Westbound 84 Ave @ 154 St";49.155584;-122.797117
"335";0;38;"Southbound 152 St @ 84 Ave";49.155093;-122.801542
"335";0;39;"Southbound 152 St @ 82 Ave";49.152643;-122.80145
"335";0;40;"Southbound 152 St @ 7900 Block";49.147524;-122.80134
"335";0;41;"Southbound 152 St @ 76 Ave";49.140428;-122.801247
"335";0;42;"Westbound 72 Ave @ 152 St";49.133757;-122.802055
"335";0;43;"Westbound 72 Ave @ 150 St";49.133791;-122.807309
"335";0;44;"Westbound 72 Ave @ 148 St";49.133833;-122.812711
"335";0;45;"Westbound 72 Ave @ 146 St";49.133818;-122.818323
"335";0;46;"Westbound 72 Ave @ 144 St";49.13382;-122.824051
"335";0;47;"Westbound 72 Ave @ 142 St";49.133769;-122.829433
"335";0;48;"Westbound 72 Ave @ 140 St";49.133719;-122.835233
"335";0;49;"Westbound 72 Ave @ 138 St";49.133676;-122.839219
"335";0;50;"Newton Exchange @ Bay 1";49.133306;-122.841764
"335";1;1;"Newton Exchange @ Layover";49.133269;-122.843474
"335";1;2;"Newton Exchange @ Bay 7";49.13343;-122.841794
"335";1;3;"Eastbound 72 Ave @ 138 St";49.133508;-122.838027
"335";1;4;"Eastbound 72 Ave @ 140 St";49.13356;-122.833983
"335";1;5;"Eastbound 72 Ave @ 142 St";49.133595;-122.828395
"335";1;6;"Eastbound 72 Ave @ 144 St";49.133659;-122.822719
"335";1;7;"Eastbound 72 Ave @ 146 St";49.133677;-122.817341
"335";1;8;"Eastbound 72 Ave @ 148 St";49.133635;-122.811447
"335";1;9;"Eastbound 72 Ave @ 150 St";49.133657;-122.805923
"335";1;10;"Northbound 152 St @ 72 Ave";49.134063;-122.800899
"335";1;11;"Northbound 152 St @ 76 Ave";49.14156;-122.800889
"335";1;12;"Northbound 152 St @ 7900 Block";49.145969;-122.800967
"335";1;13;"Northbound 152 St @ 81 Ave";49.150356;-122.801112
"335";1;14;"Northbound 152 St @ 82 Ave";49.15226;-122.801185
"335";1;15;"Eastbound 84 Ave @ 152 St";49.15545;-122.800457
"335";1;16;"Eastbound 84 Ave @ 154 St";49.155458;-122.796138
"335";1;17;"Eastbound 84 Ave @ 156 St";49.155414;-122.789571
"335";1;18;"Eastbound 84 Ave @ 158 St";49.155382;-122.783883
"335";1;19;"Eastbound 84 Ave @ 160 St";49.155375;-122.780315
"335";1;20;"Northbound 160 St @ Fraser Hwy";49.158339;-122.778746
"335";1;21;"Northbound 160 St @ 88 Ave";49.163211;-122.778726
"335";1;22;"Northbound 160 St @ 89A Ave";49.165423;-122.778761
"335";1;23;"Northbound 160 St @ 91 Ave";49.168666;-122.778759
"335";1;24;"Northbound 160 St @ 92 Ave";49.170327;-122.778744
"335";1;25;"Northbound 160 St @ 93A Ave";49.173232;-122.778769
"335";1;26;"Northbound 160 St @ 96 Ave";49.177371;-122.778703
"335";1;27;"Northbound 160 St @ 98 Ave";49.181037;-122.778615
"335";1;28;"Westbound 100 Ave @ 160 St";49.184425;-122.779179
"335";1;29;"Westbound 100 Ave @ 158 St";49.184423;-122.784642
"335";1;30;"Northbound 156 St @ 100 Ave";49.184743;-122.789654
"335";1;31;"Northbound 156 St @ 102 Ave";49.188329;-122.789681
"335";1;32;"Westbound 104 Ave @ 156 St";49.191662;-122.790383
"335";1;33;"Westbound 104 Ave @ 154 St";49.191598;-122.795924
"335";1;34;"Westbound 104 Ave @ 152 St";49.191596;-122.801592
"335";1;35;"Guildford Exchange @ Bay 2";49.191632;-122.804013
"335";1;36;"Northbound 150 St @ 105 Ave";49.19248;-122.806246
"335";1;37;"Northbound 150 St @ 10600 Block";49.195692;-122.806183
"335";1;38;"Northbound 150 St @ 107A Ave";49.198027;-122.806085
"335";1;39;"Westbound 108 Ave @ Oriole Dr";49.198804;-122.809198
"335";1;40;"Westbound 108 Ave @ 148 St";49.198815;-122.813087
"335";1;41;"Westbound 108 Ave @ 146 St";49.198828;-122.818029
"335";1;42;"Westbound 108 Ave @ 144 St";49.19886;-122.823492
"335";1;43;"Westbound 108 Ave @ 142 St";49.19889;-122.828847
"335";1;44;"Westbound 108 Ave @ 140 St";49.19892;-122.834564
"335";1;45;"Westbound 108 Ave @ Whalley Blvd";49.198936;-122.840815
"335";1;46;"Westbound 108 Ave @ 13600 Block";49.198934;-122.844336
"335";1;47;"Westbound 108 Ave @ King George Blvd";49.198964;-122.847112
"335";1;48;"Gateway Station @ Bay 2";49.199;-122.849243
"335";1;49;"Southbound University Dr @ 107A Ave";49.197107;-122.851009
"335";1;50;"Southbound University Dr @ 105A Ave";49.193866;-122.851025
"335";1;51;"Southbound University Dr @ 104 Ave";49.191043;-122.850236
"335";1;52;"Surrey Central Station @ Bay 6";49.188948;-122.849377
"337";0;1;"Surrey Central Station @ Bay 5A";49.189461;-122.849708
"337";0;2;"Guildford Exchange @ Bay 1";49.191353;-122.803459
"337";0;3;"Eastbound 104 Ave @ 152 St";49.191386;-122.799852
"337";0;4;"Eastbound 104 Ave @ 154 St";49.191447;-122.79462
"337";0;5;"Northbound 156 St @ 104 Ave";49.192019;-122.789624
"337";0;6;"Northbound 156 St @ Hwy One Onramp";49.194903;-122.789679
"337";0;7;"Northbound 156 St @ 108 Ave";49.199154;-122.789701
"337";0;8;"Northbound 156 St @ 110 Ave";49.201899;-122.789698
"337";0;9;"Southbound 157A St @ 10900 Block";49.200597;-122.78529
"337";0;10;"Eastbound 108 Ave @ 158 St";49.198763;-122.78323
"337";0;11;"Southbound 160 St @ 108 Ave";49.19845;-122.778802
"337";0;12;"Eastbound 104 Ave @ Fraserglen Dr";49.191464;-122.771585
"337";0;13;"Eastbound 104 Ave @ 164 St";49.191468;-122.766956
"337";0;14;"Eastbound 104 Ave @ Oak Gate";49.191528;-122.760849
"337";0;15;"Northbound 168 St @ 104 Ave";49.191997;-122.756353
"337";1;1;"Northbound 168 St @ 104 Ave";49.191997;-122.756353
"337";1;2;"Northbound 168 St @ 106 Ave";49.195555;-122.75642
"337";1;3;"Westbound 108 Ave @ 168 St";49.198954;-122.757007
"337";1;4;"Westbound 108 Ave @ 165B St";49.198931;-122.763399
"337";1;5;"Westbound 108 Ave @ 164 St";49.198899;-122.768262
"337";1;6;"Westbound 108 Ave @ 162 St";49.19888;-122.773703
"337";1;7;"Westbound 108 Ave @ 160 St";49.198895;-122.779318
"337";1;8;"Westbound 108 Ave @ 158 St";49.198893;-122.783259
"337";1;9;"Northbound 157A St @ 10900 Block";49.200713;-122.785073
"337";1;10;"Westbound 110 Ave @ 157 St";49.202377;-122.786447
"337";1;11;"Southbound 156 St @ 110 Ave";49.202113;-122.789933
"337";1;12;"Southbound 156 St @ 108 Ave";49.198434;-122.789854
"337";1;13;"Southbound 156 St @ Hwy One Offramp";49.19495;-122.789844
"337";1;14;"Westbound 104 Ave @ 156 St";49.191662;-122.790383
"337";1;15;"Westbound 104 Ave @ 154 St";49.191598;-122.795924
"337";1;16;"Westbound 104 Ave @ 152 St";49.191596;-122.801592
"337";1;17;"Guildford Exchange @ Bay 2";49.191632;-122.804013
"337";1;18;"Surrey Central Station @ Bay 12";49.189699;-122.847774
"338";0;1;"Guildford @ Layover";49.194098;-122.805781
"338";0;2;"Southbound 150 St @ 105 Ave";49.192658;-122.806503
"338";0;3;"Guildford Exchange @ Bay 1";49.191353;-122.803459
"338";0;4;"Eastbound 104 Ave @ 152 St";49.191386;-122.799852
"338";0;5;"Eastbound 104 Ave @ 154 St";49.191447;-122.79462
"338";0;6;"Eastbound 104 Ave @ 156 St";49.191485;-122.789033
"338";0;7;"Eastbound 104 Ave @ 158 St";49.191461;-122.783771
"338";0;8;"Northbound 160 St @ 104 Ave";49.191523;-122.777907
"338";0;9;"Eastbound 104 Ave @ Fraserglen Dr";49.191464;-122.771585
"338";0;10;"Eastbound 104 Ave @ 164 St";49.191468;-122.766956
"338";0;11;"Eastbound 104 Ave @ Oak Gate";49.191528;-122.760849
"338";0;12;"Eastbound 104 Ave @ 168 St";49.191554;-122.755808
"338";0;13;"Eastbound 104 Ave @ 170A St";49.191495;-122.749372
"338";0;14;"Eastbound 104 Ave @ 174 St";49.19144;-122.741335
"338";0;15;"Southbound 177A St @ 101A Ave";49.186626;-122.730765
"338";1;1;"Southbound 177A St @ 101A Ave";49.186626;-122.730765
"338";1;2;"Westbound Barnston Dr E @ 177A St";49.185588;-122.732288
"338";1;3;"Westbound Barnston Dr E @ 175A St";49.184942;-122.736775
"338";1;4;"Westbound 100 Ave @ 174 St";49.184331;-122.740721
"338";1;5;"Westbound Barnston Dr W @ 172 St";49.184939;-122.74607
"338";1;6;"Northbound 168 St @ 103 Ave";49.189756;-122.756399
"338";1;7;"Westbound 104 Ave @ 168 St";49.19169;-122.757052
"338";1;8;"Westbound 104 Ave @ Oak Gate";49.191636;-122.762732
"338";1;9;"Westbound 104 Ave @ 164 St";49.19158;-122.768216
"338";1;10;"Westbound 104 Ave @ Fraserglen Dr";49.191615;-122.772876
"338";1;11;"Westbound 104 Ave @ 160 St";49.19131;-122.779707
"338";1;12;"Westbound 104 Ave @ 158 St";49.191631;-122.783274
"338";1;13;"Westbound 104 Ave @ 156 St";49.191662;-122.790383
"338";1;14;"Westbound 104 Ave @ 154 St";49.191598;-122.795924
"338";1;15;"Westbound 104 Ave @ 152 St";49.191596;-122.801592
"338";1;16;"Guildford Exchange @ Bay 2";49.191632;-122.804013
"338";1;17;"Northbound 150 St @ 105 Ave";49.19248;-122.806246
"338";1;18;"Guildford @ Layover";49.194098;-122.805781
"340";0;1;"22nd Street Station @ Bay 7";49.199633;-122.949901
"340";0;2;"Southbound Hwy 91A Onramp @ Howes St";49.188232;-122.949453
"340";0;3;"Southbound Hwy 91 Offramp @ Cliveden Ave";49.170089;-122.953649
"340";0;4;"Eastbound Kittson Parkway @ 109A St";49.119139;-122.919212
"340";0;5;"Eastbound Kittson Parkway @ McKenzie Dr";49.11875;-122.909576
"340";0;6;"Eastbound Kittson Parkway @ Summit Cres";49.118918;-122.900626
"340";0;7;"Eastbound 64 Ave @ Wade Rd";49.119346;-122.896549
"340";0;8;"Eastbound 64 Ave @ Sunwood Dr";49.119277;-122.892486
"340";0;9;"Northbound Scott Rd @ 64 Ave";49.119783;-122.890201
"340";0;10;"Northbound Scott Rd @ 66 Ave";49.123259;-122.890191
"340";0;11;"Northbound Scott Rd @ 68 Ave";49.126984;-122.890187
"340";0;12;"Northbound Scott Rd @ 70 Ave";49.131043;-122.890178
"340";0;13;"Northbound Scott Rd @ 72 Ave";49.135869;-122.890168
"340";0;14;"Scottsdale Exchange @ Bay 1";49.137407;-122.88851
"340";1;1;"Scottsdale Exchange @ Bay 3";49.137611;-122.888058
"340";1;2;"Southbound Scott Rd @ 7300 Block";49.135716;-122.890542
"340";1;3;"Southbound Scott Rd @ 72 Ave";49.133065;-122.890563
"340";1;4;"Southbound Scott Rd @ 70 Ave";49.129466;-122.890557
"340";1;5;"Southbound Scott Rd @ Wade Rd";49.123827;-122.890556
"340";1;6;"Westbound 64 Ave @ Scott Rd";49.119462;-122.891487
"340";1;7;"Westbound 64 Ave @ Wade Rd";49.119481;-122.896765
"340";1;8;"Westbound Kittson Parkway @ Summit Cres";49.119126;-122.902278
"340";1;9;"Westbound Kittson Parkway @ McKenzie Dr";49.118911;-122.911037
"340";1;10;"Westbound Kittson Parkway @ Lyon Rd";49.119253;-122.920971
"340";1;11;"Northbound Hwy 91 Offramp @ Cliveden Ave";49.171733;-122.94928
"340";1;12;"Northbound Hwy 91A Onramp @ Howes St";49.187932;-122.947272
"340";1;13;"22nd Street Station @ Unloading Only";49.199857;-122.949711
"341";0;1;"Newton Exchange @ Layover";49.133269;-122.843474
"341";0;2;"Newton Exchange @ Bay 7";49.13343;-122.841794
"341";0;3;"Eastbound 72 Ave @ 138 St";49.133508;-122.838027
"341";0;4;"Eastbound 72 Ave @ 140 St";49.13356;-122.833983
"341";0;5;"Eastbound 72 Ave @ 142 St";49.133595;-122.828395
"341";0;6;"Northbound 144 St @ 72 Ave";49.134162;-122.823215
"341";0;7;"Northbound 144 St @ 74A Ave";49.138558;-122.823288
"341";0;8;"Northbound 144 St @ 76 Ave";49.141375;-122.823279
"341";0;9;"Northbound 144 St @ 77A Ave";49.143562;-122.823331
"341";0;10;"Northbound 144 St @ 79 Ave";49.145773;-122.82332
"341";0;11;"Northbound 144 St @ 8100 Block";49.149561;-122.823357
"341";0;12;"Northbound 144 St @ 82A Ave";49.153359;-122.823274
"341";0;13;"Eastbound 84 Ave @ 144 St";49.155437;-122.822589
"341";0;14;"Eastbound 84 Ave @ 146 St";49.155438;-122.816872
"341";0;15;"Northbound 148 St @ 84 Ave";49.155988;-122.812341
"341";0;16;"Northbound 148 St @ Spenser Dr";49.158445;-122.812332
"341";0;17;"Northbound 148 St @ 86B Ave";49.160752;-122.812311
"341";0;18;"Northbound 148 St @ 88 Ave";49.163443;-122.812279
"341";0;19;"Northbound 148 St @ 90 Ave";49.166755;-122.812252
"341";0;20;"Northbound 148 St @ Fraser Hwy";49.170621;-122.812183
"341";0;21;"Northbound 148 St @ 94 Ave";49.173763;-122.812177
"341";0;22;"Northbound 148 St @ 96 Ave";49.177292;-122.812115
"341";0;23;"Northbound 148 St @ 98 Ave";49.180874;-122.812038
"341";0;24;"Eastbound 100 Ave @ 148 St";49.184067;-122.811494
"341";0;25;"Northbound 150 St @ 100 Ave";49.184581;-122.806344
"341";0;26;"Northbound 150 St @ 101 Ave";49.186426;-122.806324
"341";0;27;"Northbound 150 St @ 102A Ave";49.189261;-122.806311
"341";0;28;"Guildford Exchange @ Bay 3";49.191356999999996;-122.804448
"341";0;29;"Westbound 105 Ave @ Lincoln Dr";49.193278;-122.80321
"341";0;30;"Guildford @ Layover";49.194098;-122.805781
"341";1;1;"Guildford @ Layover";49.194098;-122.805781
"341";1;2;"Eastbound 105 Ave @ Lincoln Dr";49.19317;-122.803013
"341";1;3;"Southbound 152 St @ 105 Ave";49.192726;-122.801058
"341";1;4;"Westbound 104 Ave @ 152 St";49.191596;-122.801592
"341";1;5;"Southbound 150 St @ 104 Ave";49.190964;-122.806568
"341";1;6;"Southbound 150 St @ 102A Ave";49.188643;-122.806529
"341";1;7;"Southbound 150 St @ 101 Ave";49.185885;-122.80654
"341";1;8;"Westbound 100 Ave @ 150 St";49.184261;-122.807046
"341";1;9;"Southbound 148 St @ 100 Ave";49.183668;-122.812191
"341";1;10;"Southbound 148 St @ 98 Ave";49.180174;-122.81225
"341";1;11;"Southbound 148 St @ 96 Ave";49.176413;-122.812367
"341";1;12;"Southbound 148 St @ 94 Ave";49.173155;-122.812362
"341";1;13;"Southbound 148 St @ Fraser Hwy";49.169991;-122.812435
"341";1;14;"Southbound 148 St @ 90 Ave";49.166192;-122.812466
"341";1;15;"Southbound 148 St @ 88 Ave";49.162385;-122.812468
"341";1;16;"Southbound 148 St @ 86B Ave";49.160165;-122.812494
"341";1;17;"Southbound 148 St @ Spenser Dr";49.15762;-122.81252
"341";1;18;"Westbound 84 Ave @ 148 St";49.155608;-122.812993
"341";1;19;"Westbound 84 Ave @ 146 St";49.155621;-122.818346
"341";1;20;"Southbound 144 St @ 84 Ave";49.155035;-122.8235
"341";1;21;"Southbound 144 St @ 82 Ave";49.152751;-122.823501
"341";1;22;"Southbound 144 St @ 8100 Block";49.149175;-122.823561
"341";1;23;"Southbound 144 St @ 78A Ave";49.145604;-122.823533
"341";1;24;"Southbound 144 St @ 77A Ave";49.142924;-122.82348
"341";1;25;"Southbound 144 St @ 76 Ave";49.140557;-122.823514
"341";1;26;"Southbound 144 St @ 74A Ave";49.137874;-122.823467
"341";1;27;"Southbound 144 St @ 72A Ave";49.135249;-122.8235
"341";1;28;"Westbound 72 Ave @ 144 St";49.13382;-122.824051
"341";1;29;"Westbound 72 Ave @ 142 St";49.133769;-122.829433
"341";1;30;"Westbound 72 Ave @ 140 St";49.133719;-122.835233
"341";1;31;"Westbound 72 Ave @ 138 St";49.133676;-122.839219
"341";1;32;"Newton Exchange @ Bay 1";49.133306;-122.841764
"342";0;1;"Newton Exchange @ Layover";49.133269;-122.843474
"342";0;2;"Newton Exchange @ Bay 4";49.133304;-122.842598
"342";0;3;"Eastbound 72 Ave @ 138 St";49.133508;-122.838027
"342";0;4;"Eastbound 72 Ave @ 140 St";49.13356;-122.833983
"342";0;5;"Eastbound 72 Ave @ 142 St";49.133595;-122.828395
"342";0;6;"Southbound 144 St @ 72 Ave";49.133308;-122.823442
"342";0;7;"Southbound 144 St @ 70A Ave";49.130624;-122.823422
"342";0;8;"Southbound 144 St @ 68B Ave";49.127257;-122.823409
"342";0;9;"Southbound 144 St @ 67A Ave";49.124838;-122.823411
"342";0;10;"Southbound 144 St @ 66 Ave";49.122403;-122.823422
"342";0;11;"Southbound 144 St @ 64 Ave";49.118506;-122.823407
"342";0;12;"Southbound 144 St @ 6200 Block";49.115415;-122.82343
"342";0;13;"Southbound 144 St @ 60 Ave";49.112549;-122.823463
"342";0;14;"Southbound 144 St @ 57 Ave";49.106697;-122.823515
"342";0;15;"Westbound 57 Ave @ 142 St";49.106326;-122.826966
"342";0;16;"Northbound 142 St @ 60 Ave";49.111602;-122.828776
"342";0;17;"Eastbound 60 Ave @ 144 St";49.111771;-122.822579
"342";0;18;"Eastbound 60 Ave @ 146 St";49.111758;-122.817289
"342";0;19;"Eastbound 60 Ave @ 148 St";49.111724;-122.81174
"342";0;20;"Eastbound 60 Ave @ 150 St";49.111688;-122.80605
"342";0;21;"Southbound 152 St @ 60 Ave";49.111268;-122.801165
"342";0;22;"Southbound 152 St @ Panorama Dr";49.107963;-122.801175
"342";0;23;"Eastbound Hwy 10 @ 152 St";49.104296;-122.799861
"342";0;24;"Eastbound Hwy 10 @ 168 St";49.104145;-122.755775
"342";0;25;"Eastbound 58 Ave @ 176 St";49.107725;-122.734514
"342";0;26;"Eastbound 58 Ave @ 176A St";49.10772;-122.732784
"342";0;27;"Southbound 177B St @ 56A Ave";49.105445;-122.730386
"342";0;28;"Eastbound Hwy 10 @ 177B St";49.104048;-122.729694
"342";0;29;"Eastbound Hwy 10 @ 180 St";49.104022;-122.722935
"342";0;30;"Eastbound Hwy 10 @ 182 St";49.104054;-122.717863
"342";0;31;"Eastbound Hwy 10 @ 184 St";49.104031;-122.712195
"342";0;32;"Eastbound Hwy 10 @ 18600 Block";49.10405;-122.706512
"342";0;33;"Eastbound Hwy 10 @ 188 St";49.104051;-122.701101
"342";0;34;"Eastbound 56 Ave @ Hwy 10";49.104403;-122.687502
"342";0;35;"Eastbound 56 Ave @ Production Blvd";49.10436;-122.682581
"342";0;36;"Eastbound 56 Ave @ Production Way";49.104307;-122.67564
"342";0;37;"Eastbound 56 Ave @ 198 St";49.104294;-122.672811
"342";0;38;"Eastbound 56 Ave @ 200 St";49.104254;-122.668141
"342";0;39;"Eastbound 56 Ave @ 201A St";49.104222;-122.66365
"342";0;40;"Northbound 203 St @ 56 Ave";49.104589;-122.660102
"342";0;41;"Northbound 203 St @ Fraser Hwy";49.105966;-122.659978
"342";0;42;"Eastbound Logan Ave @ 203A St";49.107721;-122.657685
"342";0;43;"Langley Centre @ Bay 5";49.106449;-122.654727
"342";1;1;"Langley Centre @ Bay 2";49.106169;-122.654028
"342";1;2;"Westbound Douglas Cres @ 204 St";49.103635;-122.657813
"342";1;3;"Westbound 56 Ave @ 203 St";49.104386;-122.66168
"342";1;4;"Westbound 56 Ave @ 201A St";49.104398;-122.66477
"342";1;5;"Westbound 56 Ave @ 200 St";49.104445;-122.669281
"342";1;6;"Westbound 56 Ave @ 198 St";49.104437;-122.673709
"342";1;7;"Westbound 56 Ave @ Production Way";49.104454;-122.677117
"342";1;8;"Southbound 196 St @ 56 Ave";49.103678;-122.680075
"342";1;9;"Westbound 54 Ave @ Production Blvd";49.100228;-122.682839
"342";1;10;"Westbound 54 Ave @ 192 St";49.101285;-122.690136
"342";1;11;"Westbound Hwy 10 @ 192 St";49.104575;-122.692342
"342";1;12;"Westbound Hwy 10 @ 188 St";49.10424;-122.702163
"342";1;13;"Westbound Hwy 10 @ 18600 Block";49.104208;-122.707055
"342";1;14;"Westbound Hwy 10 @ 184 St";49.10421;-122.71326
"342";1;15;"Westbound Hwy 10 @ 182 St";49.104206;-122.718783
"342";1;16;"Westbound Hwy 10 @ 180 St";49.104231;-122.72436
"342";1;17;"Westbound Hwy 10 @ 17800 Block";49.104239;-122.728124
"342";1;18;"Northbound 177B St @ Hwy 10";49.104688;-122.73018
"342";1;19;"Northbound 177B St @ 57 Ave";49.106384;-122.730181
"342";1;20;"Westbound 58 Ave @ 177B St";49.107855;-122.730925
"342";1;21;"Westbound 58 Ave @ 176A St";49.107856;-122.733279
"342";1;22;"Southbound 175 St @ 58A Ave";49.108014;-122.737717
"342";1;23;"Westbound Hwy 10 @ 175 St";49.104233;-122.739569
"342";1;24;"Westbound Hwy 10 @ 168 St";49.10442;-122.75761
"342";1;25;"Northbound 152 St @ Hwy 10";49.105265;-122.800853
"342";1;26;"Northbound 152 St @ 58A Ave";49.108775;-122.800863
"342";1;27;"Westbound 60 Ave @ 152 St";49.111791;-122.801693
"342";1;28;"Westbound 60 Ave @ 150 St";49.111815;-122.807384
"342";1;29;"Westbound 60 Ave @ 148 St";49.111845;-122.812964
"342";1;30;"Westbound 60 Ave @ 146 St";49.111881;-122.81832
"342";1;31;"Westbound 60 Ave @ 144 St";49.111913;-122.824111
"342";1;32;"Southbound 142 St @ 60 Ave";49.111388;-122.828904
"342";1;33;"Eastbound 57 Ave @ 142 St";49.106135;-122.826666
"342";1;34;"Northbound 144 St @ 57 Ave";49.106827;-122.823215
"342";1;35;"Northbound 144 St @ 60 Ave";49.11234;-122.823271
"342";1;36;"Northbound 144 St @ 6200 Block";49.116245;-122.823181
"342";1;37;"Northbound 144 St @ 64 Ave";49.119844;-122.823154
"342";1;38;"Northbound 144 St @ 66 Ave";49.123116;-122.823213
"342";1;39;"Northbound 144 St @ 68A Ave";49.127371;-122.823201
"342";1;40;"Northbound 144 St @ 70A Ave";49.131222;-122.823209
"342";1;41;"Westbound 72 Ave @ 144 St";49.13382;-122.824051
"342";1;42;"Westbound 72 Ave @ 142 St";49.133769;-122.829433
"342";1;43;"Westbound 72 Ave @ 140 St";49.133719;-122.835233
"342";1;44;"Westbound 72 Ave @ 138 St";49.133676;-122.839219
"342";1;45;"Newton Exchange @ Bay 1";49.133306;-122.841764
"345";0;1;"Westbound Thrift Ave @ Johnston Rd";49.027624;-122.802635
"345";0;2;"Westbound Thrift Ave @ Foster St";49.027648;-122.804416
"345";0;3;"Westbound Thrift Ave @ Blackwood St";49.027654;-122.80721
"345";0;4;"Northbound Oxford St @ Goggs Ave";49.028478;-122.812092
"345";0;5;"Northbound Oxford St @ Russell Ave";49.029756;-122.812115
"345";0;6;"Eastbound North Bluff Rd @ Oxford St";49.031041;-122.811604
"345";0;7;"Eastbound North Bluff Rd @ Everall St";49.031037;-122.809085
"345";0;8;"Eastbound North Bluff Rd @ Blackwood St";49.031024;-122.806207
"345";0;9;"White Rock Centre @ Bay 7";49.032418;-122.80105
"345";0;10;"Northbound 152 St @ 18 Ave";49.035149;-122.801054
"345";0;11;"Northbound 152 St @ 19 Ave";49.036828;-122.801046
"345";0;12;"Northbound 152 St @ 20 Ave";49.038752;-122.801057
"345";0;13;"Northbound 152 St @ 22 Ave";49.041836;-122.801076
"345";0;14;"Northbound 152 St @ 24 Ave";49.046065;-122.801068
"345";0;15;"Northbound 152 St @ 26 Ave";49.049294;-122.801075
"345";0;16;"Northbound 152 St @ King George Blvd";49.051035;-122.801095
"345";0;17;"Northbound 152 St @ 28 Ave";49.053234;-122.801099
"345";0;18;"Northbound 152 St @ 3000 Block";49.056655;-122.801002
"345";0;19;"Northbound 152 St @ 32 Ave";49.062184;-122.801011
"345";0;20;"Northbound 152 St @ 34 Ave";49.064178;-122.801053
"345";0;21;"Northbound 152 St @ 36 Ave";49.067757;-122.801009
"345";0;22;"Northbound 152 St @ 40 Ave";49.074116;-122.800969
"345";0;23;"Northbound 152 St @ 4400 Block";49.083706;-122.801038
"345";0;24;"Northbound 152 St @ 48 Ave";49.090169;-122.80105
"345";0;25;"Northbound 152 St @ 54A Ave";49.102204;-122.800887
"345";0;26;"Northbound 152 St @ Hwy 10";49.105265;-122.800853
"345";0;27;"Northbound 152 St @ 58A Ave";49.108775;-122.800863
"345";0;28;"Northbound 152 St @ 60 Ave";49.112198;-122.800807
"345";0;29;"Northbound 152 St @ 6200 Block";49.115528;-122.800863
"345";0;30;"Northbound 152 St @ 64 Ave";49.118315;-122.800802
"345";0;31;"Northbound 152 St @ 64 Ave";49.119538;-122.800812
"345";0;32;"Northbound 152 St @ 66A Ave";49.124033;-122.800828
"345";0;33;"Northbound 152 St @ 68 Ave";49.126598;-122.800855
"345";0;34;"Northbound 152 St @ 72 Ave";49.134063;-122.800899
"345";0;35;"Northbound 152 St @ 76 Ave";49.14156;-122.800889
"345";0;36;"Northbound 152 St @ 7900 Block";49.145969;-122.800967
"345";0;37;"Northbound 152 St @ 81 Ave";49.150356;-122.801112
"345";0;38;"Northbound 152 St @ 82 Ave";49.15226;-122.801185
"345";0;39;"Northbound 152 St @ 84 Ave";49.156095;-122.801294
"345";0;40;"Northbound 152 St @ 86 Ave";49.159541;-122.801339
"345";0;41;"Northbound 152 St @ 88 Ave";49.1632;-122.801328
"345";0;42;"Westbound Fraser Hwy @ 152 St";49.166722;-122.802808
"345";0;43;"Westbound Fraser Hwy @ 148 St";49.1707;-122.813039
"345";0;44;"Northbound 140 St @ 96 Ave";49.177363;-122.834395
"345";0;45;"Westbound Fraser Hwy @ Whalley Blvd";49.180787;-122.842303
"345";0;46;"Northbound King George Blvd @ Fraser Hwy";49.181116;-122.845247
"345";0;47;"King George Station @ Bay 2";49.183124;-122.845136
"345";1;1;"King George Station @ Bay 2";49.183124;-122.845136
"345";1;2;"King George Station @ Bay 3";49.181723;-122.842052
"345";1;3;"Eastbound Fraser Hwy @ 140 St";49.1794;-122.836332
"345";1;4;"Eastbound Fraser Hwy @ 148 St";49.169833;-122.811446
"345";1;5;"Eastbound Fraser Hwy @ 150 St";49.167843;-122.806304
"345";1;6;"Southbound 152 St @ Fraser Hwy";49.165382;-122.801553
"345";1;7;"Southbound 152 St @ 88 Ave";49.162511;-122.801629
"345";1;8;"Southbound 152 St @ 86 Ave";49.158779;-122.801593
"345";1;9;"Southbound 152 St @ 84 Ave";49.155093;-122.801542
"345";1;10;"Southbound 152 St @ 82 Ave";49.152643;-122.80145
"345";1;11;"Southbound 152 St @ 7900 Block";49.147524;-122.80134
"345";1;12;"Southbound 152 St @ 76 Ave";49.140428;-122.801247
"345";1;13;"Southbound 152 St @ 72 Ave";49.132977;-122.801259
"345";1;14;"Southbound 152 St @ 68 Ave";49.125876;-122.80122
"345";1;15;"Southbound 152 St @ 66A Ave";49.123026;-122.801199
"345";1;16;"Southbound 152 St @ 64 Ave";49.118442;-122.801178
"345";1;17;"Southbound 152 St @ 62A Ave";49.116333;-122.801182
"345";1;18;"Southbound 152 St @ 62 Ave";49.114079;-122.80117
"345";1;19;"Southbound 152 St @ 60 Ave";49.111268;-122.801165
"345";1;20;"Southbound 152 St @ Panorama Dr";49.107963;-122.801175
"345";1;21;"Southbound 152 St @ Hwy 10";49.10358;-122.801222
"345";1;22;"Southbound 152 St @ 54A Ave";49.101358;-122.801231
"345";1;23;"Southbound 152 St @ 48 Ave";49.089425;-122.801222
"345";1;24;"Southbound 152 St @ 4400 Block";49.083702;-122.801246
"345";1;25;"Southbound 152 St @ 40 Ave";49.074274;-122.801288
"345";1;26;"Southbound 152 St @ 36 Ave";49.066926;-122.801322
"345";1;27;"Southbound 152 St @ 34 Ave";49.063356;-122.801332
"345";1;28;"Southbound 152 St @ 32 Ave";49.061127;-122.801368
"345";1;29;"Southbound 152 St @ 29A Ave";49.055838;-122.801331
"345";1;30;"Southbound 152 St @ 28 Ave";49.052656;-122.801373
"345";1;31;"Southbound 152 St @ King George Blvd";49.051291;-122.801422
"345";1;32;"Southbound 152 St @ 26 Ave";49.048714;-122.80135
"345";1;33;"Southbound 152 St @ 24 Ave";49.045126;-122.801341
"345";1;34;"Southbound 152 St @ 22 Ave";49.041716;-122.801327
"345";1;35;"Southbound 152 St @ 20 Ave";49.038079;-122.801352
"345";1;36;"Southbound 152 St @ 19 Ave";49.036259;-122.801323
"345";1;37;"Southbound 152 St @ 18 Ave";49.034373;-122.801329
"345";1;38;"Southbound White Rock Centre @ Bay 11";49.032567;-122.801322
"345";1;39;"White Rock Centre @ Bay 3";49.030718;-122.801296
"345";1;40;"Westbound Thrift Ave @ Johnston Rd";49.027624;-122.802635
"350";0;1;"Southbound 128 St @ Crescent Rd";49.052235;-122.867474
"350";0;2;"Southbound 128 St @ 26 Ave";49.050021;-122.867456
"350";0;3;"Southbound 128 St @ 25 Ave";49.047325;-122.867469
"350";0;4;"Southbound 128 St @ 24 Ave";49.045389;-122.867489
"350";0;5;"Southbound 128 St @ 22 Ave";49.042238;-122.867517
"350";0;6;"Southbound 128 St @ 20 Ave";49.038275;-122.867604
"350";0;7;"Southbound 128 St @ 18 Ave";49.034479;-122.867594
"350";0;8;"Eastbound 16 Ave @ 128 St";49.031225;-122.867012
"350";0;9;"Eastbound 16 Ave @ 130 St";49.031209;-122.861605
"350";0;10;"Eastbound 16 Ave @ 132 St";49.031182;-122.856071
"350";0;11;"Eastbound 16 Ave @ 13300 Block";49.031173;-122.851497
"350";0;12;"Eastbound North Bluff Rd @ Bergstrom Rd";49.031121;-122.844718
"350";0;13;"Eastbound North Bluff Rd @ 13700 Block";49.03111;-122.841358
"350";0;14;"Eastbound North Bluff Rd @ Lancaster St";49.031108;-122.836897
"350";0;15;"Eastbound North Bluff Rd @ Nichol Rd";49.031098;-122.833664
"350";0;16;"Eastbound North Bluff Rd @ Bishop Rd";49.031088;-122.829886
"350";0;17;"Eastbound North Bluff Rd @ Phoenix St";49.031081;-122.82787
"350";0;18;"Eastbound North Bluff Rd @ Kerfoot Rd";49.031078;-122.825372
"350";0;19;"Eastbound North Bluff Rd @ Archibald Rd";49.031065;-122.822839
"350";0;20;"Eastbound North Bluff Rd @ High Street";49.031065;-122.81897
"350";0;21;"Eastbound North Bluff Rd @ Anderson St";49.031058;-122.814488
"350";0;22;"Southbound Oxford St @ North Bluff Rd";49.030747;-122.812296
"350";0;23;"Southbound Oxford St @ Russell Ave";49.029214;-122.812295
"350";0;24;"Eastbound Thrift Ave @ Oxford St";49.027543;-122.811621
"350";0;25;"Eastbound Thrift Ave @ Vidal St";49.027529;-122.808313
"350";0;26;"Eastbound Thrift Ave @ Foster St";49.027511;-122.803368
"350";0;27;"Northbound Johnston Rd @ Thrift Ave";49.027846;-122.801046
"350";0;28;"Northbound Johnston Rd @ Russell Ave";49.029973;-122.801046
"350";0;29;"White Rock Centre @ Bay 1";49.031208;-122.802091
"350";1;1;"White Rock Centre @ Bay 1";49.031208;-122.802091
"350";1;2;"Westbound 16 Ave @ Martin Dr";49.031219;-122.806207
"350";1;3;"Westbound 16 Ave @ Everall St";49.031226;-122.810347
"350";1;4;"Westbound 16 Ave @ 148 St";49.031241;-122.812805
"350";1;5;"Westbound 16 Ave @ 146 St";49.031228;-122.816025
"350";1;6;"Westbound 16 Ave @ 145 St";49.031233;-122.819743
"350";1;7;"Westbound 16 Ave @ 144 St";49.031264;-122.823859
"350";1;8;"Westbound 16 Ave @ Kerfoot Rd";49.031254;-122.826342
"350";1;9;"Westbound 16 Ave @ 142 St";49.031256;-122.828676
"350";1;10;"Westbound 16 Ave @ Bishop Rd";49.031264;-122.830685
"350";1;11;"Westbound 16 Ave @ 140 St";49.031292;-122.834728
"350";1;12;"Westbound 16 Ave @ Lancaster St";49.031279;-122.837338
"350";1;13;"Westbound 16 Ave @ 13700 Block";49.031285;-122.841621
"350";1;14;"Westbound 16 Ave @ 136 St";49.031297;-122.846102
"350";1;15;"Westbound 16 Ave @ 13300 Block";49.031317;-122.851244
"350";1;16;"Westbound 16 Ave @ Amble Greene Blvd";49.031337;-122.856976
"350";1;17;"Westbound 16 Ave @ 130 St";49.031344;-122.862457
"350";1;18;"Northbound 128 St @ 16 Ave";49.032072;-122.867382
"350";1;19;"Northbound 128 St @ 18 Ave";49.034945;-122.867401
"350";1;20;"Northbound 128 St @ 20 Ave";49.03884;-122.867343
"350";1;21;"Northbound 128 St @ 22 Ave";49.042794;-122.867295
"350";1;22;"Northbound 128 St @ 24 Ave";49.046146;-122.867274
"350";1;23;"Northbound 128 St @ 25 Ave";49.048392;-122.867241
"350";1;24;"Northbound 128 St @ 26B Ave";49.051695;-122.867263
"350";1;25;"Westbound Crescent Rd @ 128 St";49.053159;-122.868165
"350";1;26;"Westbound Crescent Rd @ Beckett Rd";49.053889;-122.873094
"350";1;27;"Westbound Bayview St @ Beecher St";49.054115;-122.876249
"350";1;28;"Westbound Sullivan St @ Beecher St";49.053555;-122.880091
"350";1;29;"Westbound Sullivan St @ Kidd Rd";49.055547;-122.884378
"351";0;1;"Westbound Vine Ave @ Anderson St";49.030357;-122.8146
"351";0;2;"Eastbound North Bluff Rd @ Anderson St";49.031058;-122.814488
"351";0;3;"Southbound Oxford St @ North Bluff Rd";49.030747;-122.812296
"351";0;4;"Southbound Oxford St @ Russell Ave";49.029214;-122.812295
"351";0;5;"Eastbound Thrift Ave @ Oxford St";49.027543;-122.811621
"351";0;6;"Eastbound Thrift Ave @ Vidal St";49.027529;-122.808313
"351";0;7;"Eastbound Thrift Ave @ Foster St";49.027511;-122.803368
"351";0;8;"Northbound Johnston Rd @ Thrift Ave";49.027846;-122.801046
"351";0;9;"Northbound Johnston Rd @ Russell Ave";49.029973;-122.801046
"351";0;10;"White Rock Centre @ Bay 5";49.031826;-122.801091
"351";0;11;"Northbound 152 St @ 18 Ave";49.035149;-122.801054
"351";0;12;"Northbound 152 St @ 19 Ave";49.036828;-122.801046
"351";0;13;"Northbound 152 St @ 20 Ave";49.038752;-122.801057
"351";0;14;"Northbound 152 St @ 22 Ave";49.041836;-122.801076
"351";0;15;"Northbound 152 St @ 24 Ave";49.046065;-122.801068
"351";0;16;"Northbound 152 St @ 26 Ave";49.049294;-122.801075
"351";0;17;"Northbound King George Blvd @ 152 St";49.052918;-122.80241
"351";0;18;"Northbound King George Blvd @ 2900 Block";49.056058;-122.806412
"351";0;19;"Northbound King George Blvd @ 32 Ave Diversion";49.059548;-122.810627
"351";0;20;"Northbound King George Blvd @ 148 St";49.06158;-122.813185
"351";0;21;"Northbound King George Blvd @ 34 Ave";49.065177;-122.81765
"351";0;22;"Northbound King George Blvd @ Crescent Rd";49.067997;-122.82107
"351";0;23;"South Surrey Park & Ride @ Bay 3";49.071909;-122.82248
"351";0;24;"Westbound Hwy 10 @ 96 St";49.091562;-122.957913
"351";0;25;"Northbound Hwy 99 Offramp @ Steveston Hwy";49.133056;-123.084336
"351";0;26;"Bridgeport Station @ Bay 1 Unloading Only";49.195515;-123.125911
"351";1;1;"Bridgeport Station @ Bay 9";49.195246;-123.126904
"351";1;2;"Southbound Hwy 99 Onramp @ Steveston Hwy";49.13283;-123.08712
"351";1;3;"Eastbound Hwy 10 @ Hornby Dr";49.089392;-122.962174
"351";1;4;"South Surrey Park & Ride @ Bay 1";49.071947;-122.822248
"351";1;5;"Southbound King George Blvd @ Crescent Rd";49.0669;-122.820133
"351";1;6;"Southbound King George Blvd @ 34 Ave";49.064327;-122.816986
"351";1;7;"Southbound King George Blvd @ 32 Ave";49.060991;-122.812831
"351";1;8;"Southbound King George Blvd @ 32 Ave Diversion";49.058138;-122.809349
"351";1;9;"Southbound King George Blvd @ 2900 Block";49.055845;-122.806399
"351";1;10;"Southbound King George Blvd @ 28 Ave";49.05333;-122.803395
"351";1;11;"Southbound 152 St @ King George Blvd";49.051291;-122.801422
"351";1;12;"Southbound 152 St @ 26 Ave";49.048714;-122.80135
"351";1;13;"Southbound 152 St @ 24 Ave";49.045126;-122.801341
"351";1;14;"Southbound 152 St @ 22 Ave";49.041716;-122.801327
"351";1;15;"Southbound 152 St @ 20 Ave";49.038079;-122.801352
"351";1;16;"Southbound 152 St @ 19 Ave";49.036259;-122.801323
"351";1;17;"Southbound 152 St @ 18 Ave";49.034373;-122.801329
"351";1;18;"Southbound White Rock Centre @ Bay 11";49.032567;-122.801322
"351";1;19;"White Rock Centre @ Bay 1";49.031208;-122.802091
"351";1;20;"Westbound 16 Ave @ Martin Dr";49.031219;-122.806207
"351";1;21;"Southbound Oxford St @ North Bluff Rd";49.030747;-122.812296
"351";1;22;"Westbound Vine Ave @ Anderson St";49.030357;-122.8146
"352";0;1;"Southbound White Rock Centre @ Bay 11";49.032567;-122.801322
"352";0;2;"Westbound 16 Ave @ Martin Dr";49.031219;-122.806207
"352";0;3;"Westbound 16 Ave @ Everall St";49.031226;-122.810347
"352";0;4;"Westbound 16 Ave @ 148 St";49.031241;-122.812805
"352";0;5;"Westbound 16 Ave @ 146 St";49.031228;-122.816025
"352";0;6;"Westbound 16 Ave @ 145 St";49.031233;-122.819743
"352";0;7;"Westbound 16 Ave @ 144 St";49.031264;-122.823859
"352";0;8;"Westbound 16 Ave @ Kerfoot Rd";49.031254;-122.826342
"352";0;9;"Westbound 16 Ave @ 142 St";49.031256;-122.828676
"352";0;10;"Westbound 16 Ave @ Bishop Rd";49.031264;-122.830685
"352";0;11;"Westbound 16 Ave @ 140 St";49.031292;-122.834728
"352";0;12;"Westbound 16 Ave @ Lancaster St";49.031279;-122.837338
"352";0;13;"Westbound 16 Ave @ 13700 Block";49.031285;-122.841621
"352";0;14;"Westbound 16 Ave @ 136 St";49.031297;-122.846102
"352";0;15;"Westbound 16 Ave @ 13300 Block";49.031317;-122.851244
"352";0;16;"Westbound 16 Ave @ Amble Greene Blvd";49.031337;-122.856976
"352";0;17;"Westbound 16 Ave @ 130 St";49.031344;-122.862457
"352";0;18;"Northbound 128 St @ 16 Ave";49.032072;-122.867382
"352";0;19;"Northbound 128 St @ 18 Ave";49.034945;-122.867401
"352";0;20;"Northbound 128 St @ 20 Ave";49.03884;-122.867343
"352";0;21;"Northbound 128 St @ 22 Ave";49.042794;-122.867295
"352";0;22;"Northbound 128 St @ 24 Ave";49.046146;-122.867274
"352";0;23;"Northbound 128 St @ 25 Ave";49.048392;-122.867241
"352";0;24;"Northbound 128 St @ 26B Ave";49.051695;-122.867263
"352";0;25;"Eastbound Crescent Rd @ 128 St";49.053011;-122.866665
"352";0;26;"Eastbound Crescent Rd @ 130 St";49.054633;-122.862562
"352";0;27;"Eastbound Crescent Rd @ 132 St";49.056867;-122.856767
"352";0;28;"Eastbound Crescent Rd @ 32 Ave";49.060145;-122.85059
"352";0;29;"Eastbound Crescent Rd @ 136 St";49.063488;-122.844908
"352";0;30;"Eastbound Crescent Rd @ 13700 Block";49.06425;-122.842449
"352";0;31;"Eastbound Crescent Rd @ 140 St";49.067301;-122.833971
"352";0;32;"Eastbound Crescent Rd @ 142A St";49.067106;-122.827218
"352";0;33;"Northbound King George Blvd @ Crescent Rd";49.067997;-122.82107
"352";0;34;"South Surrey Park & Ride @ Bay 3";49.071909;-122.82248
"352";0;35;"Northbound Hwy 99 Offramp @ Steveston Hwy";49.133056;-123.084336
"352";0;36;"Bridgeport Station @ Bay 1 Unloading Only";49.195515;-123.125911
"352";1;1;"Bridgeport Station @ Bay 10";49.195366;-123.126635
"352";1;2;"Southbound Hwy 99 Onramp @ Steveston Hwy";49.13283;-123.08712
"352";1;3;"South Surrey Park & Ride @ Bay 1";49.071947;-122.822248
"352";1;4;"Westbound Crescent Rd @ King George Blvd";49.066983;-122.821933
"352";1;5;"Westbound Crescent Rd @ Nico Wynd Dr";49.067484;-122.82948
"352";1;6;"Westbound Crescent Rd @ 140 St";49.06756;-122.832903
"352";1;7;"Westbound Crescent Rd @ 13700 Block";49.064522;-122.841639
"352";1;8;"Westbound Crescent Rd @ 136 St";49.062993;-122.846846
"352";1;9;"Westbound Crescent Rd @ 32 Ave";49.060179;-122.850777
"352";1;10;"Westbound Crescent Rd @ 132 St";49.05695;-122.85698
"352";1;11;"Westbound Crescent Rd @ 130 St";49.054606;-122.862911
"352";1;12;"Southbound 128 St @ Crescent Rd";49.052235;-122.867474
"352";1;13;"Southbound 128 St @ 26 Ave";49.050021;-122.867456
"352";1;14;"Southbound 128 St @ 25 Ave";49.047325;-122.867469
"352";1;15;"Southbound 128 St @ 24 Ave";49.045389;-122.867489
"352";1;16;"Southbound 128 St @ 22 Ave";49.042238;-122.867517
"352";1;17;"Southbound 128 St @ 20 Ave";49.038275;-122.867604
"352";1;18;"Southbound 128 St @ 18 Ave";49.034479;-122.867594
"352";1;19;"Eastbound 16 Ave @ 128 St";49.031225;-122.867012
"352";1;20;"Eastbound 16 Ave @ 130 St";49.031209;-122.861605
"352";1;21;"Eastbound 16 Ave @ 132 St";49.031182;-122.856071
"352";1;22;"Eastbound 16 Ave @ 13300 Block";49.031173;-122.851497
"352";1;23;"Eastbound North Bluff Rd @ Bergstrom Rd";49.031121;-122.844718
"352";1;24;"Eastbound North Bluff Rd @ 13700 Block";49.03111;-122.841358
"352";1;25;"Eastbound North Bluff Rd @ Lancaster St";49.031108;-122.836897
"352";1;26;"Eastbound North Bluff Rd @ Nichol Rd";49.031098;-122.833664
"352";1;27;"Eastbound North Bluff Rd @ Bishop Rd";49.031088;-122.829886
"352";1;28;"Eastbound North Bluff Rd @ Phoenix St";49.031081;-122.82787
"352";1;29;"Eastbound North Bluff Rd @ Kerfoot Rd";49.031078;-122.825372
"352";1;30;"Eastbound North Bluff Rd @ Archibald Rd";49.031065;-122.822839
"352";1;31;"Eastbound North Bluff Rd @ High Street";49.031065;-122.81897
"352";1;32;"Eastbound North Bluff Rd @ Anderson St";49.031058;-122.814488
"352";1;33;"Eastbound North Bluff Rd @ Oxford St";49.031041;-122.811604
"352";1;34;"Eastbound North Bluff Rd @ Everall St";49.031037;-122.809085
"352";1;35;"Eastbound North Bluff Rd @ Blackwood St";49.031024;-122.806207
"352";1;36;"White Rock Centre @ Bay 5";49.031826;-122.801091
"354";0;1;"Southbound White Rock Centre @ Bay 11";49.032567;-122.801322
"354";0;2;"White Rock Centre @ Bay 3";49.030718;-122.801296
"354";0;3;"Southbound Johnston Rd @ Thrift Ave";49.027828;-122.801323
"354";0;4;"Southbound Johnston Rd @ Buena Vista Ave";49.024089;-122.801225
"354";0;5;"Southbound Centre St @ Royal Ave";49.021505;-122.798167
"354";0;6;"Eastbound Columbia Ave @ Centre St";49.020385;-122.79677
"354";0;7;"Eastbound Columbia Ave @ 15400 Block";49.01977;-122.794806
"354";0;8;"Eastbound Columbia Ave @ Maple St";49.018357;-122.789575
"354";0;9;"Eastbound Marine Dr @ Lee St";49.016532;-122.787433
"354";0;10;"Eastbound Marine Dr @ Kent St";49.016527;-122.784301
"354";0;11;"Eastbound Marine Dr @ Stevens St";49.016521;-122.780833
"354";0;12;"Northbound 160 St @ 9th Ave";49.018631;-122.779183
"354";0;13;"Northbound 160 St @ 10 Ave";49.020517;-122.779172
"354";0;14;"Northbound 160 St @ Cliff Ave";49.022218;-122.779154
"354";0;15;"Northbound 160 St @ 12 Ave";49.024203;-122.779144
"354";0;16;"Northbound 160 St @ 13 Ave";49.025949;-122.779142
"354";0;17;"Northbound 160 St @ 14 Ave";49.027694;-122.779111
"354";0;18;"Eastbound 16 Ave @ 160 St";49.030973;-122.778677
"354";0;19;"Northbound King George Blvd @ 16 Ave";49.031554;-122.776018
"354";0;20;"Northbound King George Blvd @ 20 Ave";49.038782;-122.784995
"354";0;21;"Northbound King George Blvd @ 156 St";49.043519;-122.790761
"354";0;22;"Eastbound 24 Ave @ 156 St";49.045489;-122.789656
"354";0;23;"Eastbound 24 Ave @ 157 St";49.04548;-122.78672
"354";0;24;"Eastbound 24 Ave @ Croydon Dr";49.045456;-122.782014
"354";0;25;"Northbound 160 St @ 24 Ave";49.046029;-122.779052
"354";0;26;"Northbound 160 St @ 26 Ave";49.049613;-122.779098
"354";0;27;"Northbound 160 St @ 28 Ave";49.053111;-122.779079
"354";0;28;"Northbound 160 St @ 30 Ave";49.056772;-122.779095
"354";0;29;"Westbound 32 Ave @ 160 St";49.060162;-122.779779
"354";0;30;"Westbound 32 Ave @ 156A St";49.060184;-122.790767
"354";0;31;"Westbound 32 Ave @ 154 St";49.060927;-122.797554
"354";0;32;"Westbound 32 Ave @ 152 St";49.061678;-122.80191
"354";0;33;"Westbound 32 Ave Diversion @ 32 Ave";49.06021;-122.807545
"354";0;34;"Northbound King George Blvd @ 32 Ave Diversion";49.059548;-122.810627
"354";0;35;"Northbound King George Blvd @ 148 St";49.06158;-122.813185
"354";0;36;"Northbound King George Blvd @ 34 Ave";49.065177;-122.81765
"354";0;37;"Northbound King George Blvd @ Crescent Rd";49.067997;-122.82107
"354";0;38;"South Surrey Park & Ride @ Bay 3";49.071909;-122.82248
"354";0;39;"Northbound Hwy 99 Offramp @ Steveston Hwy";49.133056;-123.084336
"354";0;40;"Bridgeport Station @ Bay 1 Unloading Only";49.195515;-123.125911
"354";1;1;"Bridgeport Station @ Bay 10";49.195366;-123.126635
"354";1;2;"Southbound Hwy 99 Onramp @ Steveston Hwy";49.13283;-123.08712
"354";1;3;"South Surrey Park & Ride @ Bay 1";49.071947;-122.822248
"354";1;4;"Southbound King George Blvd @ Crescent Rd";49.0669;-122.820133
"354";1;5;"Southbound King George Blvd @ 34 Ave";49.064327;-122.816986
"354";1;6;"Southbound King George Blvd @ 32 Ave";49.060991;-122.812831
"354";1;7;"Eastbound 32 Ave Diversion @ King George Blvd";49.059454;-122.808468
"354";1;8;"Eastbound 32 Ave @ 152 St";49.061485;-122.800444
"354";1;9;"Eastbound 32 Ave  @ Croydon Dr";49.06037;-122.797234
"354";1;10;"Eastbound 32 Ave @ 156A St";49.060026;-122.789557
"354";1;11;"Southbound 160 St @ 32 Ave";49.059501;-122.779302
"354";1;12;"Southbound 160 St @ 30 Ave";49.055954;-122.779238
"354";1;13;"Southbound 160 St @ 28 Ave";49.052374;-122.779237
"354";1;14;"Southbound 160 St @ 26 Ave";49.048742;-122.77935
"354";1;15;"Westbound 24 Ave @ 160 St";49.045649;-122.779859
"354";1;16;"Westbound 24 Ave @ Croydon Dr";49.045669;-122.783338
"354";1;17;"Westbound 24 Ave @ 156 St";49.045676;-122.790735
"354";1;18;"Southbound King George Blvd @ 24 Ave";49.045179;-122.793333
"354";1;19;"Southbound King George Blvd @ 156 St";49.04207;-122.789463
"354";1;20;"Southbound King George Blvd @ 20 Ave";49.038051;-122.784375
"354";1;21;"Westbound 16 Ave @ King George Blvd";49.031134;-122.776584
"354";1;22;"Southbound Stayte Rd @ North Bluff Rd";49.030068;-122.779304
"354";1;23;"Southbound Stayte Rd @ Thrift Ave";49.027105;-122.77928
"354";1;24;"Southbound Stayte Rd @ Roper Ave";49.0253;-122.779257
"354";1;25;"Southbound Stayte Rd @ Buena Vista Ave";49.023435;-122.779268
"354";1;26;"Southbound Stayte Rd @ Cliff Ave";49.021813;-122.779277
"354";1;27;"Southbound Stayte Rd @ Pacific Ave";49.019797;-122.779307
"354";1;28;"Southbound Stayte Rd @ Columbia Ave";49.018092;-122.779322
"354";1;29;"Westbound Marine Dr @ Stevens St";49.01664;-122.78097
"354";1;30;"Westbound Marine Dr @ Keil St";49.016642;-122.783809
"354";1;31;"Westbound Marine Dr @ Lee St";49.016645;-122.787211
"354";1;32;"Westbound Columbia Ave @ Maple St";49.018456;-122.789537
"354";1;33;"Westbound Columbia Ave @ 15500 Block";49.01931;-122.792996
"354";1;34;"Westbound Columbia Ave @ 15300 Block";49.020516;-122.796817
"354";1;35;"Northbound Centre St @ Royal Ave";49.022128;-122.797539
"354";1;36;"Northbound Johnston Rd @ Pacific Ave";49.024202;-122.801064
"354";1;37;"Northbound Johnston Rd @ Thrift Ave";49.027846;-122.801046
"354";1;38;"Northbound Johnston Rd @ Russell Ave";49.029973;-122.801046
"354";1;39;"White Rock Centre @ Bay 1";49.031208;-122.802091
"360";0;1;"Eastbound 17 Ave @ 128 St";49.033024;-122.866103
"360";0;2;"Eastbound 17 Ave @ 12900 Block";49.032348;-122.863485
"360";0;3;"Westbound 16 Ave @ 130 St";49.031344;-122.862457
"360";0;4;"Northbound Ocean Park Rd @ 16 Ave";49.032425;-122.872969
"360";0;5;"Northbound Ocean Park Rd @ 18 Ave";49.035098;-122.875499
"360";0;6;"Northbound 124 St @ 20 Ave";49.039589;-122.878291
"360";0;7;"Northbound 124 St @ 22 Ave";49.042388;-122.878309
"360";0;8;"Northbound 124 St @ 24 Ave";49.045467;-122.878325
"360";0;9;"Northbound 124 St @ Seacrest Dr";49.047492;-122.878313
"360";0;10;"Eastbound 25 Ave @ 126 St";49.048065;-122.872644
"360";0;11;"Northbound 128 St @ 25 Ave";49.048392;-122.867241
"360";0;12;"Eastbound 26 Ave @ 12800 Block";49.049341;-122.865091
"360";0;13;"Southbound 128 St @ 25 Ave";49.047325;-122.867469
"360";0;14;"Southbound 128 St @ 24 Ave";49.045389;-122.867489
"360";0;15;"Southbound 128 St @ 22 Ave";49.042238;-122.867517
"360";0;16;"Eastbound 20 Ave @ 128 St";49.038462;-122.867001
"360";0;17;"Eastbound 20 Ave @ 129 St";49.03847;-122.863676
"360";0;18;"Eastbound 20 Ave @ 131 St";49.038461;-122.859432
"360";0;19;"Eastbound 20 Ave @ Amble Greene Dr";49.038458;-122.855244
"360";0;20;"Eastbound 20 Ave @ 134 St";49.03845;-122.850457
"360";0;21;"Eastbound 20 Ave @ 136 St";49.038412;-122.844911
"360";0;22;"Eastbound 20 Ave @ 138 St";49.038443;-122.840107
"360";0;23;"Eastbound 20 Ave @ 140 St";49.038399;-122.8338
"360";0;24;"Eastbound 20 Ave @ 142 St";49.038388;-122.828877
"360";0;25;"Eastbound 20 Ave @ 144 St";49.038384;-122.822797
"360";0;26;"Eastbound 20 Ave @ Rotary Way";49.038347;-122.816906
"360";0;27;"Southbound 148 St @ 20 Ave";49.037945;-122.812359
"360";0;28;"Southbound 148 St @ 18A Ave";49.034916;-122.812351
"360";0;29;"Southbound 148 St @ 17 Ave";49.032335;-122.812296
"360";0;30;"Eastbound North Bluff Rd @ Oxford St";49.031041;-122.811604
"360";0;31;"Eastbound North Bluff Rd @ Everall St";49.031037;-122.809085
"360";0;32;"Eastbound North Bluff Rd @ Blackwood St";49.031024;-122.806207
"360";0;33;"White Rock Centre @ Bay 2";49.031009;-122.801844
"360";0;34;"White Rock Centre @ Bay 4";49.031023;-122.800556
"360";0;35;"Eastbound North Bluff Rd @ Best St";49.030997;-122.794581
"360";0;36;"Westbound Russell Ave @ Finlay St";49.029298;-122.790736
"360";0;37;"Westbound Russell Ave @ Hospital St";49.029326;-122.793181
"360";1;1;"Westbound Russell Ave @ Hospital St";49.029326;-122.793181
"360";1;2;"Northbound Best St @ Vine Ave";49.030428;-122.795609
"360";1;3;"Westbound 16 Ave @ 154 St";49.031168;-122.79637
"360";1;4;"White Rock Centre @ Bay 1";49.031208;-122.802091
"360";1;5;"Westbound 16 Ave @ Martin Dr";49.031219;-122.806207
"360";1;6;"Westbound 16 Ave @ Everall St";49.031226;-122.810347
"360";1;7;"Northbound 148 St @ 16 Ave";49.031583;-122.812097
"360";1;8;"Northbound 148 St @ 17 Ave";49.033669;-122.812097
"360";1;9;"Northbound 148 St @ 18A Ave";49.036241;-122.812132
"360";1;10;"Westbound 20 Ave @ 148 St";49.038515;-122.812794
"360";1;11;"Westbound 20 Ave @ Rotary Way";49.038515;-122.818687
"360";1;12;"Westbound 20 Ave @ 144 St";49.038501;-122.823795
"360";1;13;"Westbound 20 Ave @ 142 St";49.038518;-122.829762
"360";1;14;"Westbound 20 Ave @ 140 St";49.038534;-122.835104
"360";1;15;"Westbound 20 Ave @ 138 St";49.038541;-122.841028
"360";1;16;"Westbound 20 Ave @ 136 St";49.038544;-122.846062
"360";1;17;"Westbound 20 Ave @ 134 St";49.038557;-122.851531
"360";1;18;"Westbound 20 Ave @ 132A St";49.038556;-122.856287
"360";1;19;"Westbound 20 Ave @ 131 St";49.038564;-122.860278
"360";1;20;"Westbound 20 Ave @ 129 St";49.038566;-122.863813
"360";1;21;"Northbound 128 St @ 20 Ave";49.03884;-122.867343
"360";1;22;"Northbound 128 St @ 22 Ave";49.042794;-122.867295
"360";1;23;"Northbound 128 St @ 24 Ave";49.046146;-122.867274
"360";1;24;"Northbound 128 St @ 25 Ave";49.048392;-122.867241
"360";1;25;"Eastbound 26 Ave @ 12800 Block";49.049341;-122.865091
"360";1;26;"Westbound 25 Ave @ 126 St";49.048165;-122.873976
"360";1;27;"Southbound 124 St @ Seacrest Dr";49.04724;-122.878486
"360";1;28;"Southbound 124 St @ 24 Ave";49.045527;-122.878496
"360";1;29;"Southbound 124 St @ 23 Ave";49.044355;-122.878498
"360";1;30;"Southbound 124 St @ 21A Ave";49.041349;-122.878512
"360";1;31;"Southbound 124 St @ Indian Fort Dr";49.038863;-122.878485
"360";1;32;"Southbound Ocean Park Rd @ 18 Ave";49.034897;-122.875484
"360";1;33;"Eastbound 16 Ave @ 126A St";49.031259;-122.871273
"360";1;34;"Southbound 128 St @ 16 Ave";49.03091;-122.86764
"361";0;1;"Southbound 128 St @ 16 Ave";49.03091;-122.86764
"361";0;2;"Southbound 128 St @ 14B Ave";49.028467;-122.86763
"361";0;3;"Eastbound Marine Dr @ 128A St";49.027164;-122.865876
"361";0;4;"Eastbound Marine Dr @ 129A St";49.027146;-122.863722
"361";0;5;"Eastbound Marine Dr @ 131 St";49.026682;-122.858912
"361";0;6;"Eastbound Marine Dr @ 132B St";49.026842;-122.853771
"361";0;7;"Eastbound Marine Dr @ 133A St";49.026924;-122.851296
"361";0;8;"Eastbound Marine Dr @ 13400 Block";49.02702;-122.848008
"361";0;9;"Eastbound Marine Dr @ 136 St";49.027101;-122.845857
"361";0;10;"Eastbound Marine Dr @ 13800 Block";49.027334;-122.839552
"361";0;11;"Eastbound Marine Dr @ Nichol Rd";49.027482;-122.833914
"361";0;12;"Eastbound Marine Dr @ Bishop Rd";49.026624;-122.830266
"361";0;13;"Eastbound Marine Dr @ 14300 Block";49.026278;-122.826124
"361";0;14;"Eastbound Marine Dr @ Duprez St";49.024752;-122.818651
"361";0;15;"Eastbound Marine Dr @ Anderson St";49.024191;-122.815496
"361";0;16;"Eastbound Marine Dr @ Oxford St";49.023367;-122.812699
"361";0;17;"Eastbound Marine Dr @ Elm St";49.022584;-122.810074
"361";0;18;"Eastbound Marine Dr @ Martin St";49.021811;-122.807478
"361";0;19;"Eastbound Marine Dr @ 15000 Block";49.020745;-122.803855
"361";0;20;"Eastbound Marine Dr @ Fir St";49.019905;-122.800901
"361";0;21;"Eastbound Marine Dr @ Dolphin St";49.019037;-122.798086
"361";0;22;"Eastbound Marine Dr @ Balsam St";49.017817;-122.794239
"361";0;23;"Eastbound Marine Dr @ Finlay St";49.016529;-122.789729
"361";0;24;"Eastbound Marine Dr @ Lee St";49.016532;-122.787433
"361";0;25;"Eastbound Marine Dr @ Kent St";49.016527;-122.784301
"361";0;26;"Eastbound Marine Dr @ Stevens St";49.016521;-122.780833
"361";0;27;"Northbound 160 St @ 9th Ave";49.018631;-122.779183
"361";0;28;"Northbound 160 St @ 10 Ave";49.020517;-122.779172
"361";0;29;"Northbound 160 St @ Cliff Ave";49.022218;-122.779154
"361";0;30;"Northbound 160 St @ 12 Ave";49.024203;-122.779144
"361";0;31;"Northbound 160 St @ 13 Ave";49.025949;-122.779142
"361";0;32;"Northbound 160 St @ 14 Ave";49.027694;-122.779111
"361";0;33;"Westbound Russell Ave @ Stayte Rd";49.029277;-122.779818
"361";0;34;"Westbound Russell Ave @ Habgood St";49.029282;-122.782375
"361";0;35;"Westbound Russell Ave @ Kent St";49.029284;-122.785368
"361";0;36;"Westbound Russell Ave @ Lee St";49.02929;-122.787771
"361";0;37;"Westbound Russell Ave @ Finlay St";49.029298;-122.790736
"361";0;38;"Westbound Russell Ave @ Hospital St";49.029326;-122.793181
"361";0;39;"Westbound Russell Ave @ Fir St";49.029368;-122.798787
"361";0;40;"Northbound Johnston Rd @ Russell Ave";49.029973;-122.801046
"361";0;41;"White Rock Centre @ Bay 9";49.033307;-122.801052
"361";1;1;"White Rock Centre @ Bay 9";49.033307;-122.801052
"361";1;2;"Southbound Martin Dr @ E Southmere Cres";49.034509;-122.803621
"361";1;3;"Southbound White Rock Centre @ Bay 11";49.032567;-122.801322
"361";1;4;"White Rock Centre @ Bay 3";49.030718;-122.801296
"361";1;5;"Eastbound Russell Ave @ George St";49.029266;-122.7993
"361";1;6;"Eastbound Russell Ave @ Merklin St";49.029238;-122.796742
"361";1;7;"Eastbound Russell Ave @ Hospital St";49.029216;-122.793594
"361";1;8;"Eastbound Russell Ave @ Finlay St";49.029171;-122.789768
"361";1;9;"Eastbound Russell Ave @ Lee St";49.029166;-122.78727
"361";1;10;"Eastbound Russell Ave @ Kent St";49.029167;-122.785011
"361";1;11;"Eastbound Russell Ave @ Habgood St";49.029159;-122.781815
"361";1;12;"Southbound Stayte Rd @ Thrift Ave";49.027105;-122.77928
"361";1;13;"Southbound Stayte Rd @ Roper Ave";49.0253;-122.779257
"361";1;14;"Southbound Stayte Rd @ Buena Vista Ave";49.023435;-122.779268
"361";1;15;"Southbound Stayte Rd @ Cliff Ave";49.021813;-122.779277
"361";1;16;"Southbound Stayte Rd @ Pacific Ave";49.019797;-122.779307
"361";1;17;"Southbound Stayte Rd @ Columbia Ave";49.018092;-122.779322
"361";1;18;"Westbound Marine Dr @ Stevens St";49.01664;-122.78097
"361";1;19;"Westbound Marine Dr @ Keil St";49.016642;-122.783809
"361";1;20;"Westbound Marine Dr @ Lee St";49.016645;-122.787211
"361";1;21;"Westbound Marine Dr @ Maple St";49.01665;-122.789265
"361";1;22;"Westbound Marine Dr @ Balsam St";49.017925;-122.794242
"361";1;23;"Westbound Marine Dr @ Dolphin St";49.019004;-122.797676
"361";1;24;"Westbound Marine Dr @ 15100 Block";49.02051;-122.80264
"361";1;25;"Westbound Marine Dr @ 14900 Block";49.021902;-122.807511
"361";1;26;"Westbound Marine Dr @ Vidal St";49.022354;-122.808973
"361";1;27;"Westbound Marine Dr @ Oxford St";49.023471;-122.812716
"361";1;28;"Westbound Marine Dr @ Anderson St";49.024319;-122.815499
"361";1;29;"Westbound Marine Dr @ Bay St";49.024834;-122.818098
"361";1;30;"Westbound Marine Dr @ Magdalen Cres";49.025862;-122.823448
"361";1;31;"Westbound Marine Dr @ Kerfoot Rd";49.026328;-122.825969
"361";1;32;"Westbound Marine Dr @ Bishop Rd";49.026718;-122.830276
"361";1;33;"Westbound Marine Dr @ Nichol Rd";49.027591;-122.8349
"361";1;34;"Westbound Marine Dr @ 13800 Block";49.027422;-122.839851
"361";1;35;"Westbound Marine Dr @ Bergstrom Rd";49.027238;-122.845178
"361";1;36;"Westbound Marine Dr @ 13400 Block";49.027116;-122.848577
"361";1;37;"Westbound Marine Dr @ 133A St";49.027026;-122.851725
"361";1;38;"Westbound Marine Dr @ 132B St";49.026905;-122.8549
"361";1;39;"Westbound Marine Dr @ 131 St";49.026796;-122.859627
"361";1;40;"Northbound 130 St @ 14 Ave";49.028099;-122.861938
"361";1;41;"Northbound 130 St @ 15 Ave";49.029893;-122.861923
"361";1;42;"Westbound 16 Ave @ 130 St";49.031344;-122.862457
"361";1;43;"Northbound 128 St @ 16 Ave";49.032072;-122.867382
"361";1;44;"Eastbound 17 Ave @ 128 St";49.033024;-122.866103
"362";0;1;"Eastbound Marine Dr @ Martin St";49.021811;-122.807478
"362";0;2;"Eastbound Marine Dr @ 15000 Block";49.020745;-122.803855
"362";0;3;"Eastbound Marine Dr @ Fir St";49.019905;-122.800901
"362";0;4;"Eastbound Marine Dr @ Dolphin St";49.019037;-122.798086
"362";0;5;"Eastbound Marine Dr @ Balsam St";49.017817;-122.794239
"362";0;6;"Eastbound Marine Dr @ Finlay St";49.016529;-122.789729
"362";0;7;"Westbound Columbia Ave @ Maple St";49.018456;-122.789537
"362";0;8;"Westbound Columbia Ave @ 15500 Block";49.01931;-122.792996
"362";0;9;"Westbound Columbia Ave @ 15300 Block";49.020516;-122.796817
"362";0;10;"Northbound Centre St @ Royal Ave";49.022128;-122.797539
"362";0;11;"Northbound Johnston Rd @ Pacific Ave";49.024202;-122.801064
"362";0;12;"Northbound Johnston Rd @ Thrift Ave";49.027846;-122.801046
"362";0;13;"Northbound Johnston Rd @ Russell Ave";49.029973;-122.801046
"362";0;14;"White Rock Centre @ Bay 9";49.033307;-122.801052
"362";1;1;"White Rock Centre @ Bay 9";49.033307;-122.801052
"362";1;2;"Southbound Martin Dr @ E Southmere Cres";49.034509;-122.803621
"362";1;3;"Southbound White Rock Centre @ Bay 11";49.032567;-122.801322
"362";1;4;"White Rock Centre @ Bay 3";49.030718;-122.801296
"362";1;5;"Southbound Johnston Rd @ Thrift Ave";49.027828;-122.801323
"362";1;6;"Southbound Johnston Rd @ Buena Vista Ave";49.024089;-122.801225
"362";1;7;"Westbound Buena Vista Ave @ Foster St";49.023963;-122.804312
"362";1;8;"Westbound Buena Vista Ave @ Blackwood St";49.023974;-122.807022
"362";1;9;"Westbound Buena Vista Ave @ Beach View Ave";49.023978;-122.808889
"362";1;10;"Westbound Buena Vista Ave @ Oxford St";49.023986;-122.811772
"362";1;11;"Eastbound Marine Dr @ Elm St";49.022584;-122.810074
"362";1;12;"Eastbound Marine Dr @ Martin St";49.021811;-122.807478
"363";0;1;"Westbound Russell Ave @ Hospital St";49.029326;-122.793181
"363";0;2;"Northbound Best St @ Vine Ave";49.030428;-122.795609
"363";0;3;"Westbound 16 Ave @ 154 St";49.031168;-122.79637
"363";0;4;"White Rock Centre @ Bay 3";49.030718;-122.801296
"363";0;5;"Southbound Johnston Rd @ Thrift Ave";49.027828;-122.801323
"363";0;6;"Southbound Johnston Rd @ Buena Vista Ave";49.024089;-122.801225
"363";0;7;"Northbound Fir St @ Buena Vista Ave";49.023773;-122.798562
"363";0;8;"Eastbound Buena Vista Ave @ Dolphin St";49.023834;-122.794407
"363";0;9;"Eastbound Buena Vista Ave @ Maple St";49.023761;-122.789035
"363";0;10;"Eastbound Buena Vista Ave @ Parker St";49.023761;-122.785756
"363";0;11;"Eastbound Buena Vista Ave @ Habgood St";49.02375;-122.781646
"363";0;12;"Northbound 160 St @ 12 Ave";49.024203;-122.779144
"363";0;13;"Northbound 160 St @ 13 Ave";49.025949;-122.779142
"363";0;14;"Northbound 160 St @ 14 Ave";49.027694;-122.779111
"363";0;15;"Eastbound 16 Ave @ 160 St";49.030973;-122.778677
"363";0;16;"Northbound King George Blvd @ 16 Ave";49.031554;-122.776018
"363";0;17;"Northbound 160 St @ Park Dr";49.035476;-122.779111
"363";0;18;"Northbound 160 St @ 20 Ave";49.037781;-122.779113
"363";0;19;"Northbound Cranley Dr @ Cumbria Dr";49.040513;-122.780371
"363";0;20;"Northbound Cranley Dr @ Suffolk Rd";49.042114;-122.782161
"363";0;21;"Westbound Cranley Dr @ 157A St";49.044433;-122.785542
"363";0;22;"Eastbound 24 Ave @ 157 St";49.04548;-122.78672
"363";0;23;"Eastbound 24 Ave @ Croydon Dr";49.045456;-122.782014
"363";0;24;"Northbound 160 St @ 24 Ave";49.046029;-122.779052
"363";0;25;"Northbound 160 St @ 26 Ave";49.049613;-122.779098
"363";0;26;"Northbound 160 St @ 28 Ave";49.053111;-122.779079
"363";0;27;"Northbound 160 St @ 30 Ave";49.056772;-122.779095
"363";0;28;"Westbound 32 Ave @ 160 St";49.060162;-122.779779
"363";0;29;"Westbound 32 Ave @ 156A St";49.060184;-122.790767
"363";0;30;"Westbound 32 Ave @ 154 St";49.060927;-122.797554
"363";0;31;"Westbound 32 Ave @ 152 St";49.061678;-122.80191
"363";0;32;"Westbound 32 Ave Diversion @ 32 Ave";49.06021;-122.807545
"363";0;33;"Southbound King George Blvd @ 32 Ave Diversion";49.058138;-122.809349
"363";1;1;"Southbound King George Blvd @ 32 Ave Diversion";49.058138;-122.809349
"363";1;2;"Southbound King George Blvd @ 2900 Block";49.055845;-122.806399
"363";1;3;"Southbound King George Blvd @ 28 Ave";49.05333;-122.803395
"363";1;4;"Northbound 152 St @ 28 Ave";49.053234;-122.801099
"363";1;5;"Northbound 152 St @ 3000 Block";49.056655;-122.801002
"363";1;6;"Eastbound 32 Ave @ 152 St";49.061485;-122.800444
"363";1;7;"Eastbound 32 Ave  @ Croydon Dr";49.06037;-122.797234
"363";1;8;"Eastbound 32 Ave @ 156A St";49.060026;-122.789557
"363";1;9;"Southbound 160 St @ 32 Ave";49.059501;-122.779302
"363";1;10;"Southbound 160 St @ 30 Ave";49.055954;-122.779238
"363";1;11;"Southbound 160 St @ 28 Ave";49.052374;-122.779237
"363";1;12;"Southbound 160 St @ 26 Ave";49.048742;-122.77935
"363";1;13;"Westbound 24 Ave @ 160 St";49.045649;-122.779859
"363";1;14;"Westbound 24 Ave @ Croydon Dr";49.045669;-122.783338
"363";1;15;"Eastbound Cranley Dr @ 157A St";49.044326;-122.785455
"363";1;16;"Southbound Cranley Dr @ Suffolk Rd";49.041661;-122.781829
"363";1;17;"Southbound Cranley Dr @ Cumbria Dr";49.04026;-122.780259
"363";1;18;"Southbound 160 St @ 20 Ave";49.038034;-122.77927
"363";1;19;"Southbound 160 St @ 19 Ave";49.035982;-122.779277
"363";1;20;"Westbound 16 Ave @ King George Blvd";49.031134;-122.776584
"363";1;21;"Southbound Stayte Rd @ North Bluff Rd";49.030068;-122.779304
"363";1;22;"Southbound Stayte Rd @ Thrift Ave";49.027105;-122.77928
"363";1;23;"Southbound Stayte Rd @ Roper Ave";49.0253;-122.779257
"363";1;24;"Westbound Buena Vista Ave @ Stayte Rd";49.023868;-122.779615
"363";1;25;"Westbound Buena Vista Ave @ Habgood St";49.023884;-122.782194
"363";1;26;"Westbound Buena Vista Ave @ Kent St";49.023891;-122.785272
"363";1;27;"Westbound Buena Vista Ave @ Lee St";49.02388;-122.787892
"363";1;28;"Westbound Buena Vista Ave @ Dolphin St";49.023967;-122.794143
"363";1;29;"Westbound Buena Vista Ave @ Merklin St";49.023972;-122.797365
"363";1;30;"Northbound Johnston Rd @ Pacific Ave";49.024202;-122.801064
"363";1;31;"Northbound Johnston Rd @ Thrift Ave";49.027846;-122.801046
"363";1;32;"Northbound Johnston Rd @ Russell Ave";49.029973;-122.801046
"363";1;33;"White Rock Centre @ Bay 4";49.031023;-122.800556
"363";1;34;"Eastbound North Bluff Rd @ Best St";49.030997;-122.794581
"363";1;35;"Westbound Russell Ave @ Finlay St";49.029298;-122.790736
"363";1;36;"Westbound Russell Ave @ Hospital St";49.029326;-122.793181
"364";0;1;"Scottsdale Exchange @ Bay 9";49.137335;-122.888569
"364";0;2;"Southbound Scott Rd @ 7300 Block";49.135716;-122.890542
"364";0;3;"Southbound Scott Rd @ 72 Ave";49.133065;-122.890563
"364";0;4;"Southbound Scott Rd @ 70 Ave";49.129466;-122.890557
"364";0;5;"Southbound Scott Rd @ Wade Rd";49.123827;-122.890556
"364";0;6;"Eastbound 64 Ave @ Scott Rd";49.119202;-122.889329
"364";0;7;"Eastbound 64 Ave @ 122 St";49.119188;-122.884112
"364";0;8;"Eastbound 64 Ave @ 124 St";49.119126;-122.878389
"364";0;9;"Eastbound 64 Ave @ 126 St";49.11907;-122.872796
"364";0;10;"Eastbound 64 Ave @ 128 St";49.119025;-122.867319
"364";0;11;"Eastbound 64 Ave @ 130 St";49.118963;-122.861795
"364";0;12;"Eastbound 64 Ave @ 132 St";49.118911;-122.856041
"364";0;13;"Eastbound 64 Ave @ 134 St";49.11893;-122.850606
"364";0;14;"Eastbound 64 Ave @ King George Blvd";49.118939;-122.84458
"364";0;15;"Eastbound 64 Ave @ 138 St";49.118962;-122.839451
"364";0;16;"Eastbound 64 Ave @ 140 St";49.118983;-122.833824
"364";0;17;"Eastbound 64 Ave @ 142 St";49.119015;-122.828345
"364";0;18;"Eastbound 64 Ave @ 144 St";49.11903;-122.822749
"364";0;19;"Eastbound 64 Ave @ 146 St";49.119039;-122.817258
"364";0;20;"Eastbound 64 Ave @ 148 St";49.119023;-122.811664
"364";0;21;"Eastbound 64 Ave @ 152 St";49.118971;-122.800293
"364";0;22;"Eastbound 64 Ave @ 165 St";49.118842;-122.764773
"364";0;23;"Eastbound 64 Ave @ 166 St";49.118832;-122.761891
"364";0;24;"Eastbound 64 Ave @ 168 St";49.118797;-122.755909
"364";0;25;"Eastbound 64 Ave @ 16900 Block";49.118768;-122.750999
"364";0;26;"Eastbound 64 Ave @ 172 St";49.118733;-122.74546
"364";0;27;"Eastbound 64 Ave @ 173A St";49.118718;-122.741828
"364";0;28;"Eastbound 64 Ave @ 176 St";49.118681;-122.734154
"364";0;29;"Eastbound 64 Ave @ 177B St";49.118673;-122.730037
"364";0;30;"Eastbound 64 Ave @ 179 St";49.1187;-122.724987
"364";0;31;"Eastbound 64 Ave @ 181A St";49.118669;-122.719315
"364";0;32;"Eastbound 64 Ave @ 184 St";49.11868;-122.711957
"364";0;33;"Eastbound 64 Ave @ 186 St";49.118783;-122.706555
"364";0;34;"Eastbound 64 Ave @ 188 St";49.118908;-122.700371
"364";0;35;"Eastbound 64 Ave @ 190 St";49.118979;-122.695869
"364";0;36;"Eastbound 64 Ave @ Fraser Hwy";49.119185;-122.69063
"364";0;37;"Eastbound 64 Ave @ 194 St";49.119024;-122.684578
"364";0;38;"Eastbound 64 Ave @ 196 St";49.118993;-122.679504
"364";0;39;"Eastbound 64 Ave @ 197 St";49.11897;-122.676339
"364";0;40;"Eastbound 64 Ave @ 198 St";49.118956;-122.673949
"364";0;41;"Eastbound 64 Ave @ 19900 Block";49.118937;-122.671591
"364";0;42;"Eastbound 64 Ave @ 200 St";49.11889;-122.66738
"364";0;43;"Eastbound 64 Ave @ 202 St";49.118845;-122.662805
"364";0;44;"Eastbound 64 Ave @ 203 St";49.11882;-122.659312
"364";0;45;"Eastbound 64 Ave @ 20400 Block";49.118809;-122.656629
"364";0;46;"Southbound 204 St @ 64 Ave";49.118384;-122.65476
"364";0;47;"Eastbound Logan Ave @ 203A St";49.107721;-122.657685
"364";0;48;"Langley Centre @ Bay 4";49.106346;-122.654492
"364";1;1;"Langley Centre @ Bay 4";49.106346;-122.654492
"364";1;2;"Westbound Fraser Hwy @ 56 Ave";49.105178;-122.658147
"364";1;3;"Northbound 203 St @ Fraser Hwy";49.105966;-122.659978
"364";1;4;"Westbound 64 Ave @ 204 St";49.118955;-122.654693
"364";1;5;"Westbound 64 Ave @ 20300 Block";49.119002;-122.657557
"364";1;6;"Westbound 64 Ave @ 203 St";49.119029;-122.660877
"364";1;7;"Westbound 64 Ave @ 202 St";49.119053;-122.663773
"364";1;8;"Westbound 64 Ave @ 201 St";49.119074;-122.666228
"364";1;9;"Westbound 64 Ave @ 200 St";49.119091;-122.669668
"364";1;10;"Westbound 64 Ave @ 198 St";49.119098;-122.674101
"364";1;11;"Westbound 64 Ave @ 197 St";49.119129;-122.677839
"364";1;12;"Westbound 64 Ave @ 196 St";49.119175;-122.680507
"364";1;13;"Westbound 64 Ave @ 194 St";49.119214;-122.686002
"364";1;14;"Westbound 64 Ave @ Fraser Hwy";49.118734;-122.692402
"364";1;15;"Westbound 64 Ave @ 190 St";49.119112;-122.697661
"364";1;16;"Westbound 64 Ave @ 188 St";49.119036;-122.702518
"364";1;17;"Westbound 64 Ave @ 186 St";49.118909;-122.708121
"364";1;18;"Westbound 64 Ave @ 184 St";49.118828;-122.712983
"364";1;19;"Westbound 64 Ave @ 181A St";49.118811;-122.720802
"364";1;20;"Westbound 64 Ave @ 180 St";49.118853;-122.724444
"364";1;21;"Westbound 64 Ave @ 177B St";49.118858;-122.731356
"364";1;22;"Westbound 64 Ave @ 176 St";49.118876;-122.735903
"364";1;23;"Westbound 64 Ave @ 174A St";49.11889;-122.739775
"364";1;24;"Westbound 64 Ave @ 172 St";49.11894;-122.746743
"364";1;25;"Westbound 64 Ave @ 16900 Block";49.11896;-122.751882
"364";1;26;"Westbound 64 Ave @ 168 St";49.118994;-122.757191
"364";1;27;"Westbound 64 Ave @ 166 St";49.119015;-122.762879
"364";1;28;"Westbound 64 Ave @ 165 St";49.119037;-122.766041
"364";1;29;"Westbound 64 Ave @ 152 St";49.119156;-122.801633
"364";1;30;"Westbound 64 Ave @ 148 St";49.119209;-122.81291
"364";1;31;"Westbound 64 Ave @ 146 St";49.119209;-122.818379
"364";1;32;"Westbound 64 Ave @ 144 St";49.11921;-122.823839
"364";1;33;"Westbound 64 Ave @ 142 St";49.119192;-122.829275
"364";1;34;"Westbound 64 Ave @ 140 St";49.119172;-122.834752
"364";1;35;"Westbound 64 Ave @ 138 St";49.11915;-122.840539
"364";1;36;"Westbound 64 Ave @ King George Blvd";49.119126;-122.846971
"364";1;37;"Westbound 64 Ave @ 134 St";49.119102;-122.851463
"364";1;38;"Westbound 64 Ave @ 132 St";49.119089;-122.85705
"364";1;39;"Westbound 64 Ave @ 130 St";49.119151;-122.862679
"364";1;40;"Westbound 64 Ave @ 128 St";49.119211;-122.868362
"364";1;41;"Westbound 64 Ave @ 126 St";49.119261;-122.873924
"364";1;42;"Westbound 64 Ave @ 124 St";49.119321;-122.87962
"364";1;43;"Westbound 64 Ave @ 122 St";49.119374;-122.885001
"364";1;44;"Northbound Scott Rd @ 64 Ave";49.119783;-122.890201
"364";1;45;"Northbound Scott Rd @ 66 Ave";49.123259;-122.890191
"364";1;46;"Northbound Scott Rd @ 68 Ave";49.126984;-122.890187
"364";1;47;"Northbound Scott Rd @ 70 Ave";49.131043;-122.890178
"364";1;48;"Northbound Scott Rd @ 72 Ave";49.135869;-122.890168
"364";1;49;"Scottsdale Exchange @ Bay 1";49.137407;-122.88851
"370";0;1;"Northbound 180 St @ 55 Ave";49.102886;-122.723724
"370";0;2;"Westbound Hwy 10 @ 180 St";49.104231;-122.72436
"370";0;3;"Westbound Hwy 10 @ 17800 Block";49.104239;-122.728124
"370";0;4;"Northbound 177B St @ Hwy 10";49.104688;-122.73018
"370";0;5;"Westbound 57 Ave @ 177B St";49.106067;-122.730864
"370";0;6;"Northbound 176A St @ 57 Ave";49.106322;-122.733595
"370";0;7;"Northbound 176A St @ 58A Ave";49.108947;-122.733607
"370";0;8;"Northbound 176A St @ 60 Ave";49.110713;-122.733614
"370";0;9;"Eastbound 60 Ave @ 180 St";49.111364;-122.723195
"370";0;10;"Eastbound 60 Ave @ 182 St";49.11136;-122.717882
"370";0;11;"Northbound 184 St @ 60 Ave";49.111824;-122.712514
"370";0;12;"Northbound 184 St @ 6200 Block";49.11534;-122.712489
"370";0;13;"Eastbound 64 Ave @ 184 St";49.11868;-122.711957
"370";0;14;"Eastbound 64 Ave @ 186 St";49.118783;-122.706555
"370";0;15;"Northbound 188 St @ 64 Ave";49.119726;-122.701633
"370";0;16;"Northbound 188 St @ Fraser Hwy";49.124045;-122.701454
"370";0;17;"Northbound 188 St @ 68 Ave";49.126646;-122.701633
"370";0;18;"Northbound 188 St @ 70 Ave";49.130061;-122.701575
"370";0;19;"Eastbound 72 Ave @ 188 St";49.133467;-122.701005
"370";0;20;"Eastbound 72 Ave @ 190 St";49.133542;-122.695491
"370";0;21;"Southbound 192 St @ 72 Ave";49.133016;-122.690955
"370";0;22;"Southbound 192 St @ 70 Ave";49.129682;-122.690987
"370";0;23;"Eastbound 68 Ave @ 192 St";49.126318;-122.690377
"370";0;24;"Southbound 194 St @ 68 Ave";49.125636;-122.685414
"370";0;25;"Southbound 194 St @ 66 Ave";49.123365;-122.685416
"370";0;26;"Eastbound 64 Ave @ 194 St";49.119024;-122.684578
"370";0;27;"Eastbound 64 Ave @ 196 St";49.118993;-122.679504
"370";0;28;"Southbound 197 St @ 64 Ave";49.11866;-122.677124
"370";0;29;"Westbound Willowbrook Dr @ 197 St";49.116898;-122.677645
"370";0;30;"Mall Access Rd @ Willowbrook Mall";49.115383;-122.677051
"370";1;1;"Mall Access Rd @ Willowbrook Mall";49.115383;-122.677051
"370";1;2;"Eastbound Willowbrook Dr @ 197 St";49.116703;-122.676459
"370";1;3;"Northbound 198 St @ Willowbrook Dr";49.118016;-122.674614
"370";1;4;"Westbound 64 Ave @ 197 St";49.119129;-122.677839
"370";1;5;"Westbound 64 Ave @ 196 St";49.119175;-122.680507
"370";1;6;"Northbound 194 St @ 64 Ave";49.119498;-122.685263
"370";1;7;"Northbound 194 St @ 66 Ave";49.124011;-122.685224
"370";1;8;"Westbound 68 Ave @ 194 St";49.126433;-122.686138
"370";1;9;"Northbound 192 St @ 68 Ave";49.126705;-122.690739
"370";1;10;"Northbound 192 St @ 70 Ave";49.130327;-122.690724
"370";1;11;"Westbound 72 Ave @ 192 St";49.133736;-122.691418
"370";1;12;"Westbound 72 Ave @ 190 St";49.133647;-122.696881
"370";1;13;"Southbound 188 St @ 70 Ave";49.129555;-122.701763
"370";1;14;"Southbound 188 St @ 68 Ave";49.125409;-122.701802
"370";1;15;"Southbound 188 St @ Fraser Hwy";49.123019;-122.70188
"370";1;16;"Westbound 64 Ave @ 188 St";49.119036;-122.702518
"370";1;17;"Westbound 64 Ave @ 186 St";49.118909;-122.708121
"370";1;18;"Southbound 184 St @ 64 Ave";49.11801;-122.712661
"370";1;19;"Southbound 184 St @ 63 Ave";49.115861;-122.712713
"370";1;20;"Westbound 60 Ave @ 184 St";49.11149;-122.713126
"370";1;21;"Westbound 60 Ave @ 182 St";49.111478;-122.718612
"370";1;22;"Westbound 60 Ave @ 180 St";49.111512;-122.724292
"370";1;23;"Westbound 60 Ave @ 179 St";49.111524;-122.727349
"370";1;24;"Southbound 176A St @ 60 Ave";49.11088;-122.733805
"370";1;25;"Southbound 176A St @ 58A Ave";49.109059;-122.733788
"370";1;26;"Eastbound 57 Ave @ 176A St";49.105915;-122.732833
"370";1;27;"Southbound 177B St @ 56A Ave";49.105445;-122.730386
"370";1;28;"Eastbound Hwy 10 @ 177B St";49.104048;-122.729694
"370";1;29;"Northbound 180 St @ 55 Ave";49.102886;-122.723724
"371";0;1;"Scott Road Station @ Bay 7";49.204192;-122.874952
"371";0;2;"Westbound 111A Ave @ 12300 Block";49.205673;-122.881086
"371";0;3;"Eastbound 112 Ave @ 124 St";49.206293;-122.879697
"371";0;4;"Eastbound 114 Ave @ 124 St";49.209825;-122.877824
"371";0;5;"Eastbound 114 Ave @ 126A St";49.209761;-122.869055
"371";0;6;"Southbound 128 St @ 114 Ave";49.209434;-122.867475
"371";0;7;"Eastbound 115 Ave @ Bridgeview Dr";49.21115;-122.86105
"371";0;8;"Southbound 132 St @ 115 Ave";49.210982;-122.856425
"371";0;9;"Eastbound 114 Ave @ 132 St";49.209754;-122.855902
"371";0;10;"Southbound 133A St @ 114 Ave";49.209357;-122.852186
"371";0;11;"Southbound 133A St @ 112A Ave";49.206928;-122.852573
"371";0;12;"Eastbound 112 Ave @ 13400 Block";49.206149;-122.849758
"371";0;13;"Southbound 136 St @ 112 Ave";49.205751;-122.845372
"371";0;14;"Southbound 136 St @ 111 Ave";49.204041;-122.845341
"371";0;15;"Southbound Hilton Rd @ Bentley Rd";49.201196;-122.844983
"371";0;16;"Westbound 108 Ave @ 13600 Block";49.198934;-122.844336
"371";0;17;"Westbound 108 Ave @ King George Blvd";49.198964;-122.847112
"371";0;18;"Gateway Station @ Bay 2";49.199;-122.849243
"371";0;19;"Southbound University Dr @ 107A Ave";49.197107;-122.851009
"371";0;20;"Southbound University Dr @ 105A Ave";49.193866;-122.851025
"371";0;21;"Southbound University Dr @ 104 Ave";49.191043;-122.850236
"371";0;22;"Surrey Central Station @ Bay 6";49.188948;-122.849377
"371";1;1;"Surrey Central Station @ Bay 6";49.188948;-122.849377
"371";1;2;"Northbound University Dr @ 104 Ave";49.192053;-122.850689
"371";1;3;"Northbound University Dr @ 105A Ave";49.1948;-122.850734
"371";1;4;"Northbound University Dr @ 107A Ave";49.197675;-122.85073
"371";1;5;"Gateway Station @ Bay 3";49.198812;-122.85022
"371";1;6;"Eastbound 108 Ave @ King George Blvd";49.19876;-122.844888
"371";1;7;"Northbound Hilton Rd @ Grosvenor Rd";49.200402;-122.843831
"371";1;8;"Northbound 136 St @ Bentley Rd";49.201981;-122.845154
"371";1;9;"Northbound 136 St @ 111 Ave";49.204576;-122.8452
"371";1;10;"Westbound 112 Ave @ 136 St";49.206235;-122.845834
"371";1;11;"Westbound 112 Ave @ 13400 Block";49.206237;-122.849936
"371";1;12;"Northbound 133A St @ 112A Ave";49.207478;-122.852218
"371";1;13;"Northbound 133A St @ Crestview Dr";49.209194;-122.852046
"371";1;14;"Westbound 114 Ave @ 132 St";49.209844;-122.855872
"371";1;15;"Westbound 115 Ave @ 132 St";49.211415;-122.856729
"371";1;16;"Westbound 115 Ave @ Bridgeview Dr";49.211273;-122.86047
"371";1;17;"Northbound 128 St @ 114 Ave";49.209557;-122.867346
"371";1;18;"Westbound 114 Ave @ 126A St";49.209884;-122.871326
"371";1;19;"Westbound 114 Ave @ 124 St";49.209892;-122.877437
"371";1;20;"Southbound 124 St @ 112A Ave";49.206998;-122.878726
"371";1;21;"Eastbound 111A Ave @ 12300 Block";49.205567;-122.880315
"371";1;22;"Scott Road Station @ Bay 1";49.204326;-122.875671
"372";0;1;"Westbound 68 Ave @ 18700 Block";49.126165;-122.704228
"372";0;2;"Westbound Fraser Hwy @ 68 Ave";49.127101;-122.708622
"372";0;3;"Northbound 184 St @ Fraser Hwy";49.129194;-122.712387
"372";0;4;"Eastbound 72 Ave @ 184 St";49.133297;-122.71176
"372";0;5;"Eastbound 72 Ave @ 188 St";49.133467;-122.701005
"372";0;6;"Eastbound 72 Ave @ 190 St";49.133542;-122.695491
"372";0;7;"Eastbound 72 Ave @ 192 St";49.133625;-122.690128
"372";0;8;"Eastbound 72 Ave @ 194A St";49.133569;-122.683181
"372";0;9;"Eastbound 72 Ave @ 196 St";49.133501;-122.678817
"372";0;10;"Eastbound 72 Ave @ 198B St";49.133433;-122.671322
"372";0;11;"Eastbound 72 Ave @ 200 St";49.133409;-122.6671
"372";0;12;"Southbound 202B St @ 72 Ave";49.132917;-122.661361
"372";0;13;"Southbound 202B St @ 70A Ave";49.130734;-122.661049
"372";0;14;"Southbound 203 St @ 68 Ave";49.125763;-122.66044
"372";0;15;"Southbound 203 St @ 66 Ave";49.122253;-122.660208
"372";0;16;"Southbound 203 St @ 65 Ave";49.120236;-122.660234
"372";0;17;"Eastbound 64 Ave @ 203 St";49.11882;-122.659312
"372";0;18;"Eastbound 64 Ave @ 20400 Block";49.118809;-122.656629
"372";0;19;"Eastbound Mufford Cres @ 62 Ave";49.114478;-122.645921
"372";0;20;"Southbound Glover Rd @ 5900 Block";49.1101;-122.648451
"372";0;21;"Southbound Glover Rd @ Eastleigh Cres";49.107807;-122.65141
"372";0;22;"Langley Centre @ Bay 1";49.105658;-122.654233
"372";0;23;"Westbound Fraser Hwy @ 56 Ave";49.105178;-122.658147
"372";0;24;"Northbound 203 St @ Fraser Hwy";49.105966;-122.659978
"372";0;25;"Langley Centre @ Bay 6";49.106538;-122.654955
"372";1;1;"Langley Centre @ Bay 6";49.106538;-122.654955
"372";1;2;"Northbound Glover Rd @ Eastleigh Cres";49.107608;-122.651311
"372";1;3;"Northbound Glover Rd @ Kwantlen Cres";49.110689;-122.647153
"372";1;4;"Westbound Mufford Cres @ 62 Ave";49.115698;-122.64798
"372";1;5;"Westbound 64 Ave @ 204 St";49.118955;-122.654693
"372";1;6;"Westbound 64 Ave @ 20300 Block";49.119002;-122.657557
"372";1;7;"Northbound 203 St @ 65 Ave";49.120276;-122.659943
"372";1;8;"Northbound 203 St @ 66 Ave";49.123038;-122.659893
"372";1;9;"Northbound 202B St @ 68 Ave";49.126658;-122.660476
"372";1;10;"Northbound 202B St @ 70A Ave";49.130634;-122.660817
"372";1;11;"Westbound 72 Ave @ 202B St";49.133598;-122.662268
"372";1;12;"Westbound 72 Ave @ 200 St";49.133627;-122.669555
"372";1;13;"Westbound 72 Ave @ 198B St";49.133663;-122.673732
"372";1;14;"Westbound 72 Ave @ 196 St";49.133703;-122.680066
"372";1;15;"Westbound 72 Ave @ 194A St";49.13369;-122.684351
"372";1;16;"Westbound 72 Ave @ 192 St";49.133736;-122.691418
"372";1;17;"Westbound 72 Ave @ 190 St";49.133647;-122.696881
"372";1;18;"Westbound 72 Ave @ 188 St";49.133545;-122.702071
"372";1;19;"Southbound 184 St @ 72 Ave";49.132895;-122.712606
"372";1;20;"Southbound 184 St @ 71 Ave";49.130861;-122.712624
"372";1;21;"Eastbound Fraser Hwy @ 184 St";49.128198;-122.711511
"372";1;22;"Eastbound Fraser Hwy @ 68 Ave";49.125368;-122.705744
"372";1;23;"Northbound 188 St @ Fraser Hwy";49.124045;-122.701454
"372";1;24;"Westbound 68 Ave @ 18700 Block";49.126165;-122.704228
"373";0;1;"Surrey Central Station @ Bay 6";49.188948;-122.849377
"373";0;2;"Westbound 104 Ave @ University Dr";49.191741;-122.851717
"373";0;3;"Westbound 104 Ave @ 133 St";49.191751;-122.854546
"373";0;4;"Westbound 104 Ave @ 132 St";49.191764;-122.857157
"373";0;5;"Westbound 104 Ave @ 13000 Block";49.191747;-122.86142
"373";0;6;"Westbound 104 Ave @ Old Yale Rd";49.191757;-122.864097
"373";0;7;"Northbound 128 St @ 104 Ave";49.19227;-122.867605
"373";0;8;"Northbound 128 St @ 106 Ave";49.195627;-122.867606
"373";0;9;"Northbound 128 St @ 107A Ave";49.198372;-122.867526
"373";0;10;"Eastbound 108 Ave @ 128 St";49.199078;-122.866944
"373";0;11;"Eastbound 108 Ave @ 130 St";49.198881;-122.86201
"373";0;12;"Eastbound 108 Ave @ 132 St";49.198872;-122.855891
"373";0;13;"Eastbound 108 Ave @ 133 St";49.198843;-122.853317
"373";0;14;"Gateway Station @ Bay 3";49.198812;-122.85022
"373";0;15;"Eastbound 108 Ave @ King George Blvd";49.19876;-122.844888
"373";0;16;"Eastbound Grosvenor Rd @ Hilton Rd";49.200054;-122.843312
"373";0;17;"Eastbound Grosvenor Rd @ Berg Rd";49.201942;-122.839806
"373";0;18;"Eastbound Grosvenor Rd @ Brentwood Cres";49.202914;-122.838015
"373";0;19;"Westbound Hansen Rd @ Grosvenor Rd";49.204352;-122.836473
"373";0;20;"Westbound 112 Ave @ 138 St";49.206182;-122.840227
"373";0;21;"Eastbound 113 Ave @ 136 St";49.207649;-122.844784
"373";0;22;"Eastbound 113 Ave @ 138 St";49.207627;-122.839111
"373";0;23;"Eastbound 113 Ave @ 140 St";49.207594;-122.833397
"373";0;24;"Eastbound Kindersley Dr @ Grosvenor Rd";49.20675;-122.831541
"373";0;25;"Eastbound Kindersley Dr @ Coventry Rd";49.205432;-122.829409
"373";0;26;"Eastbound Kindersley Dr @ 143A St";49.204649;-122.825643
"373";0;27;"Northbound 143A St @ Gladstone Dr";49.206441;-122.82503
"373";0;28;"Eastbound Grosvenor Rd @ Gladstone Dr";49.208022;-122.828481
"373";0;29;"Northbound McBride Dr @ 114 Ave";49.210553;-122.825375
"373";0;30;"Northbound McBride Dr @ King Rd";49.212867;-122.826946
"373";0;31;"Eastbound 116A Ave @ 14500 Block";49.214212;-122.819115
"373";0;32;"Southbound Surrey Rd @ 116A Ave";49.213715;-122.81692
"373";0;33;"Southbound Surrey Rd @ 115A Ave";49.212398;-122.814937
"373";0;34;"Southbound Surrey Rd @ Wellington Dr";49.20972;-122.813992
"373";0;35;"Southbound Wallace Dr @ Roxburgh Rd";49.207269;-122.815296
"373";0;36;"Southbound 148 St @ 111A Ave";49.204826;-122.812738
"373";0;37;"Southbound 148 St @ 110 Ave";49.201973;-122.812702
"373";0;38;"Eastbound 108 Ave @ 148 St";49.198633;-122.811885
"373";0;39;"Eastbound 108 Ave @ Oriole Dr";49.198663;-122.80821
"373";0;40;"Southbound 150 St @ 107A Ave";49.197569;-122.806329
"373";0;41;"Southbound 150 St @ 10600 Block";49.194934;-122.80642
"373";0;42;"Southbound 150 St @ 105 Ave";49.192658;-122.806503
"373";0;43;"Eastbound 104 Ave @ 150 St";49.191359;-122.805799
"373";0;44;"Guildford Exchange @ Bay 3";49.191356999999996;-122.804448
"373";0;45;"Guildford Exchange @ Bay 4";49.193248;-122.80216
"373";1;1;"Guildford Exchange @ Bay 4";49.193248;-122.80216
"373";1;2;"Northbound 150 St @ 10600 Block";49.195692;-122.806183
"373";1;3;"Northbound 150 St @ 107A Ave";49.198027;-122.806085
"373";1;4;"Westbound 108 Ave @ Oriole Dr";49.198804;-122.809198
"373";1;5;"Northbound 148 St @ 108 Ave";49.199256;-122.812411
"373";1;6;"Northbound 148 St @ 110 Ave";49.202672;-122.81252
"373";1;7;"Northbound Wallace Dr @ Ellendale Dr";49.205576;-122.813156
"373";1;8;"Northbound Surrey Rd @ Wallace Dr";49.208257;-122.814848
"373";1;9;"Northbound Surrey Rd @ Wellington Dr";49.209661;-122.813786
"373";1;10;"Northbound Surrey Rd @ 115A Ave";49.212929;-122.815401
"373";1;11;"Westbound 116A Ave @ King Rd";49.214323;-122.820312
"373";1;12;"Southbound McBride Dr @ King Rd";49.2127;-122.82698
"373";1;13;"Southbound Grosvenor Rd @ 114 Ave";49.210046;-122.825405
"373";1;14;"Westbound Grosvenor Rd @ 142 St";49.208742;-122.827488
"373";1;15;"Eastbound Gladstone Dr @ Grosvenor Rd";49.207348;-122.828042
"373";1;16;"Eastbound Gladstone Dr @ 143A St";49.206725;-122.825607
"373";1;17;"Westbound Kindersley Dr @ 143A St";49.204717;-122.825742
"373";1;18;"Westbound Kindersley Dr @ Coventry Rd";49.205526;-122.829324
"373";1;19;"Northbound Kindersley Dr @ Grosvenor Rd";49.20689;-122.831543
"373";1;20;"Westbound 113 Ave @ 140 St";49.207682;-122.834717
"373";1;21;"Westbound 113 Ave @ 138 St";49.207694;-122.84013
"373";1;22;"Westbound 113 Ave @ 137 St";49.207719;-122.84292
"373";1;23;"Southbound 136 St @ 113 Ave";49.207288;-122.845352
"373";1;24;"Eastbound 112 Ave @ 136 St";49.206082;-122.844101
"373";1;25;"Eastbound 112 Ave @ 138 St";49.206078;-122.83936
"373";1;26;"Westbound Grosvenor Rd @ Hansen Rd";49.203794;-122.836719
"373";1;27;"Westbound Grosvenor Rd @ Harper Rd";49.202277;-122.839539
"373";1;28;"Westbound Grosvenor Rd @ Howey Rd";49.200947;-122.842036
"373";1;29;"Westbound 108 Ave @ 13600 Block";49.198934;-122.844336
"373";1;30;"Westbound 108 Ave @ King George Blvd";49.198964;-122.847112
"373";1;31;"Gateway Station @ Bay 2";49.199;-122.849243
"373";1;32;"Gateway Station @ Bay 1";49.199009;-122.851521
"373";1;33;"Westbound 108 Ave @ 133 St";49.199006;-122.85358
"373";1;34;"Westbound 108 Ave @ 132 St";49.199058;-122.857194
"373";1;35;"Westbound 108 Ave @ 130 St";49.199047;-122.86304
"373";1;36;"Westbound 108 Ave @ 12800 Block";49.19908;-122.86597
"373";1;37;"Southbound 128 St @ 107A Ave";49.197514;-122.867744
"373";1;38;"Southbound 128 St @ 106 Ave";49.195125;-122.867795
"373";1;39;"Eastbound 104 Ave @ 128 St";49.191629;-122.866588
"373";1;40;"Eastbound 104 Ave @ Old Yale Rd";49.191618;-122.862642
"373";1;41;"Eastbound 104 Ave @ 13000 Block";49.1916;-122.858307
"373";1;42;"Eastbound 104 Ave @ 132 St";49.191573;-122.855768
"373";1;43;"Southbound University Dr @ 104 Ave";49.191043;-122.850236
"373";1;44;"Surrey Central Station @ Bay 6";49.188948;-122.849377
"375";0;1;"Northbound King George Blvd @ 1100 Block";49.023353;-122.765764
"375";0;2;"Northbound King George Blvd @ 164 St";49.025302;-122.768278
"375";0;3;"Northbound King George Blvd @ 14 Ave";49.028336;-122.772009
"375";0;4;"Westbound 16 Ave @ King George Blvd";49.031134;-122.776584
"375";0;5;"Westbound 16 Ave @ 160 St";49.03115;-122.779695
"375";0;6;"Westbound 16 Ave @ Kent St";49.031144;-122.785238
"375";0;7;"Westbound 16 Ave @ 156 St";49.031166;-122.790627
"375";0;8;"Westbound 16 Ave @ 154 St";49.031168;-122.79637
"375";0;9;"White Rock Centre @ Bay 6";49.032156;-122.801051
"375";0;10;"Northbound 152 St @ 18 Ave";49.035149;-122.801054
"375";0;11;"Northbound 152 St @ 19 Ave";49.036828;-122.801046
"375";0;12;"Northbound 152 St @ 20 Ave";49.038752;-122.801057
"375";0;13;"Northbound 152 St @ 22 Ave";49.041836;-122.801076
"375";0;14;"Northbound 152 St @ 24 Ave";49.046065;-122.801068
"375";0;15;"Northbound 152 St @ 26 Ave";49.049294;-122.801075
"375";0;16;"Northbound 152 St @ King George Blvd";49.051035;-122.801095
"375";0;17;"Northbound 152 St @ 28 Ave";49.053234;-122.801099
"375";0;18;"Northbound 152 St @ 3000 Block";49.056655;-122.801002
"375";0;19;"Northbound 152 St @ 32 Ave";49.062184;-122.801011
"375";0;20;"Northbound 152 St @ 34 Ave";49.064178;-122.801053
"375";0;21;"Northbound 152 St @ 36 Ave";49.067757;-122.801009
"375";0;22;"Northbound 152 St @ 40 Ave";49.074116;-122.800969
"375";0;23;"Northbound 152 St @ 4400 Block";49.083706;-122.801038
"375";0;24;"Northbound 152 St @ 48 Ave";49.090169;-122.80105
"375";0;25;"Northbound 152 St @ 54A Ave";49.102204;-122.800887
"375";0;26;"Northbound 152 St @ Hwy 10";49.105265;-122.800853
"375";0;27;"Northbound 152 St @ 58A Ave";49.108775;-122.800863
"375";0;28;"Northbound 152 St @ 60 Ave";49.112198;-122.800807
"375";0;29;"Northbound 152 St @ 6200 Block";49.115528;-122.800863
"375";0;30;"Northbound 152 St @ 64 Ave";49.118315;-122.800802
"375";0;31;"Northbound 152 St @ 64 Ave";49.119538;-122.800812
"375";0;32;"Northbound 152 St @ 66A Ave";49.124033;-122.800828
"375";0;33;"Northbound 152 St @ 68 Ave";49.126598;-122.800855
"375";0;34;"Northbound 152 St @ 72 Ave";49.134063;-122.800899
"375";0;35;"Northbound 152 St @ 76 Ave";49.14156;-122.800889
"375";0;36;"Northbound 152 St @ 7900 Block";49.145969;-122.800967
"375";0;37;"Northbound 152 St @ 81 Ave";49.150356;-122.801112
"375";0;38;"Northbound 152 St @ 82 Ave";49.15226;-122.801185
"375";0;39;"Northbound 152 St @ 84 Ave";49.156095;-122.801294
"375";0;40;"Northbound 152 St @ 86 Ave";49.159541;-122.801339
"375";0;41;"Northbound 152 St @ 88 Ave";49.1632;-122.801328
"375";0;42;"Northbound 152 St @ Fraser Hwy";49.167156;-122.80124
"375";0;43;"Northbound 152 St @ 91 Ave";49.168579;-122.801188
"375";0;44;"Northbound 152 St @ 92 Ave";49.170427;-122.801131
"375";0;45;"Northbound 152 St @ 93 Ave";49.172097;-122.801068
"375";0;46;"Northbound 152 St @ 94 Ave";49.173796;-122.801005
"375";0;47;"Northbound 152 St @ 96 Ave";49.177204;-122.800892
"375";0;48;"Northbound 152 St @ 98 Ave";49.180299;-122.800852
"375";0;49;"Northbound 152 St @ 100 Ave";49.18464;-122.800733
"375";0;50;"Northbound 152 St @ 101 Ave";49.186973;-122.800723
"375";0;51;"Northbound 152 St @ 102A Ave";49.189006;-122.800757
"375";0;52;"Westbound 104 Ave @ 152 St";49.191596;-122.801592
"375";0;53;"Guildford Exchange @ Bay 2";49.191632;-122.804013
"375";0;54;"Northbound 150 St @ 105 Ave";49.19248;-122.806246
"375";0;55;"Guildford @ Layover";49.194098;-122.805781
"375";1;1;"Guildford @ Layover";49.194098;-122.805781
"375";1;2;"Southbound 150 St @ 105 Ave";49.192658;-122.806503
"375";1;3;"Guildford Exchange @ Bay 1";49.191353;-122.803459
"375";1;4;"Southbound 152 St @ 104 Ave";49.190921;-122.801015
"375";1;5;"Southbound 152 St @ 102A Ave";49.188425;-122.801082
"375";1;6;"Southbound 152 St @ 101 Ave";49.185638;-122.80104
"375";1;7;"Southbound 152 St @ 100 Ave";49.183554;-122.80111
"375";1;8;"Southbound 152 St @ 98 Ave";49.180098;-122.801109
"375";1;9;"Southbound 152 St @ 96 Ave";49.17642;-122.801175
"375";1;10;"Southbound 152 St @ 94 Ave";49.17319;-122.801289
"375";1;11;"Southbound 152 St @ 93 Ave";49.171587;-122.80135
"375";1;12;"Southbound 152 St @ 91A Ave";49.168827;-122.801443
"375";1;13;"Southbound 152 St @ Fraser Hwy";49.165382;-122.801553
"375";1;14;"Southbound 152 St @ 88 Ave";49.162511;-122.801629
"375";1;15;"Southbound 152 St @ 86 Ave";49.158779;-122.801593
"375";1;16;"Southbound 152 St @ 84 Ave";49.155093;-122.801542
"375";1;17;"Southbound 152 St @ 82 Ave";49.152643;-122.80145
"375";1;18;"Southbound 152 St @ 7900 Block";49.147524;-122.80134
"375";1;19;"Southbound 152 St @ 76 Ave";49.140428;-122.801247
"375";1;20;"Southbound 152 St @ 72 Ave";49.132977;-122.801259
"375";1;21;"Southbound 152 St @ 68 Ave";49.125876;-122.80122
"375";1;22;"Southbound 152 St @ 66A Ave";49.123026;-122.801199
"375";1;23;"Southbound 152 St @ 64 Ave";49.118442;-122.801178
"375";1;24;"Southbound 152 St @ 62A Ave";49.116333;-122.801182
"375";1;25;"Southbound 152 St @ 62 Ave";49.114079;-122.80117
"375";1;26;"Southbound 152 St @ 60 Ave";49.111268;-122.801165
"375";1;27;"Southbound 152 St @ Panorama Dr";49.107963;-122.801175
"375";1;28;"Southbound 152 St @ Hwy 10";49.10358;-122.801222
"375";1;29;"Southbound 152 St @ 54A Ave";49.101358;-122.801231
"375";1;30;"Southbound 152 St @ 48 Ave";49.089425;-122.801222
"375";1;31;"Southbound 152 St @ 4400 Block";49.083702;-122.801246
"375";1;32;"Southbound 152 St @ 40 Ave";49.074274;-122.801288
"375";1;33;"Southbound 152 St @ 36 Ave";49.066926;-122.801322
"375";1;34;"Southbound 152 St @ 34 Ave";49.063356;-122.801332
"375";1;35;"Southbound 152 St @ 32 Ave";49.061127;-122.801368
"375";1;36;"Southbound 152 St @ 29A Ave";49.055838;-122.801331
"375";1;37;"Southbound 152 St @ 28 Ave";49.052656;-122.801373
"375";1;38;"Southbound 152 St @ King George Blvd";49.051291;-122.801422
"375";1;39;"Southbound 152 St @ 26 Ave";49.048714;-122.80135
"375";1;40;"Southbound 152 St @ 24 Ave";49.045126;-122.801341
"375";1;41;"Southbound 152 St @ 22 Ave";49.041716;-122.801327
"375";1;42;"Southbound 152 St @ 20 Ave";49.038079;-122.801352
"375";1;43;"Southbound 152 St @ 19 Ave";49.036259;-122.801323
"375";1;44;"Southbound 152 St @ 18 Ave";49.034373;-122.801329
"375";1;45;"Southbound White Rock Centre @ Bay 11";49.032567;-122.801322
"375";1;46;"White Rock Centre @ Bay 4";49.031023;-122.800556
"375";1;47;"Eastbound North Bluff Rd @ Best St";49.030997;-122.794581
"375";1;48;"Eastbound North Bluff Rd @ Finlay St";49.030991;-122.789215
"375";1;49;"Eastbound North Bluff Rd @ Kent St";49.030998;-122.784269
"375";1;50;"Eastbound 16 Ave @ 160 St";49.030973;-122.778677
"375";1;51;"Southbound King George Blvd @ 16 Ave";49.030589;-122.775101
"375";1;52;"Southbound King George Blvd @ 14 Ave";49.02694;-122.770677
"375";1;53;"Southbound King George Blvd @ 164 St";49.024323;-122.767335
"375";1;54;"Southbound King George Blvd @ 10 Ave";49.020917;-122.763123
"375";1;55;"Northbound King George Blvd @ 8th Ave";49.017402;-122.762198
"375";1;56;"Northbound King George Blvd @ 1100 Block";49.023353;-122.765764
"388";0;1;"22nd Street Station @ Bay 7";49.199633;-122.949901
"388";0;2;"Southbound Hwy 91A Onramp @ Howes St";49.188232;-122.949453
"388";0;3;"Southbound Hwy 91 Offramp @ Cliveden Ave";49.170089;-122.953649
"388";0;4;"Eastbound Nordel Way @ Brooke Rd";49.160605;-122.920855
"388";0;5;"Eastbound Nordel Way @ Shepherd Way";49.161813;-122.914927
"388";0;6;"Eastbound Nordel Way @ 116 St";49.161581;-122.901189
"388";0;7;"Eastbound Nordel Way @ Scott Rd";49.161878;-122.889466
"388";0;8;"Eastbound 88 Ave @ 12400 Block";49.163112;-122.878587
"388";0;9;"Eastbound 88 Ave @ 12500 Block";49.162923;-122.875631
"388";0;10;"Eastbound 88 Ave @ 126 St";49.162761;-122.873004
"388";0;11;"Eastbound 88 Ave @ 128 St";49.16248;-122.867443
"388";0;12;"Eastbound 88 Ave @ 130 St";49.162537;-122.861926
"388";0;13;"Eastbound 88 Ave @ 132 St";49.162559;-122.856225
"388";0;14;"Eastbound 88 Ave @ 133A St";49.162599;-122.852365
"388";0;15;"Eastbound 88 Ave @ King George Blvd";49.162673;-122.844815
"388";0;16;"Eastbound 88 Ave @ Bear Creek Park Access Rd";49.162674;-122.840568
"388";0;17;"Eastbound 88 Ave @ 140 St";49.162696;-122.83411
"388";0;18;"Eastbound 88 Ave @ 142A St";49.162736;-122.82817
"388";0;19;"Eastbound 88 Ave @ 144 St";49.162768;-122.822967
"388";0;20;"Eastbound 88 Ave @ 146 St";49.162748;-122.817417
"388";0;21;"Eastbound 88 Ave @ 148 St";49.162731;-122.811775
"388";0;22;"Eastbound 88 Ave @ 150 St";49.162741;-122.806422
"388";0;23;"Eastbound 88 Ave @ 152 St";49.162747;-122.800824
"388";0;24;"Eastbound 88 Ave @ 154 St";49.162729;-122.795783
"388";0;25;"Eastbound 88 Ave @ 156 St";49.162727;-122.789547
"388";0;26;"Eastbound 88 Ave @ 158 St";49.162711;-122.784548
"388";0;27;"Eastbound 88 Ave @ 160 St";49.162665;-122.778041
"388";0;28;"Eastbound 88 Ave @ 162 St";49.162709;-122.772688
"388";0;29;"Eastbound 88 Ave @ 164 St";49.162744;-122.767094
"388";0;30;"Northbound 168 St @ 88 Ave";49.163302;-122.756466
"388";0;31;"Northbound 168 St @ 92A Ave";49.170463;-122.756642
"388";0;32;"Eastbound 96 Ave @ 168 St";49.176937;-122.755946
"388";0;33;"Eastbound 96 Ave @ 172 St";49.176935;-122.745267
"388";0;34;"Eastbound 96 Ave @ 173A St";49.176933;-122.740806
"388";0;35;"Eastbound Golden Ears Way @ 176 St";49.175934;-122.733272
"388";0;36;"Eastbound 96 Ave @ 186 St";49.176936;-122.706947
"388";0;37;"Eastbound 96 Ave @ 188 St";49.176923;-122.700367
"388";0;38;"Eastbound 96 Ave @ 190 St";49.176926;-122.694776
"388";0;39;"Eastbound 96 Ave @ 192 St";49.176884;-122.689214
"388";0;40;"Eastbound 96 Ave @ 195 St";49.176911;-122.681788
"388";0;41;"Eastbound 96 Ave @ 198 St";49.176926;-122.673076
"388";0;42;"Southbound 199A St @ 96 Ave";49.176466;-122.669453
"388";0;43;"Southbound 200 St @ 9200 Block";49.172395;-122.668227
"388";0;44;"Eastbound 91A Ave @ 20100 Block";49.168979;-122.664864
"388";0;45;"Southbound 202 St @ 8900 Block";49.164206;-122.660614
"388";0;46;"Carvolth Exchange @ Bay 1 Unloading Only";49.160693;-122.660159
"388";1;1;"Carvolth Exchange @ Bay 7";49.15953;-122.660673
"388";1;2;"Northbound 202 St @ 88 Ave";49.163479;-122.659685
"388";1;3;"Westbound 91A Ave @ 20100 Block";49.169128;-122.665104
"388";1;4;"Northbound 200 St @ 92A Ave";49.171763;-122.667827
"388";1;5;"Westbound 96 Ave @ 201 St";49.177082;-122.66547
"388";1;6;"Westbound 96 Ave @ 199A St";49.177067;-122.669956
"388";1;7;"Westbound 96 Ave @ 198 St";49.177126;-122.674441
"388";1;8;"Westbound 96 Ave @ 195 St";49.177056;-122.681671
"388";1;9;"Westbound 96 Ave @ 192 St";49.177066;-122.692207
"388";1;10;"Westbound 96 Ave @ 190 St";49.177072;-122.696594
"388";1;11;"Westbound 96 Ave @ 188 St";49.177064;-122.701839
"388";1;12;"Westbound 96 Ave @ 186 St";49.177073;-122.708263
"388";1;13;"Westbound 96 Ave @ 176 St";49.176898;-122.735989
"388";1;14;"Westbound 96 Ave @ 173A St";49.177143;-122.742181
"388";1;15;"Westbound 96 Ave @ 172 St";49.177145;-122.74656
"388";1;16;"Southbound 168 St @ 96 Ave";49.176639;-122.756708
"388";1;17;"Southbound 168 St @ 92A Ave";49.17036;-122.756802
"388";1;18;"Westbound 88 Ave @ 168 St";49.162916;-122.757345
"388";1;19;"Westbound 88 Ave @ 164 St";49.162892;-122.768302
"388";1;20;"Westbound 88 Ave @ 162 St";49.162857;-122.773792
"388";1;21;"Westbound 88 Ave @ 160 St";49.162829;-122.779625
"388";1;22;"Westbound 88 Ave @ 158 St";49.162846;-122.785836
"388";1;23;"Westbound 88 Ave @ 156 St";49.162902;-122.790903
"388";1;24;"Westbound 88 Ave @ 154A St";49.162909;-122.795379
"388";1;25;"Westbound 88 Ave @ 152 St";49.162941;-122.802469
"388";1;26;"Westbound 88 Ave @ 150 St";49.162923;-122.807458
"388";1;27;"Westbound 88 Ave @ 148 St";49.162918;-122.812845
"388";1;28;"Westbound 88 Ave @ 146 St";49.162933;-122.818301
"388";1;29;"Westbound 88 Ave @ 144 St";49.162939;-122.824908
"388";1;30;"Westbound 88 Ave @ 142A St";49.162921;-122.828208
"388";1;31;"Westbound 88 Ave @ 140 St";49.162869;-122.835189
"388";1;32;"Westbound 88 Ave @ Lauder Dr";49.162859;-122.840254
"388";1;33;"Westbound 88 Ave @ King George Blvd";49.162839;-122.846907
"388";1;34;"Westbound 88 Ave @ 133A St";49.162762;-122.853323
"388";1;35;"Westbound 88 Ave @ 132 St";49.162721;-122.857787
"388";1;36;"Westbound 88 Ave @ 130 St";49.162668;-122.862857
"388";1;37;"Westbound 88 Ave @ 128 St";49.1627;-122.868798
"388";1;38;"Westbound 88 Ave @ 126 St";49.163008;-122.874051
"388";1;39;"Westbound 88 Ave @ 12400 Block";49.16318;-122.876738
"388";1;40;"Westbound 88 Ave @ 12300 Block";49.163321;-122.879546
"388";1;41;"Westbound Nordel Way @ Scott Rd";49.162097;-122.891347
"388";1;42;"Westbound Nordel Way @ 116 St";49.161822;-122.903023
"388";1;43;"Westbound Nordel Way @ Shepherd Way";49.161565;-122.918523
"388";1;44;"Westbound Nordel Way @ Brooke Rd";49.160274;-122.922146
"388";1;45;"Northbound Hwy 91 Offramp @ Cliveden Ave";49.171733;-122.94928
"388";1;46;"Northbound Hwy 91A Onramp @ Howes St";49.187932;-122.947272
"388";1;47;"22nd Street Station @ Unloading Only";49.199857;-122.949711
"391";0;1;"Scottsdale Exchange @ Bay 9";49.137335;-122.888569
"391";0;2;"Southbound Scott Rd @ 7300 Block";49.135716;-122.890542
"391";0;3;"Westbound 72 Ave @ Scott Rd";49.134174;-122.891097
"391";0;4;"Westbound 72 Ave @ 118 St";49.134087;-122.896338
"391";0;5;"Northbound 116 St @ 72A Ave";49.135118;-122.901365
"391";0;6;"Northbound 116 St @ 73A Ave";49.136763;-122.901358
"391";0;7;"Northbound 116 St @ 75A Ave";49.140629;-122.901336
"391";0;8;"Northbound 116 St @ 76A Ave";49.142388;-122.901338
"391";0;9;"Northbound 116 St @ 77A Ave";49.144598;-122.901344
"391";0;10;"Northbound 116 St @ 78A Ave";49.146469;-122.901359
"391";0;11;"Northbound 116 St @ 80 Ave";49.149013;-122.901357
"391";0;12;"Northbound 116 St @ 82 Ave";49.152862;-122.901402
"391";0;13;"Northbound 116 St @ 84 Ave";49.156167;-122.901462
"391";0;14;"Northbound 116 St @ 86 Ave";49.159986;-122.902042
"391";0;15;"Northbound 116 St @ Nordel Way";49.162091;-122.90202
"391";0;16;"Northbound 116 St @ 88 Ave";49.163587;-122.902042
"391";0;17;"Northbound 116 St @ 90 Ave";49.167264;-122.901588
"391";0;18;"Northbound 116 St @ 9000 Block";49.169216;-122.901186
"391";0;19;"Northbound 116 St @ 92 Ave";49.170833;-122.901159
"391";0;20;"Northbound 116 St @ 94 Ave";49.174037;-122.901105
"391";0;21;"Eastbound 96 Ave @ 118 St";49.177071;-122.895023
"391";0;22;"Northbound Scott Rd @ 96 Ave";49.177856;-122.889974
"391";0;23;"Northbound Scott Rd @ 98 Ave";49.181018;-122.890044
"391";0;24;"Northbound Scott Rd @ 99 Ave";49.183175;-122.890004
"391";0;25;"Northbound Scott Rd @ 103A Ave";49.191325;-122.890078
"391";0;26;"Northbound Scott Rd @ 104 Ave";49.194373;-122.887867
"391";0;27;"Northbound Scott Rd @ Old Yale Rd";49.198278;-122.883179
"391";0;28;"Scott Road Station @ Bay 1";49.204326;-122.875671
"391";1;1;"Scott Road Station @ Bay 8";49.204154;-122.875283
"391";1;2;"Southbound Scott Rd @ Old Yale Rd";49.198469;-122.883545
"391";1;3;"Southbound Scott Rd @ Tannery Rd";49.19348;-122.889466
"391";1;4;"Southbound Scott Rd @ 103A Ave";49.189504;-122.890486
"391";1;5;"Southbound Scott Rd @ 99 Ave";49.181778;-122.890406
"391";1;6;"Westbound 96 Ave @ Scott Rd";49.177231;-122.890965
"391";1;7;"Southbound 116 St @ 96 Ave";49.176744;-122.901266
"391";1;8;"Southbound 116 St @ 94 Ave";49.173358;-122.901319
"391";1;9;"Southbound 116 St @ 92 Ave";49.170253;-122.901372
"391";1;10;"Southbound 116 St @ 9000 Block";49.169128;-122.901383
"391";1;11;"Southbound 116 St @ 90 Ave";49.16626;-122.902164
"391";1;12;"Southbound 116 St @ 88 Ave";49.162894;-122.902251
"391";1;13;"Southbound 116 St @ 87 Ave";49.161251;-122.902265
"391";1;14;"Southbound 116 St @ 86 Ave";49.159086;-122.902243
"391";1;15;"Southbound 116 St @ 84 Ave";49.155549;-122.901662
"391";1;16;"Southbound 116 St @ 82 Ave";49.152873;-122.901627
"391";1;17;"Southbound 116 St @ 80 Ave";49.148289;-122.901566
"391";1;18;"Southbound 116 St @ 78A Ave";49.145716;-122.901552
"391";1;19;"Southbound 116 St @ 77A Ave";49.14358;-122.901542
"391";1;20;"Southbound 116 St @ 76A Ave";49.141582;-122.901534
"391";1;21;"Southbound 116 St @ 75A Ave";49.139763;-122.901539
"391";1;22;"Southbound 116 St @ 73A Ave";49.135816;-122.901578
"391";1;23;"Eastbound 72 Ave @ 116 St";49.133902;-122.900393
"391";1;24;"Eastbound 72 Ave @ 118 St";49.133963;-122.895578
"391";1;25;"Eastbound 72 Ave @ Nicholson Rd";49.133945;-122.892351
"391";1;26;"Northbound Scott Rd @ 72 Ave";49.135869;-122.890168
"391";1;27;"Scottsdale Exchange @ Bay 1";49.137407;-122.88851
"393";0;1;"Newton Exchange @ Bay 1";49.133306;-122.841764
"393";0;2;"Southbound King George Blvd @ 72 Ave";49.133026;-122.845809
"393";0;3;"Southbound King George Blvd @ 6900 Block";49.129332;-122.845748
"393";0;4;"Southbound King George Blvd @ 68 Ave";49.125328;-122.845723
"393";0;5;"Southbound King George Blvd @ 6500 Block";49.122747;-122.845702
"393";0;6;"Westbound 64 Ave @ King George Blvd";49.119126;-122.846971
"393";0;7;"Westbound 64 Ave @ 134 St";49.119102;-122.851463
"393";0;8;"Westbound 64 Ave @ 132 St";49.119089;-122.85705
"393";0;9;"Westbound 64 Ave @ 130 St";49.119151;-122.862679
"393";0;10;"Northbound 128 St @ 64 Ave";49.119475;-122.867702
"393";0;11;"Northbound 128 St @ 66 Ave";49.123152;-122.867677
"393";0;12;"Northbound 128 St @ 68 Ave";49.126877;-122.867653
"393";0;13;"Northbound 128 St @ 69A Ave";49.129721;-122.867682
"393";0;14;"Northbound 128 St @ 72 Ave";49.134311;-122.867711
"393";0;15;"Northbound 128 St @ 74 Ave";49.137827;-122.867757
"393";0;16;"Northbound 128 St @ 76 Ave";49.141354;-122.867769
"393";0;17;"Northbound 128 St @ 78 Ave";49.145064;-122.867803
"393";0;18;"Northbound 128 St @ 80 Ave";49.14855;-122.867841
"393";0;19;"Northbound 128 St @ 82 Ave";49.151073;-122.867845
"393";0;20;"Northbound 128 St @ 8200 Block";49.152666;-122.867854
"393";0;21;"Northbound 128 St @ 84 Ave";49.155697;-122.867855
"393";0;22;"Northbound 128 St @ 86 Ave";49.159231;-122.867853
"393";0;23;"Northbound 128 St @ 88 Ave";49.162928;-122.867886
"393";0;24;"Northbound 128 St @ Prince Charles Blvd";49.166929;-122.867914
"393";0;25;"Northbound 128 St @ 92 Ave";49.170073;-122.867908
"393";0;26;"Northbound 128 St @ 93 Ave";49.171991;-122.867916
"393";0;27;"Northbound 128 St @ 9400 Block";49.17483;-122.867913
"393";0;28;"Northbound 128 St @ 96 Ave";49.177471;-122.867827
"393";0;29;"Northbound 128 St @ 98 Ave";49.18017;-122.867702
"393";0;30;"Northbound 128 St @ 99 Ave";49.182622;-122.867615
"393";0;31;"Northbound 128 St @ 100 Ave";49.18472;-122.867536
"393";0;32;"Northbound 128 St @ 102 Ave";49.188409;-122.867599
"393";0;33;"Eastbound 104 Ave @ 128 St";49.191629;-122.866588
"393";0;34;"Eastbound 104 Ave @ Old Yale Rd";49.191618;-122.862642
"393";0;35;"Eastbound 104 Ave @ 13000 Block";49.1916;-122.858307
"393";0;36;"Eastbound 104 Ave @ 132 St";49.191573;-122.855768
"393";0;37;"Eastbound 104 Ave @ University Dr";49.191534;-122.848841
"393";0;38;"Surrey Central Station @ Bay 12";49.189699;-122.847774
"393";1;1;"Surrey Central Station @ Bay 4";49.18885;-122.849361
"393";1;2;"Westbound 104 Ave @ University Dr";49.191741;-122.851717
"393";1;3;"Westbound 104 Ave @ 133 St";49.191751;-122.854546
"393";1;4;"Westbound 104 Ave @ 132 St";49.191764;-122.857157
"393";1;5;"Westbound 104 Ave @ 13000 Block";49.191747;-122.86142
"393";1;6;"Westbound 104 Ave @ Old Yale Rd";49.191757;-122.864097
"393";1;7;"Southbound 128 St @ 104 Ave";49.191219;-122.867873
"393";1;8;"Southbound 128 St @ 103 Ave";49.18953;-122.867817
"393";1;9;"Southbound 128 St @ 102 Ave";49.187744;-122.867792
"393";1;10;"Southbound 128 St @ 100 Ave";49.184155;-122.867789
"393";1;11;"Southbound 128 St @ 99 Ave";49.181905;-122.867845
"393";1;12;"Southbound 128 St @ 97A Ave";49.179577;-122.867941
"393";1;13;"Southbound 128 St @ 96 Ave";49.176771;-122.868135
"393";1;14;"Southbound 128 St @ 9400 Block";49.174322;-122.86813
"393";1;15;"Southbound 128 St @ 93 Ave";49.171412;-122.868144
"393";1;16;"Southbound 128 St @ 92 Ave";49.169459;-122.868138
"393";1;17;"Southbound 128 St @ 90 Ave";49.166344;-122.868138
"393";1;18;"Southbound 128 St @ 88 Ave";49.16219;-122.868166
"393";1;19;"Southbound 128 St @ 86 Ave";49.158447;-122.868154
"393";1;20;"Southbound 128 St @ 84 Ave";49.154958;-122.868141
"393";1;21;"Southbound 128 St @ 8200 Block";49.15229;-122.86813
"393";1;22;"Southbound 128 St @ 82 Ave";49.149868;-122.868156
"393";1;23;"Southbound 128 St @ 80 Ave";49.14761;-122.868101
"393";1;24;"Southbound 128 St @ 78 Ave";49.144361;-122.868072
"393";1;25;"Southbound 128 St @ 76 Ave";49.140618;-122.868045
"393";1;26;"Southbound 128 St @ 74 Ave";49.137001;-122.86803
"393";1;27;"Southbound 128 St @ 72 Ave";49.133392;-122.867978
"393";1;28;"Southbound 128 St @ 7000 Block";49.131129;-122.867965
"393";1;29;"Southbound 128 St @ 69A Ave";49.129199;-122.867948
"393";1;30;"Southbound 128 St @ 68 Ave";49.126271;-122.86793
"393";1;31;"Southbound 128 St @ 66 Ave";49.122364;-122.867929
"393";1;32;"Eastbound 64 Ave @ 128 St";49.119025;-122.867319
"393";1;33;"Eastbound 64 Ave @ 130 St";49.118963;-122.861795
"393";1;34;"Eastbound 64 Ave @ 132 St";49.118911;-122.856041
"393";1;35;"Eastbound 64 Ave @ 134 St";49.11893;-122.850606
"393";1;36;"Northbound King George Blvd @ 64 Ave";49.119635;-122.84533
"393";1;37;"Northbound King George Blvd @ 6700 Block";49.123732;-122.845337
"393";1;38;"Northbound King George Blvd @ 68 Ave";49.126936;-122.845364
"393";1;39;"Northbound King George Blvd @ 6900 Block";49.129482;-122.845387
"393";1;40;"Eastbound 72 Ave @ King George Blvd";49.133436;-122.844422
"393";1;41;"Newton Exchange @ Bay 5";49.133426;-122.842328
"394";0;1;"White Rock Centre @ Bay 8";49.032785;-122.801052
"394";0;2;"Northbound 152 St @ 18 Ave";49.035149;-122.801054
"394";0;3;"Northbound 152 St @ 20 Ave";49.038752;-122.801057
"394";0;4;"Northbound 152 St @ 24 Ave";49.046065;-122.801068
"394";0;5;"Northbound 152 St @ 3000 Block";49.056655;-122.801002
"394";0;6;"Westbound 32 Ave @ 152 St";49.061678;-122.80191
"394";0;7;"Northbound King George Blvd @ 32 Ave Diversion";49.059548;-122.810627
"394";0;8;"South Surrey Park & Ride @ Bay 4";49.07214;-122.822421
"394";0;9;"Northbound King George Blvd @ Hwy 10";49.105588;-122.832314
"394";0;10;"Northbound King George Blvd @ 60 Ave";49.112374;-122.840708
"394";0;11;"Northbound King George Blvd @ 64 Ave";49.119635;-122.84533
"394";0;12;"Eastbound 68 Ave @ King George Blvd";49.126139;-122.844106
"394";0;13;"Westbound 72 Ave @ 138 St";49.133676;-122.839219
"394";0;14;"Newton Exchange @ Bay 2";49.133299;-122.842037
"394";0;15;"Northbound King George Blvd @ 72 Ave";49.134337;-122.845418
"394";0;16;"Northbound King George Blvd @ 76 Ave";49.14148;-122.845465
"394";0;17;"Northbound King George Blvd @ 80 Ave";49.147573;-122.845487
"394";0;18;"Northbound King George Blvd @ 84 Ave";49.156418;-122.845572
"394";0;19;"Northbound King George Blvd @ 88 Ave";49.163422;-122.845609
"394";0;20;"Northbound King George Blvd @ 92 Ave";49.170934;-122.845659
"394";0;21;"Northbound King George Blvd @ 96 Ave";49.177621;-122.845422
"394";0;22;"King George Station @ Bay 2";49.183124;-122.845136
"394";1;1;"King George Station @ Bay 2";49.183124;-122.845136
"394";1;2;"King George Station @ Bay 3";49.181723;-122.842052
"394";1;3;"Southbound King George Blvd @ 96 Ave";49.176019;-122.846016
"394";1;4;"Southbound King George Blvd @ 92 Ave";49.168824;-122.846016
"394";1;5;"Southbound King George Blvd @ 88 Ave";49.161766;-122.84599
"394";1;6;"Southbound King George Blvd @ 84 Ave";49.154889;-122.845938
"394";1;7;"Southbound King George Blvd @ 80 Ave";49.147239;-122.845901
"394";1;8;"Southbound King George Blvd @ 76 Ave";49.140079;-122.845817
"394";1;9;"Eastbound 72 Ave @ King George Blvd";49.133436;-122.844422
"394";1;10;"Newton Exchange @ Bay 6";49.133429;-122.842059
"394";1;11;"Southbound 138 St @ 72 Ave";49.133131;-122.838766
"394";1;12;"Southbound King George Blvd @ 68 Ave";49.125328;-122.845723
"394";1;13;"Southbound King George Blvd @ 64 Ave";49.117854;-122.845637
"394";1;14;"Southbound King George Blvd @ 60 Ave";49.111472;-122.840031
"394";1;15;"Southbound King George Blvd @ Hwy 10";49.105362;-122.832684
"394";1;16;"South Surrey Park & Ride @ Bay 2";49.071748;-122.822308
"394";1;17;"Southbound King George Blvd @ 32 Ave";49.060991;-122.812831
"394";1;18;"Southbound 152 St @ 32 Ave";49.061127;-122.801368
"394";1;19;"Southbound 152 St @ 29A Ave";49.055838;-122.801331
"394";1;20;"Southbound 152 St @ 24 Ave";49.045126;-122.801341
"394";1;21;"Southbound 152 St @ 20 Ave";49.038079;-122.801352
"394";1;22;"Southbound Martin Dr @ E Southmere Cres";49.034509;-122.803621
"394";1;23;"Southbound Martin Dr @ W Southmere Cres";49.032454;-122.805337
"394";1;24;"White Rock Centre @ Bay 8";49.032785;-122.801052
"395";0;1;"King George Station @ Bay 2";49.183124;-122.845136
"395";0;2;"King George Station @ Bay 3";49.181723;-122.842052
"395";0;3;"Eastbound Fraser Hwy @ 140 St";49.1794;-122.836332
"395";0;4;"Eastbound Fraser Hwy @ 148 St";49.169833;-122.811446
"395";0;5;"Eastbound Fraser Hwy @ 150 St";49.167843;-122.806304
"395";0;6;"Eastbound Fraser Hwy @ 152 St";49.165595;-122.800462
"395";0;7;"Eastbound Fraser Hwy @ Fleetwood Way";49.164444;-122.797527
"395";0;8;"Eastbound Fraser Hwy @ 156 St";49.1613;-122.789383
"395";0;9;"Eastbound Fraser Hwy @ 158 St";49.159462;-122.784641
"395";0;10;"Eastbound Fraser Hwy @ Venture Way";49.15832;-122.781689
"395";0;11;"Eastbound Fraser Hwy @ 160 St";49.156721;-122.777564
"395";0;12;"Eastbound Fraser Hwy @ 84 Ave";49.15533;-122.773989
"395";0;13;"Eastbound Fraser Hwy @ 164 St";49.152531;-122.766881
"395";0;14;"Eastbound Fraser Hwy @ 166 St";49.150456;-122.76161
"395";0;15;"Southbound 168 St @ 80 Ave";49.146242;-122.756697
"395";0;16;"Southbound 168 St @ 66 Ave";49.122255;-122.756625
"395";0;17;"Eastbound 64 Ave @ 168 St";49.118797;-122.755909
"395";0;18;"Eastbound 64 Ave @ 16900 Block";49.118768;-122.750999
"395";0;19;"Eastbound 64 Ave @ 172 St";49.118733;-122.74546
"395";0;20;"Eastbound 64 Ave @ 173A St";49.118718;-122.741828
"395";0;21;"Eastbound 64 Ave @ 176 St";49.118681;-122.734154
"395";0;22;"Eastbound 64 Ave @ 177B St";49.118673;-122.730037
"395";0;23;"Eastbound 64 Ave @ 179 St";49.1187;-122.724987
"395";0;24;"Eastbound 64 Ave @ 181A St";49.118669;-122.719315
"395";0;25;"Eastbound 64 Ave @ 184 St";49.11868;-122.711957
"395";0;26;"Eastbound 64 Ave @ 186 St";49.118783;-122.706555
"395";0;27;"Eastbound 64 Ave @ 188 St";49.118908;-122.700371
"395";0;28;"Eastbound 64 Ave @ 190 St";49.118979;-122.695869
"395";0;29;"Eastbound 64 Ave @ Fraser Hwy";49.119185;-122.69063
"395";0;30;"Eastbound 64 Ave @ 194 St";49.119024;-122.684578
"395";0;31;"Eastbound 64 Ave @ 196 St";49.118993;-122.679504
"395";0;32;"Eastbound 64 Ave @ 197 St";49.11897;-122.676339
"395";0;33;"Eastbound 64 Ave @ 198 St";49.118956;-122.673949
"395";0;34;"Eastbound 64 Ave @ 19900 Block";49.118937;-122.671591
"395";0;35;"Eastbound 64 Ave @ 200 St";49.11889;-122.66738
"395";0;36;"Eastbound 64 Ave @ 202 St";49.118845;-122.662805
"395";0;37;"Eastbound 64 Ave @ 203 St";49.11882;-122.659312
"395";0;38;"Eastbound 64 Ave @ 20400 Block";49.118809;-122.656629
"395";0;39;"Southbound 204 St @ 64 Ave";49.118384;-122.65476
"395";0;40;"Eastbound Logan Ave @ 203A St";49.107721;-122.657685
"395";0;41;"Langley Centre @ Bay 5";49.106449;-122.654727
"395";1;1;"Langley Centre @ Bay 5";49.106449;-122.654727
"395";1;2;"Westbound Fraser Hwy @ 56 Ave";49.105178;-122.658147
"395";1;3;"Northbound 203 St @ Fraser Hwy";49.105966;-122.659978
"395";1;4;"Westbound 64 Ave @ 204 St";49.118955;-122.654693
"395";1;5;"Westbound 64 Ave @ 20300 Block";49.119002;-122.657557
"395";1;6;"Westbound 64 Ave @ 203 St";49.119029;-122.660877
"395";1;7;"Westbound 64 Ave @ 202 St";49.119053;-122.663773
"395";1;8;"Westbound 64 Ave @ 201 St";49.119074;-122.666228
"395";1;9;"Westbound 64 Ave @ 200 St";49.119091;-122.669668
"395";1;10;"Westbound 64 Ave @ 198 St";49.119098;-122.674101
"395";1;11;"Westbound 64 Ave @ 197 St";49.119129;-122.677839
"395";1;12;"Westbound 64 Ave @ 196 St";49.119175;-122.680507
"395";1;13;"Westbound 64 Ave @ 194 St";49.119214;-122.686002
"395";1;14;"Westbound 64 Ave @ Fraser Hwy";49.118734;-122.692402
"395";1;15;"Westbound 64 Ave @ 190 St";49.119112;-122.697661
"395";1;16;"Westbound 64 Ave @ 188 St";49.119036;-122.702518
"395";1;17;"Westbound 64 Ave @ 186 St";49.118909;-122.708121
"395";1;18;"Westbound 64 Ave @ 184 St";49.118828;-122.712983
"395";1;19;"Westbound 64 Ave @ 181A St";49.118811;-122.720802
"395";1;20;"Westbound 64 Ave @ 180 St";49.118853;-122.724444
"395";1;21;"Westbound 64 Ave @ 177B St";49.118858;-122.731356
"395";1;22;"Westbound 64 Ave @ 176 St";49.118876;-122.735903
"395";1;23;"Westbound 64 Ave @ 174A St";49.11889;-122.739775
"395";1;24;"Westbound 64 Ave @ 172 St";49.11894;-122.746743
"395";1;25;"Westbound 64 Ave @ 16900 Block";49.11896;-122.751882
"395";1;26;"Northbound 168 St @ 64 Ave";49.119259;-122.756411
"395";1;27;"Northbound 168 St @ 78A Ave";49.145639;-122.756474
"395";1;28;"Westbound Fraser Hwy @ 168 St";49.148563;-122.757285
"395";1;29;"Westbound Fraser Hwy @ 166 St";49.15061;-122.761434
"395";1;30;"Westbound Fraser Hwy @ 164 St";49.153407;-122.768544
"395";1;31;"Westbound Fraser Hwy @ 84 Ave";49.155963;-122.775055
"395";1;32;"Westbound Fraser Hwy @ 159 St";49.158569;-122.78184
"395";1;33;"Westbound Fraser Hwy @ 158 St";49.160072;-122.785641
"395";1;34;"Westbound Fraser Hwy @ 156 St";49.162452;-122.791705
"395";1;35;"Westbound Fraser Hwy @ Fleetwood Way";49.165047;-122.798497
"395";1;36;"Westbound Fraser Hwy @ 152 St";49.166722;-122.802808
"395";1;37;"Westbound Fraser Hwy @ 148 St";49.1707;-122.813039
"395";1;38;"Northbound 140 St @ 96 Ave";49.177363;-122.834395
"395";1;39;"Westbound Fraser Hwy @ Whalley Blvd";49.180787;-122.842303
"395";1;40;"Northbound King George Blvd @ Fraser Hwy";49.181116;-122.845247
"395";1;41;"King George Station @ Bay 2";49.183124;-122.845136
"401";0;1;"Steveston Exchange @ Bay 2";49.126357;-123.18361
"401";0;2;"Northbound No. 1 Rd @ Chatham St";49.126861;-123.181116
"401";0;3;"Northbound No. 1 Rd @ Richmond St";49.128707;-123.181137
"401";0;4;"Northbound No. 1 Rd @ Georgia St";49.130667;-123.181158
"401";0;5;"Northbound No. 1 Rd @ Steveston Hwy";49.13419;-123.181213
"401";0;6;"Northbound No. 1 Rd @ Fundy Gate";49.136348;-123.181233
"401";0;7;"Northbound No. 1 Rd @ 10200 Block";49.139096;-123.181238
"401";0;8;"Northbound No. 1 Rd @ Williams Rd";49.141388;-123.181261
"401";0;9;"Northbound No. 1 Rd @ Peterson Gate";49.143253;-123.181243
"401";0;10;"Northbound No. 1 Rd @ Osmond Ave";49.146236;-123.181176
"401";0;11;"Northbound No. 1 Rd @ Francis Rd";49.148662;-123.181218
"401";0;12;"Northbound No. 1 Rd @ Youngmore Rd";49.150592;-123.181142
"401";0;13;"Northbound No. 1 Rd @ Pacemore Ave";49.153619;-123.181039
"401";0;14;"Northbound No. 1 Rd @ Blundell Rd";49.155986;-123.180967
"401";0;15;"Northbound No. 1 Rd @ Moresby Dr";49.159478;-123.181044
"401";0;16;"Northbound No. 1 Rd @ Granville Ave";49.163193;-123.181104
"401";0;17;"Northbound No. 1 Rd @ Tucker Ave";49.16624;-123.18111
"401";0;18;"Eastbound Westminster Hwy @ Forsyth Cres";49.170053;-123.180474
"401";0;19;"Eastbound Westminster Hwy @ Gibbons Dr";49.170052;-123.177787
"401";0;20;"Eastbound Westminster Hwy @ Riverdale Dr";49.170058;-123.174395
"401";0;21;"Eastbound Westminster Hwy @ Mccallan Rd";49.17006;-123.169538
"401";0;22;"Eastbound Westminster Hwy @ Tiffany Blvd";49.170039;-123.166322
"401";0;23;"Eastbound Westminster Hwy @ Lynas Lane";49.170035;-123.163971
"401";0;24;"Eastbound Westminster Hwy @ No. 2 Rd";49.170023;-123.158091
"401";0;25;"Eastbound Westminster Hwy @ 6300 Block";49.170032;-123.156096
"401";0;26;"Eastbound Westminster Hwy @ Elmbridge Way";49.170063;-123.15191
"401";0;27;"Eastbound Westminster Hwy @ Gilbert Rd";49.170079;-123.147116
"401";0;28;"Eastbound Westminster Hwy @ Alderbridge Way";49.170083;-123.144084
"401";0;29;"Eastbound Westminster Hwy @ Minoru Blvd";49.170114;-123.139363
"401";0;30;"Richmond-Brighouse Station @ Bay 5";49.168435;-123.136682
"401";0;31;"Southbound Buswell St @ Cook Rd";49.16621;-123.133812
"401";1;1;"Southbound Buswell St @ Cook Rd";49.16621;-123.133812
"401";1;2;"Richmond-Brighouse Station @ Bay 3";49.168108;-123.136374
"401";1;3;"Westbound Westminster Hwy @ No. 3 Rd";49.170303;-123.137351
"401";1;4;"Westbound Westminster Hwy @ Minoru Blvd";49.170293;-123.141096
"401";1;5;"Westbound Westminster Hwy @ Alderbridge Way";49.170277;-123.145078
"401";1;6;"Westbound Westminster Hwy @ Gilbert Rd";49.17026;-123.148472
"401";1;7;"Westbound Westminster Hwy @ Elmbridge Way";49.17024;-123.153023
"401";1;8;"Westbound Westminster Hwy @ No. 2 Rd";49.170259;-123.157896
"401";1;9;"Westbound Westminster Hwy @ Lynas Lane";49.170203;-123.165036
"401";1;10;"Westbound Westminster Hwy @ Tiffany Blvd";49.170203;-123.167497
"401";1;11;"Westbound Westminster Hwy @ Mccallan Rd";49.170198;-123.170663
"401";1;12;"Westbound Westminster Hwy @ Riverdale Dr";49.170195;-123.175717
"401";1;13;"Westbound Westminster Hwy @ Gibbons Dr";49.170196;-123.178733
"401";1;14;"Southbound No. 1 Rd @ Westminster Hwy";49.16968;-123.181319
"401";1;15;"Southbound No. 1 Rd @ Tucker Ave";49.165674;-123.181317
"401";1;16;"Southbound No. 1 Rd @ Granville Ave";49.162445;-123.181302
"401";1;17;"Southbound No. 1 Rd @ Moresby Dr";49.158868;-123.181239
"401";1;18;"Southbound No. 1 Rd @ Blundell Rd";49.1553;-123.181185
"401";1;19;"Southbound No. 1 Rd @ Pacemore Ave";49.153094;-123.181262
"401";1;20;"Southbound No. 1 Rd @ Youngmore Rd";49.149998;-123.181379
"401";1;21;"Southbound No. 1 Rd @ Francis Rd";49.147978;-123.181446
"401";1;22;"Southbound No. 1 Rd @ Osmond Ave";49.145572;-123.181451
"401";1;23;"Southbound No. 1 Rd @ Desmond Ave";49.142548;-123.181474
"401";1;24;"Southbound No. 1 Rd @ Williams Rd";49.14069;-123.181487
"401";1;25;"Southbound No. 1 Rd @ 10200 Block";49.138614;-123.181458
"401";1;26;"Southbound No. 1 Rd @ Springfield Dr";49.136717;-123.181448
"401";1;27;"Westbound Steveston Hwy @ No. 1 Rd";49.133829;-123.181995
"401";1;28;"Westbound Steveston Hwy @ 2nd Ave";49.133836;-123.184704
"401";1;29;"Southbound 4th Ave @ Steveston Hwy";49.133403;-123.187285
"401";1;30;"Southbound 4th Ave @ Pleasant St";49.131256;-123.187255
"401";1;31;"Southbound 4th Ave @ Richmond St";49.12819;-123.187295
"401";1;32;"Eastbound Chatham St @ 4th Ave";49.12636;-123.186626
"401";1;33;"Steveston Exchange @ Bay 1";49.126357;-123.18513
"402";0;1;"Steveston Exchange @ Bay 2";49.126357;-123.18361
"402";0;2;"Eastbound Moncton St @ No. 1 Rd";49.125117;-123.180317
"402";0;3;"Eastbound Moncton St @ 4300 Block";49.125098;-123.177225
"402";0;4;"Eastbound Moncton St @ Phoenix Dr";49.125081;-123.17226
"402";0;5;"Eastbound Moncton St @ Railway Ave";49.125066;-123.169304
"402";0;6;"Eastbound Moncton St @ Trites Rd";49.124983;-123.163912
"402";0;7;"Eastbound Moncton St @ No. 2 Rd";49.12492;-123.159416
"402";0;8;"Northbound No. 2 Rd @ Kittiwake Dr";49.128664;-123.158816
"402";0;9;"Northbound No. 2 Rd @ 11300 Block";49.130162;-123.158818
"402";0;10;"Northbound No. 2 Rd @ Steveston Hwy";49.13381;-123.15875
"402";0;11;"Northbound No. 2 Rd @ Spender Dr";49.135984;-123.158778
"402";0;12;"Northbound No. 2 Rd @ Wallace Rd";49.137774;-123.15879
"402";0;13;"Northbound No. 2 Rd @ Williams Rd";49.141362;-123.158853
"402";0;14;"Northbound No. 2 Rd @ Woodwards Rd";49.144158;-123.158844
"402";0;15;"Northbound No. 2 Rd @ Maple Rd";49.147058;-123.158842
"402";0;16;"Northbound No. 2 Rd @ Francis Rd";49.1486;-123.158843
"402";0;17;"Northbound No. 2 Rd @ Colville Rd";49.151745;-123.158827
"402";0;18;"Northbound No. 2 Rd @ Blundell Rd";49.154495;-123.158813
"402";0;19;"Eastbound Blundell Rd @ No. 2 Rd";49.155495;-123.158392
"402";0;20;"Eastbound Blundell Rd @ Cheviot Place";49.155507;-123.155748
"402";0;21;"Eastbound Blundell Rd @ 6400 Block";49.155501;-123.152899
"402";0;22;"Eastbound Blundell Rd @ Minler Rd";49.155496;-123.149443
"402";0;23;"Eastbound Blundell Rd @ Gilbert Rd";49.155494;-123.147059
"402";0;24;"Eastbound Blundell Rd @ Moffatt Rd";49.155523;-123.143124
"402";0;25;"Eastbound Blundell Rd @ Minoru Blvd";49.155521;-123.139706
"402";0;26;"Northbound No. 3 Rd @ Blundell Rd";49.156131;-123.136484
"402";0;27;"Northbound No. 3 Rd @ Jones Rd";49.157771;-123.136495
"402";0;28;"Northbound No. 3 Rd @ General Currie Rd";49.159604;-123.136477
"402";0;29;"Northbound No. 3 Rd @ Bennett Rd";49.161739;-123.136437
"402";0;30;"Northbound No. 3 Rd @ Park Rd";49.164174;-123.136423
"402";0;31;"Richmond-Brighouse Station @ Bay 2";49.167573;-123.135771
"402";1;1;"Richmond-Brighouse Station @ Bay 1";49.167722;-123.136073
"402";1;2;"Southbound No. 3 Rd @ Cook Rd";49.16571;-123.136714
"402";1;3;"Southbound No. 3 Rd @ Granville Ave";49.163197;-123.136701
"402";1;4;"Southbound No. 3 Rd @ General Currie Rd";49.159509;-123.136699
"402";1;5;"Southbound No. 3 Rd @ Jones Rd";49.157103;-123.136733
"402";1;6;"Westbound Blundell Rd @ No. 3 Rd";49.155666;-123.137366
"402";1;7;"Westbound Blundell Rd @ Minoru Blvd";49.155674;-123.140879
"402";1;8;"Westbound Blundell Rd @ Moffatt Rd";49.155654;-123.144253
"402";1;9;"Westbound Blundell Rd @ Gilbert Rd";49.155642;-123.148365
"402";1;10;"Westbound Blundell Rd @ Curzon St";49.155644;-123.150558
"402";1;11;"Westbound Blundell Rd @ 6300 Block";49.155644;-123.153544
"402";1;12;"Westbound Blundell Rd @ Cheviot Place";49.155654;-123.156753
"402";1;13;"Southbound No. 2 Rd @ Blundell Rd";49.153723;-123.15902
"402";1;14;"Southbound No. 2 Rd @ Colville Rd";49.151296;-123.159033
"402";1;15;"Southbound No. 2 Rd @ Francis Rd";49.148078;-123.159053
"402";1;16;"Southbound No. 2 Rd @ Maple Rd";49.146224;-123.159057
"402";1;17;"Southbound No. 2 Rd @ Woodwards Rd";49.143643;-123.159051
"402";1;18;"Southbound No. 2 Rd @ Williams Rd";49.140722;-123.159051
"402";1;19;"Southbound No. 2 Rd @ Wallace Rd";49.137147;-123.159004
"402";1;20;"Southbound No. 2 Rd @ Spender Dr";49.135065;-123.158975
"402";1;21;"Southbound No. 2 Rd @ Steveston Hwy";49.132769;-123.158953
"402";1;22;"Southbound No. 2 Rd @ 11500 Block";49.129635;-123.158967
"402";1;23;"Southbound No. 2 Rd @ Kittiwake Dr";49.127344;-123.158951
"402";1;24;"Westbound Moncton St @ No. 2 Rd";49.125043;-123.159416
"402";1;25;"Westbound Moncton St @ Trites Rd";49.125121;-123.1649
"402";1;26;"Westbound Moncton St @ Railway Ave";49.125196;-123.170495
"402";1;27;"Westbound Moncton St @ Phoenix Dr";49.125207;-123.172491
"402";1;28;"Westbound Moncton St @ Easthope Ave";49.125244;-123.179717
"402";1;29;"Northbound No. 1 Rd @ Moncton St";49.125591;-123.181091
"402";1;30;"Steveston Exchange @ Bay 3";49.126496;-123.184059
"403";0;1;"Entertainment Blvd @ Riverport Recreation Complex";49.134875;-123.065049
"403";0;2;"Westbound Steveston Hwy @ Entertainment Blvd";49.133711;-123.066813
"403";0;3;"Westbound Steveston Hwy @ Palmberg Rd";49.133656;-123.075691
"403";0;4;"Westbound Steveston Hwy @ Hwy 99";49.133622;-123.083154
"403";0;5;"Westbound Steveston Hwy @ No. 5 Rd";49.133466;-123.092736
"403";1;1;"Bridgeport Station @ Bay 3";49.195229;-123.126551
"403";1;2;"Westbound Bridgeport Rd @ Smith St";49.192068;-123.125849
"403";1;3;"Capstan Station @ Bay 2";49.190376;-123.131138
"403";1;4;"Southbound No. 3 Rd @ Capstan Way";49.187766;-123.133691
"403";1;5;"Southbound No. 3 Rd @ Yaohan Access Rd";49.185927;-123.135488
"403";1;6;"Aberdeen Station @ Bay 2";49.183998;-123.136731
"403";1;7;"Southbound No. 3 Rd @ Browngate Rd";49.182379;-123.136778
"403";1;8;"Southbound No. 3 Rd @ Leslie Rd";49.179084;-123.13677
"403";1;9;"Southbound No. 3 Rd @ Alderbridge Way";49.176886;-123.136777
"403";1;10;"Lansdowne Station @ Bay 3";49.175079;-123.136907
"403";1;11;"Lansdowne Station @ Bay 4";49.172869;-123.136815
"403";1;12;"Southbound No. 3 Rd @ Westminster Hwy";49.169765;-123.136665
"403";1;13;"Richmond-Brighouse Station @ Bay 5";49.168435;-123.136682
"403";1;14;"Southbound No. 3 Rd @ Cook Rd";49.16571;-123.136714
"403";1;15;"Southbound No. 3 Rd @ Granville Ave";49.163197;-123.136701
"403";1;16;"Southbound No. 3 Rd @ General Currie Rd";49.159509;-123.136699
"403";1;17;"Southbound No. 3 Rd @ Jones Rd";49.157103;-123.136733
"403";1;18;"Southbound No. 3 Rd @ Blundell Rd";49.155236;-123.136781
"403";1;19;"Southbound No. 3 Rd @ Sunnymede Gate";49.153326;-123.136757
"403";1;20;"Southbound No. 3 Rd @ Lucas Rd";49.152054;-123.136766
"403";1;21;"Southbound No. 3 Rd @ Penny Lane";49.150398;-123.13677
"403";1;22;"Southbound No. 3 Rd @ Francis Rd";49.147937;-123.13679
"403";1;23;"Southbound No. 3 Rd @ Broadmoor Blvd";49.145619;-123.136795
"403";1;24;"Southbound No. 3 Rd @ Saunders Rd";49.143253;-123.136823
"403";1;25;"Southbound No. 3 Rd @ Williams Rd";49.140415;-123.136815
"403";1;26;"Southbound No. 3 Rd @ Ryan Rd";49.138202;-123.136769
"403";1;27;"Southbound No. 3 Rd @ Goldstream Dr";49.136666;-123.136754
"403";1;28;"Southbound No. 3 Rd @ Rosewell Ave";49.135061;-123.136737
"403";1;29;"Eastbound Steveston Hwy @ No. 3 Rd";49.133419;-123.135984
"403";1;30;"Eastbound Steveston Hwy @ Roseland Gate";49.133431;-123.129947
"403";1;31;"Eastbound Steveston Hwy @ 9000 Block";49.133394;-123.123858
"403";1;32;"Eastbound Steveston Hwy @ Mortfield Gate";49.133398;-123.121436
"403";1;33;"Eastbound Steveston Hwy @ Southridge Rd";49.13338;-123.117387
"403";1;34;"Eastbound Steveston Hwy @ No. 4 Rd";49.133337;-123.113648
"403";1;35;"Eastbound Steveston Hwy @ Swinton Cres";49.133361;-123.110616
"403";1;36;"Eastbound Steveston Hwy @ Southport Rd";49.133349;-123.106644
"403";1;37;"Eastbound Steveston Hwy @ Shell Rd";49.133305;-123.102447
"403";1;38;"Eastbound Steveston Hwy @ Seaward Gate";49.133327;-123.100556
"403";1;39;"Eastbound Steveston Hwy @ Hwy 99";49.133351;-123.08787
"403";1;40;"Eastbound Steveston Hwy @ Hwy 99";49.133449;-123.083793
"403";1;41;"Eastbound Steveston Hwy @ Sidaway Rd";49.13352;-123.078958
"403";1;42;"Eastbound Steveston Hwy @ Palmberg Rd";49.133492;-123.074748
"403";1;43;"Entertainment Blvd @ Riverport Recreation Complex";49.134875;-123.065049
"404";0;1;"Richmond-Brighouse Station @ Bay 1";49.167722;-123.136073
"404";0;2;"Southbound No. 3 Rd @ Cook Rd";49.16571;-123.136714
"404";0;3;"Eastbound Granville Ave @ No. 3 Rd";49.162607;-123.136003
"404";0;4;"Eastbound Granville Ave @ Buswell St";49.162605;-123.132922
"404";0;5;"Eastbound Granville Ave @ St. Albans Rd";49.162602;-123.130241
"404";0;6;"Eastbound Granville Ave @ 8700 Block";49.162607;-123.127224
"404";0;7;"Eastbound Granville Ave @ Garden City Rd";49.162764;-123.124848
"404";0;8;"Eastbound Granville Ave @ Heather St";49.162785;-123.122192
"404";0;9;"Eastbound Granville Ave @ Bridge St";49.162772;-123.116556
"404";0;10;"Southbound No. 4 Rd @ Granville Ave";49.162475;-123.11415
"404";0;11;"Southbound No. 4 Rd @ 7500 Block";49.158481;-123.114185
"404";0;12;"Southbound No. 4 Rd @ Blundell Rd";49.155176;-123.11421
"404";0;13;"Southbound No. 4 Rd @ Dayton Ave";49.151404;-123.11425
"404";0;14;"Southbound No. 4 Rd @ Francis Rd";49.147716;-123.114305
"404";0;15;"Southbound No. 4 Rd @ Glendower Gate";49.145692;-123.114262
"404";0;16;"Southbound No. 4 Rd @ Saunders Rd";49.142788;-123.114235
"404";0;17;"Southbound No. 4 Rd @ Williams Rd";49.140383;-123.11422
"404";0;18;"Southbound No. 4 Rd @ Mortfield Rd";49.137157;-123.114303
"404";0;19;"Eastbound Steveston Hwy @ No. 4 Rd";49.133337;-123.113648
"404";0;20;"Eastbound Steveston Hwy @ Swinton Cres";49.133361;-123.110616
"404";0;21;"Eastbound Steveston Hwy @ Southport Rd";49.133349;-123.106644
"404";0;22;"Eastbound Steveston Hwy @ Shell Rd";49.133305;-123.102447
"404";0;23;"Eastbound Steveston Hwy @ Seaward Gate";49.133327;-123.100556
"404";0;24;"Eastbound Steveston Hwy @ Coppersmith Place";49.133285;-123.096283
"404";0;25;"Eastbound Steveston Hwy @ Hwy 99";49.133351;-123.08787
"404";0;26;"Eastbound Steveston Hwy @ Hwy 99";49.133449;-123.083793
"404";0;27;"Eastbound Steveston Hwy @ Sidaway Rd";49.13352;-123.078958
"404";0;28;"Eastbound Steveston Hwy @ Palmberg Rd";49.133492;-123.074748
"404";0;29;"Entertainment Blvd @ Riverport Recreation Complex";49.134875;-123.065049
"404";1;1;"Westbound Steveston Hwy @ No. 5 Rd";49.133466;-123.092736
"404";1;2;"Westbound Steveston Hwy @ Coppersmith Place";49.133456;-123.096357
"404";1;3;"Westbound Steveston Hwy @ Seaward Gate";49.133464;-123.100078
"404";1;4;"Westbound Steveston Hwy @ Shell Rd";49.133478;-123.103883
"404";1;5;"Westbound Steveston Hwy @ Southport Rd";49.133486;-123.107451
"404";1;6;"Westbound Steveston Hwy @ Swinton Cres";49.133497;-123.111572
"404";1;7;"Northbound No. 4 Rd @ Steveston Hwy";49.133848;-123.114175
"404";1;8;"Northbound No. 4 Rd @ Wilkinson Rd";49.137907;-123.114092
"404";1;9;"Northbound No. 4 Rd @ Williams Rd";49.141034;-123.114025
"404";1;10;"Northbound No. 4 Rd @ Saunders Rd";49.143418;-123.114049
"404";1;11;"Northbound No. 4 Rd @ Amethyst Ave";49.145219;-123.114071
"404";1;12;"Northbound No. 4 Rd @ Francis Rd";49.148273;-123.114069
"404";1;13;"Northbound No. 4 Rd @ Dayton Ave";49.152004;-123.114034
"404";1;14;"Northbound No. 4 Rd @ Blundell Rd";49.155946;-123.113997
"404";1;15;"Northbound No. 4 Rd @ 7400 Block";49.158668;-123.113981
"404";1;16;"Westbound Granville Ave @ 9700 Block";49.162892;-123.115481
"404";1;17;"Westbound Granville Ave @ Ash St";49.162879;-123.120387
"404";1;18;"Westbound Granville Ave @ Garden City Rd";49.162889;-123.124316
"404";1;19;"Westbound Granville Ave @ Cooney Rd";49.162858;-123.130776
"404";1;20;"Westbound Granville Ave @ Buswell St";49.162851;-123.134375
"404";1;21;"Northbound No. 3 Rd @ Park Rd";49.164174;-123.136423
"404";1;22;"Richmond-Brighouse Station @ Bay 2";49.167573;-123.135771
"405";0;1;"Eastbound Cook Rd @ No. 3 Rd";49.166453;-123.135795
"405";0;2;"Richmond-Brighouse Station @ Bay 4";49.168512;-123.136367
"405";0;3;"Northbound No. 3 Rd @ Ackroyd Rd";49.17237;-123.136488
"405";0;4;"Eastbound Lansdowne Rd @ Cooney Rd";49.173723;-123.130878
"405";0;5;"Northbound Kwantlen St @ Lansdowne Rd";49.174729;-123.128546
"405";0;6;"Eastbound Alderbridge Way @ Kwantlen St";49.177223;-123.128124
"405";0;7;"Eastbound Alderbridge Way @ May Dr";49.177158;-123.118934
"405";0;8;"Northbound No. 4 Rd @ Alexandra Rd";49.178341;-123.113906
"405";0;9;"Northbound No. 4 Rd @ Fisher Gate";49.180071;-123.113886
"405";0;10;"Northbound No. 4 Rd @ Odlin Rd";49.182076;-123.113882
"405";0;11;"Eastbound Cambie Rd @ No. 4 Rd";49.184567;-123.113449
"405";0;12;"Eastbound Cambie Rd @ 10200 Block";49.184552;-123.110688
"405";0;13;"Eastbound Cambie Rd @ St. Edwards Dr";49.184503;-123.104079
"405";0;14;"Eastbound Cambie Rd @ Vanguard Rd";49.184518;-123.100371
"405";0;15;"Eastbound Cambie Rd @ Bargen Dr";49.184512;-123.096238
"405";0;16;"Eastbound Cambie Rd @ No. 5 Rd";49.184494;-123.090983
"405";0;17;"Eastbound Cambie Rd @ 12400 Block";49.184478;-123.085511
"405";0;18;"Eastbound Cambie Rd @ Jacombs Rd";49.184479;-123.079639
"405";0;19;"Northbound Viking Way @ Cambie Rd";49.185329;-123.073181
"405";0;20;"Northbound Viking Way @ Crestwood Place";49.188307;-123.073208
"405";0;21;"Northbound Viking Way @ Bridgeport Rd";49.191173;-123.073232
"405";0;22;"Westbound Bridgeport Rd @ Viking Way";49.192075;-123.073928
"405";0;23;"Northbound Knight St @ Mitchell Rd";49.206873;-123.077182
"405";0;24;"Northbound Knight St Bridge Offramp @ SE Marine Dr";49.210846;-123.075497
"405";1;1;"Northbound Knight St Bridge Offramp @ SE Marine Dr";49.210846;-123.075497
"405";1;2;"Southbound Knight St @ Mitchell Rd";49.206054;-123.077678
"405";1;3;"Southbound Viking Way @ Bridgeport Rd";49.191598;-123.073404
"405";1;4;"Southbound Viking Way @ Crestwood Place";49.187824;-123.073374
"405";1;5;"Westbound Cambie Rd @ Viking Way";49.184706;-123.073733
"405";1;6;"Westbound Cambie Rd @ Jacombs Rd";49.184628;-123.08085
"405";1;7;"Westbound Cambie Rd @ 12300 Block";49.184621;-123.086855
"405";1;8;"Westbound Cambie Rd @ No. 5 Rd";49.184632;-123.092077
"405";1;9;"Westbound Cambie Rd @ Bargen Dr";49.18465;-123.097395
"405";1;10;"Westbound Cambie Rd @ Vanguard Rd";49.184667;-123.10152
"405";1;11;"Westbound Cambie Rd @ Shell Rd";49.18467;-123.103428
"405";1;12;"Westbound Cambie Rd @ 10200 Block";49.184698;-123.110737
"405";1;13;"Southbound No. 4 Rd @ Cambie Rd";49.183989;-123.114079
"405";1;14;"Southbound No. 4 Rd @ Odlin Rd";49.181509;-123.11413
"405";1;15;"Southbound No. 4 Rd @ Alexandra Rd";49.178576;-123.114116
"405";1;16;"Westbound Alderbridge Way @ May Dr";49.177384;-123.119063
"405";1;17;"Southbound Garden City Rd @ Alderbridge Way";49.176502;-123.124779
"405";1;18;"Westbound Lansdowne Rd @ Kwantlen St";49.173988;-123.127108
"405";1;19;"Westbound Lansdowne Rd @ Cooney Rd";49.173932;-123.132947
"405";1;20;"Lansdowne Station @ Bay 4";49.172869;-123.136815
"405";1;21;"Southbound No. 3 Rd @ Westminster Hwy";49.169765;-123.136665
"405";1;22;"Richmond-Brighouse Station @ Bay 5";49.168435;-123.136682
"405";1;23;"Eastbound Cook Rd @ No. 3 Rd";49.166453;-123.135795
"405";1;24;"Eastbound Cook Rd @ Buswell St";49.166433;-123.133202
"405";1;25;"Eastbound Cook Rd @ Eckersley Rd";49.166409;-123.129765
"405";1;26;"Northbound Garden City Rd @ Cook Rd";49.166861;-123.124475
"405";1;27;"Northbound Garden City Rd @ Ferndale Rd";49.169297;-123.124403
"405";1;28;"Eastbound Westminster Hwy @ Garden City Rd";49.170027;-123.123002
"405";1;29;"Eastbound Westminster Hwy @ No. 4 Rd";49.170021;-123.115306
"405";1;30;"Eastbound Westminster Hwy @ 10500 Block";49.170004;-123.107009
"405";1;31;"Eastbound Westminster Hwy @ 11000 Block";49.169991;-123.100504
"405";1;32;"Southbound No. 5 Rd @ Westminster Hwy";49.16978;-123.091838
"405";1;33;"Southbound No. 5 Rd @ 6400 Block";49.166032;-123.09177
"405";1;34;"Southbound No. 5 Rd @ Granville Ave";49.162453;-123.091796
"405";1;35;"Southbound No. 5 Rd @ 7400 Block";49.158248;-123.091815
"405";1;36;"Southbound No. 5 Rd @ Blundell Rd";49.154996;-123.091877
"405";1;37;"Southbound No. 5 Rd @ 8500 Block";49.150528;-123.091922
"405";1;38;"Southbound No. 5 Rd @ Kingsbridge Dr";49.147447;-123.091975
"405";1;39;"Southbound No. 5 Rd @ King Rd";49.145009;-123.091923
"405";1;40;"Southbound No. 5 Rd @ Williams Rd";49.140287;-123.09185
"405";1;41;"Southbound No. 5 Rd @ Seacliff Rd";49.137692;-123.091992
"405";1;42;"Southbound No. 5 Rd @ Steveston Hwy";49.134132;-123.092199
"405";1;43;"Southbound No. 5 Rd @ Steveston Hwy";49.131837;-123.092268
"405";1;44;"Southbound No. 5 Rd @ Horseshoe Way";49.130095;-123.092251
"405";1;45;"Southbound No. 5 Rd @ Rice Mill Rd";49.125896;-123.092261
"405";1;46;"Westbound Machrina Way @ No. 5 Rd";49.124332;-123.092898
"406";0;1;"Steveston Exchange @ Bay 3";49.126496;-123.184059
"406";0;2;"Westbound Chatham St @ 5th Ave";49.1265;-123.189251
"406";0;3;"Northbound 7th Ave @ Chatham St";49.126844;-123.191741
"406";0;4;"Northbound 7th Ave @ Richmond St";49.128624;-123.191727
"406";0;5;"Northbound 7th Ave @ Regent St";49.131834;-123.191727
"406";0;6;"Northbound Springmont Gate @ Steveston Hwy";49.134063;-123.191743
"406";0;7;"Northbound Springmont Dr @ Springmont Gate";49.135962;-123.191846
"406";0;8;"Northbound Springmont Dr @ Springside Place";49.137315;-123.19274
"406";0;9;"Northbound Springmont Dr @ Springhill Cres";49.139845;-123.191646
"406";0;10;"Eastbound Williams Rd @ Springmont Dr";49.140962;-123.190977
"406";0;11;"Eastbound Williams Rd @ 4th Ave";49.140979;-123.186546
"406";0;12;"Eastbound Williams Rd @ 2nd Ave";49.140988;-123.183774
"406";0;13;"Eastbound Williams Rd @ No. 1 Rd";49.14097;-123.180386
"406";0;14;"Eastbound Williams Rd @ Fortune Ave";49.140969;-123.177228
"406";0;15;"Eastbound Williams Rd @ Freshwater Dr";49.140964;-123.171279
"406";0;16;"Northbound Railway Ave @ Williams Rd";49.141765;-123.169716
"406";0;17;"Northbound Railway Ave @ Woodwards Rd";49.144203;-123.169711
"406";0;18;"Northbound Railway Ave @ Maple Rd";49.14712;-123.169713
"406";0;19;"Northbound Railway Ave @ Francis Rd";49.148833;-123.169722
"406";0;20;"Northbound Railway Ave @ 8600 Block";49.150292;-123.169723
"406";0;21;"Northbound Railway Ave @ Colbeck Rd";49.15282;-123.169713
"406";0;22;"Northbound Railway Ave @ Blundell Rd";49.155951;-123.169712
"406";0;23;"Northbound Railway Ave @ Lancing Rd";49.157325;-123.169717
"406";0;24;"Northbound Railway Ave @ Linfield Gate";49.160607;-123.169736
"406";0;25;"Eastbound Granville Ave @ Railway Ave";49.162614;-123.166709
"406";0;26;"Eastbound Granville Ave @ Lynas Lane";49.162616;-123.164344
"406";0;27;"Eastbound Granville Ave @ Ledway Rd";49.162613;-123.161425
"406";0;28;"Eastbound Granville Ave @ No. 2 Rd";49.162602;-123.158269
"406";0;29;"Eastbound Granville Ave @ Azure Gate";49.162614;-123.152725
"406";0;30;"Eastbound Granville Ave @ Livingstone Gate";49.162607;-123.149696
"406";0;31;"Eastbound Granville Ave @ Gilbert Rd";49.162608;-123.146919
"406";0;32;"Eastbound Granville Ave @ Moffatt Rd";49.16261;-123.142445
"406";0;33;"Eastbound Granville Ave @ Minoru Blvd";49.162607;-123.139694
"406";0;34;"Northbound No. 3 Rd @ Park Rd";49.164174;-123.136423
"406";0;35;"Richmond-Brighouse Station @ Bay 2";49.167573;-123.135771
"406";1;1;"Richmond-Brighouse Station @ Bay 1";49.167722;-123.136073
"406";1;2;"Southbound No. 3 Rd @ Cook Rd";49.16571;-123.136714
"406";1;3;"Southbound No. 3 Rd @ Granville Ave";49.163197;-123.136701
"406";1;4;"Westbound Granville Ave @ Minoru Blvd";49.162847;-123.140851
"406";1;5;"Westbound Granville Ave @ Moffatt Rd";49.162848;-123.145425
"406";1;6;"Westbound Granville Ave @ Gilbert Rd";49.162852;-123.148798
"406";1;7;"Westbound Granville Ave @ Azure Gate";49.162851;-123.153564
"406";1;8;"Westbound Granville Ave @ No. 2 Rd";49.162849;-123.159375
"406";1;9;"Westbound Granville Ave @ Ledway Rd";49.162854;-123.161384
"406";1;10;"Westbound Granville Ave @ Lynas Lane";49.162839;-123.165377
"406";1;11;"Southbound Railway Ave @ Granville Ave";49.162073;-123.169682
"406";1;12;"Southbound Railway Ave @ Linfield Gate";49.15973;-123.16994
"406";1;13;"Southbound Railway Ave @ Lancing Rd";49.156785;-123.169914
"406";1;14;"Southbound Railway Ave @ Blundell Rd";49.15524;-123.16992
"406";1;15;"Southbound Railway Ave @ Colbeck Rd";49.152156;-123.1699
"406";1;16;"Southbound Railway Ave @ 8600 Block";49.150076;-123.169893
"406";1;17;"Southbound Railway Ave @ Francis Rd";49.148048;-123.169925
"406";1;18;"Southbound Railway Ave @ Maple Rd";49.146542;-123.169893
"406";1;19;"Southbound Railway Ave @ Woodwards Rd";49.143521;-123.169889
"406";1;20;"Westbound Williams Rd @ Geal Rd";49.141096;-123.170797
"406";1;21;"Westbound Williams Rd @ Fortune Ave";49.141107;-123.176753
"406";1;22;"Westbound Williams Rd @ No. 1 Rd";49.14111;-123.180723
"406";1;23;"Westbound Williams Rd @ Elkmond Rd";49.141108;-123.185959
"406";1;24;"Westbound Williams Rd @ Stilmond Rd";49.141089;-123.190499
"406";1;25;"Southbound Springmont Dr @ Springhill Cres";49.139677;-123.191817
"406";1;26;"Southbound Springmont Dr @ Springside Place";49.137184;-123.192941
"406";1;27;"Southbound Springmont Gate @ Springmont Dr";49.135231;-123.191623
"406";1;28;"Southbound 7th Ave @ Steveston Hwy";49.133356;-123.191878
"406";1;29;"Southbound 7th Ave @ Regent St";49.131734;-123.191864
"406";1;30;"Southbound 7th Ave @ Garry St";49.129035;-123.191869
"406";1;31;"Eastbound Chatham St @ 7th Ave";49.126365;-123.191184
"406";1;32;"Northbound 4th Ave @ Broadway St";49.127584;-123.187115
"406";1;33;"Northbound 4th Ave @ Richmond St";49.12863;-123.187102
"406";1;34;"Northbound 4th Ave @ Pleasant St";49.131313;-123.1871
"406";1;35;"Eastbound Steveston Hwy @ 4th Ave";49.133725;-123.186485
"406";1;36;"Eastbound Steveston Hwy @ 2nd Ave";49.13372;-123.183806
"406";1;37;"Southbound No. 1 Rd @ Steveston Hwy";49.133314;-123.181409
"406";1;38;"Southbound No. 1 Rd @ Georgia St";49.129951;-123.181369
"406";1;39;"Southbound No. 1 Rd @ Broadway St";49.127034;-123.181327
"406";1;40;"Steveston Exchange @ Bay 3";49.126496;-123.184059
"407";0;1;"Steveston Exchange @ Bay 3";49.126496;-123.184059
"407";0;2;"Northbound 4th Ave @ Broadway St";49.127584;-123.187115
"407";0;3;"Northbound 4th Ave @ Richmond St";49.12863;-123.187102
"407";0;4;"Northbound 4th Ave @ Pleasant St";49.131313;-123.1871
"407";0;5;"Eastbound Steveston Hwy @ 4th Ave";49.133725;-123.186485
"407";0;6;"Eastbound Steveston Hwy @ 2nd Ave";49.13372;-123.183806
"407";0;7;"Eastbound Steveston Hwy @ No. 1 Rd";49.133706;-123.182049
"407";0;8;"Eastbound Steveston Hwy @ No. 1 Rd";49.133688;-123.179685
"407";0;9;"Eastbound Steveston Hwy @ Ransford Gate";49.133682;-123.1771
"407";0;10;"Eastbound Steveston Hwy @ Trimaran Gate";49.133671;-123.172993
"407";0;11;"Eastbound Steveston Hwy @ Railway Ave";49.133621;-123.16888
"407";0;12;"Eastbound Steveston Hwy @ Lassam Rd";49.133497;-123.162861
"407";0;13;"Eastbound Steveston Hwy @ Kingfisher Dr";49.133462;-123.160811
"407";0;14;"Eastbound Steveston Hwy @ No. 2 Rd";49.133422;-123.158275
"407";0;15;"Eastbound Steveston Hwy @ Housman St";49.133444;-123.154796
"407";0;16;"Eastbound Steveston Hwy @ Constable Gate";49.133441;-123.151449
"407";0;17;"Northbound Gilbert Rd @ Kimberley Dr";49.134245;-123.147695
"407";0;18;"Northbound Gilbert Rd @ 10500 Block";49.136657;-123.14771
"407";0;19;"Northbound Gilbert Rd @ Bamberton Dr";49.139133;-123.147742
"407";0;20;"Northbound Gilbert Rd @ Williams Rd";49.141262;-123.147761
"407";0;21;"Northbound Gilbert Rd @ Gilhurst Gate";49.144183;-123.147745
"407";0;22;"Northbound Gilbert Rd @ Broadmoor Blvd";49.146292;-123.147743
"407";0;23;"Northbound Gilbert Rd @ Francis Rd";49.14866;-123.147711
"407";0;24;"Northbound Gilbert Rd @ 8600 Block";49.150018;-123.147721
"407";0;25;"Northbound Gilbert Rd @ Lucas Rd";49.152222;-123.147713
"407";0;26;"Northbound Gilbert Rd @ 8200 Block";49.153483;-123.147714
"407";0;27;"Northbound Gilbert Rd @ Blundell Rd";49.155937;-123.147687
"407";0;28;"Northbound Gilbert Rd @ Donald Rd";49.157991;-123.147674
"407";0;29;"Northbound Gilbert Rd @ Mang Rd";49.160248;-123.147654
"407";0;30;"Northbound Gilbert Rd @ Granville Ave";49.163715;-123.147599
"407";0;31;"Northbound Gilbert Rd @ Azure Rd";49.166463;-123.147587
"407";0;32;"Northbound Gilbert Rd @ Westminster Hwy";49.16991;-123.147533
"407";0;33;"Northbound Gilbert Rd @ Elmbridge Way";49.172758;-123.146259
"407";0;34;"Eastbound Lansdowne Rd @ Cedarbridge Way";49.173811;-123.142931
"407";0;35;"Eastbound Lansdowne Rd @ No. 3 Rd";49.173763;-123.137624
"407";0;36;"Eastbound Lansdowne Rd @ Cooney Rd";49.173723;-123.130878
"407";0;37;"Eastbound Lansdowne Rd @ Kwantlen St";49.173705;-123.128278
"407";0;38;"Northbound Garden City Rd @ Lansdowne Rd";49.174225;-123.124389
"407";0;39;"Northbound Garden City Rd @ Alderbridge Way";49.177778;-123.124306
"407";0;40;"Northbound Garden City Rd @ Odlin Rd";49.182144;-123.124337
"407";0;41;"Northbound Garden City Rd @ Cambie Rd";49.185063;-123.124325
"407";0;42;"Westbound Capstan Way @ Garden City Rd";49.187836;-123.125701
"407";0;43;"Westbound Capstan Way @ Sexsmith Rd";49.187848;-123.128715
"407";0;44;"Capstan Station @ Bay 3";49.188584;-123.131683
"407";0;45;"Eastbound Bridgeport Rd @ Sexsmith Rd";49.191911;-123.12663
"407";0;46;"Bridgeport Station @ Bay 5";49.195004;-123.127081
"407";0;47;"Eastbound Bridgeport Rd @ Great Canadian Way";49.191931;-123.123173
"407";0;48;"Eastbound Bridgeport Rd @ Gage Rd";49.19194;-123.119918
"407";0;49;"Eastbound Bridgeport Rd @ No. 4 Rd";49.191877;-123.114305
"407";0;50;"Eastbound Bridgeport Rd @ St. Edwards Dr";49.191894;-123.111724
"407";0;51;"Eastbound Bridgeport Rd @ McLennan Ave";49.191929;-123.10754
"407";0;52;"Eastbound Bridgeport Rd @ Shell Rd";49.191933;-123.101252
"407";0;53;"Eastbound Bridgeport Rd @ Simpson Rd";49.191919;-123.098536
"407";0;54;"Eastbound Bridgeport Rd @ Olafsen Ave";49.191901;-123.095023
"407";0;55;"Northbound No. 5 Rd @ Bridgeport Rd";49.192475;-123.091401
"407";0;56;"Eastbound Vulcan Way @ No. 5 Rd";49.193788;-123.09077
"407";0;57;"Eastbound Vulcan Way @ 12200 Block";49.193791;-123.087685
"407";0;58;"Eastbound Vulcan Way @ Sweden Way";49.194847;-123.082255
"407";0;59;"Eastbound Vulcan Way @ Viscount Way";49.196014;-123.07839
"407";0;60;"Eastbound Knox Way @ Burdette St";49.200814;-123.063063
"407";0;61;"Southbound Viking Way @ Vulcan Way";49.197093;-123.073397
"407";0;62;"Southbound Viking Way @ Viking Place";49.194182;-123.073409
"407";0;63;"Westbound Bridgeport Rd @ Viking Way";49.192075;-123.073928
"407";0;64;"Northbound Knight St @ Mitchell Rd";49.206873;-123.077182
"407";0;65;"Northbound Knight St Bridge Offramp @ SE Marine Dr";49.210846;-123.075497
"407";1;1;"Northbound Knight St Bridge Offramp @ SE Marine Dr";49.210846;-123.075497
"407";1;2;"Southbound Knight St @ Mitchell Rd";49.206054;-123.077678
"407";1;3;"Northbound Viking Way @ Bridgeport Rd";49.192477;-123.073233
"407";1;4;"Northbound Viking Way @ Viking Place";49.194844;-123.073224
"407";1;5;"Westbound Vulcan Way @ Viking Way";49.197551;-123.073845
"407";1;6;"Westbound Vulcan Way @ Viscount Way";49.195881;-123.079335
"407";1;7;"Westbound Vulcan Way @ Sweden Way";49.195023;-123.082141
"407";1;8;"Westbound Vulcan Way @ 12200 Block";49.193935;-123.088263
"407";1;9;"Southbound No. 5 Rd @ Vulcan Way";49.193513;-123.091588
"407";1;10;"Westbound Bridgeport Rd @ No. 5 Rd";49.192041;-123.092038
"407";1;11;"Westbound Bridgeport Rd @ Olafsen Ave";49.192039;-123.09622
"407";1;12;"Westbound Bridgeport Rd @ Simpson Rd";49.192074;-123.099656
"407";1;13;"Westbound Bridgeport Rd @ Shell Rd";49.192076;-123.103179
"407";1;14;"Westbound Bridgeport Rd @ McLennan Ave";49.192065;-123.108364
"407";1;15;"Westbound Bridgeport Rd @ McLeod Ave";49.192057;-123.111329
"407";1;16;"Westbound Bridgeport Rd @ No. 4 Rd";49.192059;-123.116031
"407";1;17;"Westbound Bridgeport Rd @ Gage Rd";49.192105;-123.120971
"407";1;18;"Bridgeport Station @ Bay 11";49.195565;-123.126212
"407";1;19;"Westbound Bridgeport Rd @ Smith St";49.192068;-123.125849
"407";1;20;"Capstan Station @ Bay 2";49.190376;-123.131138
"407";1;21;"Capstan Station @ Bay 4";49.188405;-123.131604
"407";1;22;"Eastbound Capstan Way @ Sexsmith Rd";49.187724;-123.127644
"407";1;23;"Eastbound Capstan Way @ Garden City Rd";49.187719;-123.125279
"407";1;24;"Southbound Garden City Rd @ Cambie Rd";49.183992;-123.124786
"407";1;25;"Southbound Garden City Rd @ Odlin Rd";49.181337;-123.124785
"407";1;26;"Southbound Garden City Rd @ Leslie Rd";49.178984;-123.124761
"407";1;27;"Southbound Garden City Rd @ Alderbridge Way";49.176502;-123.124779
"407";1;28;"Westbound Lansdowne Rd @ Kwantlen St";49.173988;-123.127108
"407";1;29;"Westbound Lansdowne Rd @ Cooney Rd";49.173932;-123.132947
"407";1;30;"Westbound Lansdowne Rd @ No. 3 Rd";49.173961;-123.136363
"407";1;31;"Westbound Lansdowne Rd @ Cedarbridge Way";49.173926;-123.141576
"407";1;32;"Southbound Gilbert Rd @ Westminster Hwy";49.169766;-123.147824
"407";1;33;"Southbound Gilbert Rd @ 6400 Block";49.16728;-123.147852
"407";1;34;"Southbound Gilbert Rd @ Azure Rd";49.1658;-123.147869
"407";1;35;"Southbound Gilbert Rd @ 6800 Block";49.164437;-123.14789
"407";1;36;"Southbound Gilbert Rd @ Granville Ave";49.16209;-123.147898
"407";1;37;"Southbound Gilbert Rd @ Mang Rd";49.159513;-123.147908
"407";1;38;"Southbound Gilbert Rd @ Donald Rd";49.158054;-123.147932
"407";1;39;"Southbound Gilbert Rd @ 8200 Block";49.153305;-123.147928
"407";1;40;"Southbound Gilbert Rd @ Lucas Rd";49.151536;-123.147941
"407";1;41;"Southbound Gilbert Rd @ 8600 Block";49.149595;-123.147938
"407";1;42;"Southbound Gilbert Rd @ Francis Rd";49.148009;-123.147947
"407";1;43;"Southbound Gilbert Rd @ Broadmoor Blvd";49.145755;-123.147961
"407";1;44;"Southbound Gilbert Rd @ Woodwards Rd";49.143488;-123.147971
"407";1;45;"Southbound Gilbert Rd @ Williams Rd";49.140645;-123.147996
"407";1;46;"Southbound Gilbert Rd @ Bamberton Dr";49.138498;-123.147951
"407";1;47;"Southbound Gilbert Rd @ Kimberley Dr";49.13515;-123.147912
"407";1;48;"Westbound Steveston Hwy @ Gilbert Rd";49.133572;-123.148504
"407";1;49;"Westbound Steveston Hwy @ Constable Gate";49.133577;-123.1522
"407";1;50;"Westbound Steveston Hwy @ Housman St";49.133583;-123.155486
"407";1;51;"Westbound Steveston Hwy @ No. 2 Rd";49.133598;-123.1594
"407";1;52;"Westbound Steveston Hwy @ Kingfisher Dr";49.133645;-123.161878
"407";1;53;"Westbound Steveston Hwy @ Lassam Rd";49.133693;-123.164183
"407";1;54;"Westbound Steveston Hwy @ Railway Ave";49.133808;-123.170376
"407";1;55;"Westbound Steveston Hwy @ Bonavista Gate";49.133813;-123.173
"407";1;56;"Westbound Steveston Hwy @ Ransford Gate";49.133822;-123.176992
"407";1;57;"Westbound Steveston Hwy @ No. 1 Rd";49.133829;-123.181995
"407";1;58;"Westbound Steveston Hwy @ 2nd Ave";49.133836;-123.184704
"407";1;59;"Southbound 4th Ave @ Steveston Hwy";49.133403;-123.187285
"407";1;60;"Southbound 4th Ave @ Pleasant St";49.131256;-123.187255
"407";1;61;"Southbound 4th Ave @ Richmond St";49.12819;-123.187295
"407";1;62;"Eastbound Chatham St @ 4th Ave";49.12636;-123.186626
"407";1;63;"Steveston Exchange @ Bay 1";49.126357;-123.18513
"408";0;1;"Richmond-Brighouse Station @ Bay 1";49.167722;-123.136073
"408";0;2;"Eastbound Cook Rd @ No. 3 Rd";49.166453;-123.135795
"408";0;3;"Eastbound Cook Rd @ Buswell St";49.166433;-123.133202
"408";0;4;"Eastbound Cook Rd @ Eckersley Rd";49.166409;-123.129765
"408";0;5;"Eastbound Cook Rd @ Pimlico Way";49.166376;-123.125663
"408";0;6;"Southbound Garden City Rd @ Bennett Rd";49.160477;-123.12551
"408";0;7;"Southbound Garden City Rd @ General Currie Rd";49.158853;-123.125492
"408";0;8;"Southbound Garden City Rd @ Jones Rd";49.156997;-123.125463
"408";0;9;"Southbound Garden City Rd @ Blundell Rd";49.155069;-123.125429
"408";0;10;"Southbound Garden City Rd @ Bowcock Rd";49.15102;-123.125354
"408";0;11;"Southbound Garden City Rd @ Francis Rd";49.14793;-123.125292
"408";0;12;"Southbound Garden City Rd @ Glenallan Gate";49.145229;-123.125249
"408";0;13;"Southbound Garden City Rd @ Saunders Rd";49.14325;-123.125279
"408";0;14;"Eastbound Williams Rd @ Garden City Rd";49.140767;-123.124509
"408";0;15;"Eastbound Williams Rd @ Severn Dr";49.140717;-123.118719
"408";0;16;"Eastbound Williams Rd @ No. 4 Rd";49.140666;-123.113709
"408";0;17;"Eastbound Williams Rd @ Aquila Rd";49.140658;-123.108713
"408";0;18;"Eastbound Williams Rd @ Shell Rd";49.140638;-123.103716
"408";0;19;"Eastbound Williams Rd @ Shell Rd";49.140632;-123.101839
"408";0;20;"Eastbound Williams Rd @ Seacote Rd";49.140618;-123.097504
"408";0;21;"Southbound No. 5 Rd @ Williams Rd";49.140287;-123.09185
"408";0;22;"Southbound No. 5 Rd @ Seacliff Rd";49.137692;-123.091992
"408";0;23;"Southbound No. 5 Rd @ Steveston Hwy";49.134132;-123.092199
"408";0;24;"Southbound No. 5 Rd @ Steveston Hwy";49.131837;-123.092268
"408";0;25;"Westbound Horseshoe Way @ No. 5 Rd";49.131088;-123.093785
"408";0;26;"Eastbound Horseshoe Way @ No. 5 Rd";49.130495;-123.093598
"408";1;1;"Eastbound Horseshoe Way @ No. 5 Rd";49.130495;-123.093598
"408";1;2;"Northbound No. 5 Rd @ Steveston Hwy";49.133823;-123.092011
"408";1;3;"Northbound No. 5 Rd @ Seacliff Rd";49.138457;-123.091748
"408";1;4;"Northbound No. 5 Rd @ Williams Rd";49.141079;-123.091628
"408";1;5;"Westbound King Rd @ No. 5 Rd";49.144366;-123.092326
"408";1;6;"Westbound King Rd @ 11500 Block";49.144366;-123.09605
"408";1;7;"Southbound Seacote Rd @ Seaport Ave";49.143577;-123.098168
"408";1;8;"Westbound Williams Rd @ Seacote Rd";49.140761;-123.098456
"408";1;9;"Westbound Williams Rd @ Shell Rd";49.14077;-123.103604
"408";1;10;"Westbound Williams Rd @ Aragon Rd";49.140789;-123.108306
"408";1;11;"Westbound Williams Rd @ No. 4 Rd";49.140808;-123.11456
"408";1;12;"Westbound Williams Rd @ Ash St";49.140866;-123.120344
"408";1;13;"Northbound Garden City Rd @ Williams Rd";49.141326;-123.125165
"408";1;14;"Northbound Garden City Rd @ Saunders Rd";49.143973;-123.1251
"408";1;15;"Northbound Garden City Rd @ Glenallan Gate";49.145802;-123.12506
"408";1;16;"Northbound Garden City Rd @ Francis Rd";49.148466;-123.125077
"408";1;17;"Northbound Garden City Rd @ Dayton Ave";49.152075;-123.125155
"408";1;18;"Northbound Garden City Rd @ Blundell Rd";49.15577;-123.125239
"408";1;19;"Northbound Garden City Rd @ Jones Rd";49.157623;-123.125256
"408";1;20;"Northbound Garden City Rd @ General Currie Rd";49.159546;-123.12529
"408";1;21;"Northbound Garden City Rd @ Bennett Rd";49.16117;-123.125303
"408";1;22;"Westbound Cook Rd @ Pimlico Way";49.16652;-123.126401
"408";1;23;"Westbound Cook Rd @ Cooney Rd";49.16655;-123.132013
"408";1;24;"Westbound Cook Rd @ No. 3 Rd";49.166575;-123.135287
"408";1;25;"Richmond-Brighouse Station @ Bay 2";49.167573;-123.135771
"410";0;1;"Eastbound Ewen Ave @ Hume St";49.182596;-122.955241
"410";0;2;"Eastbound Ewen Ave @ Gifford St";49.184001;-122.951873
"410";0;3;"Eastbound Ewen Ave @ Jardine St";49.185358;-122.948641
"410";0;4;"Northbound Howes St @ Ewen Ave";49.18668;-122.946975
"410";0;5;"Northbound Hwy 91A Onramp @ Howes St";49.187932;-122.947272
"410";0;6;"22nd Street Station @ Unloading Only";49.199857;-122.949711
"410";1;1;"22nd Street Station @ Bay 4";49.199857;-122.949097
"410";1;2;"Southbound Howes St @ Hwy 91A Offramp";49.187052;-122.947624
"410";1;3;"Westbound Ewen Ave @ Howes St";49.186059;-122.947411
"410";1;4;"Westbound Ewen Ave @ Jardine St";49.18478;-122.950461
"410";1;5;"Westbound Ewen Ave @ Gifford St";49.184021;-122.952256
"410";1;6;"Westbound Ewen Ave @ Hume St";49.18246;-122.956074
"410";1;7;"Westbound Westminster Hwy @ Boundary Rd";49.183679;-122.958145
"410";1;8;"Westbound Westminster Hwy @ Smith Cres";49.18162;-122.964852
"410";1;9;"Westbound Westminster Hwy @ Willett Ave";49.179336;-122.9673
"410";1;10;"Westbound Westminster Hwy @ Fraserside Gate";49.177607;-122.968315
"410";1;11;"Westbound Westminster Hwy @ McLean Ave";49.173647;-122.970671
"410";1;12;"Westbound Westminster Hwy @ Hwy 91";49.171162;-122.972303
"410";1;13;"Westbound Westminster Hwy @ Hwy 91 Offramp";49.168577;-122.976893
"410";1;14;"Southbound Fraserwood Place @ Westminster Hwy";49.168184;-122.983805
"410";1;15;"Westbound Gordon Way @ 21300 Block";49.167469;-122.987092
"410";1;16;"Northbound Graybar Rd @ Westminster Hwy";49.168304;-122.989641
"410";1;17;"Westbound Westminster Hwy @ McMillan Way";49.169318;-122.994547
"410";1;18;"Westbound Westminster Hwy @ Nelson Rd";49.169951;-123.016116
"410";1;19;"Westbound Westminster Hwy @ No. 8 Rd";49.169942;-123.023565
"410";1;20;"Westbound Westminster Hwy @ Kartner Rd";49.169937;-123.035897
"410";1;21;"Westbound Westminster Hwy @ No. 7 Rd";49.169957;-123.046049
"410";1;22;"Northbound No. 6 Rd @ Sparwood Place";49.170783;-123.069082
"410";1;23;"Northbound No. 6 Rd @ International Place";49.174123;-123.069105
"410";1;24;"Northbound No. 6 Rd @ Commerce Parkway";49.176817;-123.069055
"410";1;25;"Northbound No. 6 Rd @ Maycrest Way";49.179886;-123.069059
"410";1;26;"Northbound No. 6 Rd @ Mayfield Place";49.182127;-123.069004
"410";1;27;"Westbound Cambie Rd @ No. 6 Rd";49.184784;-123.070044
"410";1;28;"Westbound Cambie Rd @ Viking Way";49.184706;-123.073733
"410";1;29;"Westbound Cambie Rd @ Jacombs Rd";49.184628;-123.08085
"410";1;30;"Westbound Cambie Rd @ 12300 Block";49.184621;-123.086855
"410";1;31;"Westbound Cambie Rd @ No. 5 Rd";49.184632;-123.092077
"410";1;32;"Westbound Cambie Rd @ Bargen Dr";49.18465;-123.097395
"410";1;33;"Westbound Cambie Rd @ Vanguard Rd";49.184667;-123.10152
"410";1;34;"Westbound Cambie Rd @ Shell Rd";49.18467;-123.103428
"410";1;35;"Westbound Cambie Rd @ 10200 Block";49.184698;-123.110737
"410";1;36;"Westbound Cambie Rd @ No. 4 Rd";49.184706;-123.114557
"410";1;37;"Westbound Cambie Rd @ Stolberg St";49.184756;-123.120262
"410";1;38;"Westbound Cambie Rd @ Garden City Rd";49.184741;-123.124062
"410";1;39;"Westbound Cambie Rd @ Sexsmith Rd";49.184756;-123.128673
"410";1;40;"Westbound Cambie Rd @ Hazelbridge Way";49.184767;-123.133019
"410";1;41;"Aberdeen Station @ Bay 2";49.183998;-123.136731
"410";1;42;"Southbound No. 3 Rd @ Browngate Rd";49.182379;-123.136778
"410";1;43;"Southbound No. 3 Rd @ Leslie Rd";49.179084;-123.13677
"410";1;44;"Southbound No. 3 Rd @ Alderbridge Way";49.176886;-123.136777
"410";1;45;"Lansdowne Station @ Bay 3";49.175079;-123.136907
"410";1;46;"Lansdowne Station @ Bay 4";49.172869;-123.136815
"410";1;47;"Southbound No. 3 Rd @ Westminster Hwy";49.169765;-123.136665
"410";1;48;"Richmond-Brighouse Station @ Bay 5";49.168435;-123.136682
"410";1;49;"Southbound No. 3 Rd @ Cook Rd";49.16571;-123.136714
"410";1;50;"Anderson Rd @ Buswell St";49.163531;-123.134652
"412";0;1;"Southbound Agar Dr @ Inglis Dr";49.179832;-123.173796
"412";0;2;"Eastbound Inglis Dr @ Bell Irving St";49.177555;-123.16961
"412";0;3;"Northbound Cowley Cres @ Inglis Dr";49.17909;-123.167233
"412";0;4;"Northbound Cowley Cres @ South Airport Rd";49.181193;-123.168825
"412";0;5;"Vancouver Airport @ South Terminal";49.179728;-123.169818
"412";0;6;"Northbound Inglis Dr @ Airport Rd South";49.179042;-123.155148
"412";0;7;"Northbound Cessna Dr @ 3800 Block";49.18603;-123.144086
"412";0;8;"Northbound Cessna Dr @ Hudson Ave";49.188916;-123.143128
"412";0;9;"Eastbound Miller Rd @ Russ Baker Way";49.192044;-123.141321
"412";0;10;"Eastbound Sea Island Way @ No. 3 Rd";49.190896;-123.132234
"412";0;11;"Bridgeport Station @ Bay 1 Unloading Only";49.195515;-123.125911
"412";1;1;"Bridgeport Station @ Bay 6";49.19488;-123.127321
"412";1;2;"Westbound Bridgeport Rd @ Smith St";49.192068;-123.125849
"412";1;3;"Westbound Bridgeport Rd @ West Rd";49.192071;-123.130846
"412";1;4;"Southbound Cessna Dr @ Miller Rd";49.191485;-123.141798
"412";1;5;"Northbound Cessna Dr @ 3800 Block";49.18603;-123.144086
"412";1;6;"Southbound Inglis Dr @ Airport Rd South";49.17917;-123.155428
"412";1;7;"Northbound Cowley Cres @ Inglis Dr";49.17909;-123.167233
"412";1;8;"Northbound Cowley Cres @ South Airport Rd";49.181193;-123.168825
"412";1;9;"Vancouver Airport @ South Terminal";49.179728;-123.169818
"412";1;10;"Westbound Inglis Dr @ Bell Irving Rd";49.177808;-123.170945
"412";1;11;"Southbound Agar Dr @ Inglis Dr";49.179832;-123.173796
"413";0;1;"Eastbound Chatham St @ 4th Ave";49.126361;-123.186418
"413";0;2;"Steveston Exchange @ Bay 2";49.126357;-123.18361
"413";0;3;"Eastbound Moncton St @ No. 1 Rd";49.125117;-123.180317
"413";0;4;"Eastbound Moncton St @ 4300 Block";49.125098;-123.177225
"413";0;5;"Eastbound Moncton St @ Phoenix Dr";49.125081;-123.17226
"413";0;6;"Northbound Railway Ave @ Moncton St";49.125899;-123.169688
"413";0;7;"Northbound Railway Ave @ Garry St";49.129925;-123.169692
"413";0;8;"Northbound Railway Ave @ 11100 Block";49.132141;-123.169697
"413";0;9;"Northbound Railway Ave @ Steveston Hwy";49.134013;-123.169691
"413";0;10;"Northbound Railway Ave @ Hollymount Gate";49.136998;-123.169701
"413";0;11;"Eastbound Williams Rd @ Railway Ave";49.140958;-123.169241
"413";0;12;"Eastbound Williams Rd @ Lassam Rd";49.140958;-123.163303
"413";0;13;"Eastbound Williams Rd @ No. 2 Rd";49.140935;-123.158519
"413";0;14;"Eastbound Williams Rd @ Swift Lane";49.140918;-123.153712
"413";0;15;"Eastbound Williams Rd @ Sheridan Rd";49.140905;-123.151539
"413";0;16;"Eastbound Williams Rd @ Gilbert Rd";49.140884;-123.147438
"413";0;17;"Eastbound Williams Rd @ Deagle Rd";49.140863;-123.144505
"413";0;18;"Eastbound Williams Rd @ Dunoon Dr";49.140824;-123.138612
"413";0;19;"Eastbound Williams Rd @ No. 3 Rd";49.1408;-123.135801
"413";0;20;"Eastbound Williams Rd @ Pigott Dr";49.140794;-123.131381
"413";0;21;"Eastbound Williams Rd @ Garden City Rd";49.140767;-123.124509
"413";0;22;"Eastbound Williams Rd @ Severn Dr";49.140717;-123.118719
"413";0;23;"Eastbound Williams Rd @ No. 4 Rd";49.140666;-123.113709
"413";0;24;"Eastbound Williams Rd @ Aquila Rd";49.140658;-123.108713
"413";0;25;"Eastbound Williams Rd @ Shell Rd";49.140638;-123.103716
"413";0;26;"Southbound Shell Rd @ Maddocks Rd";49.13528;-123.103256
"413";0;27;"Eastbound Steveston Hwy @ Shell Rd";49.133305;-123.102447
"413";0;28;"Eastbound Steveston Hwy @ Seaward Gate";49.133327;-123.100556
"413";0;29;"Eastbound Steveston Hwy @ Coppersmith Place";49.133285;-123.096283
"413";0;30;"Eastbound Steveston Hwy @ Hwy 99";49.133351;-123.08787
"413";0;31;"Eastbound Steveston Hwy @ Hwy 99";49.133449;-123.083793
"413";0;32;"Eastbound Steveston Hwy @ Sidaway Rd";49.13352;-123.078958
"413";0;33;"Eastbound Steveston Hwy @ Palmberg Rd";49.133492;-123.074748
"413";0;34;"Northbound Entertainment Blvd @ Steveston Hwy";49.134871;-123.064805
"413";1;1;"Northbound Entertainment Blvd @ Steveston Hwy";49.134871;-123.064805
"413";1;2;"Westbound Steveston Hwy @ Entertainment Blvd";49.133711;-123.066813
"413";1;3;"Westbound Steveston Hwy @ Palmberg Rd";49.133656;-123.075691
"413";1;4;"Westbound Steveston Hwy @ Hwy 99";49.133622;-123.083154
"413";1;5;"Westbound Steveston Hwy @ No. 5 Rd";49.133466;-123.092736
"413";1;6;"Westbound Steveston Hwy @ Coppersmith Place";49.133456;-123.096357
"413";1;7;"Westbound Steveston Hwy @ Seaward Gate";49.133464;-123.100078
"413";1;8;"Northbound Shell Rd @ Steveston Hwy";49.133839;-123.103092
"413";1;9;"Northbound Shell Rd @ Maddocks Rd";49.136313;-123.102996
"413";1;10;"Westbound Williams Rd @ Shell Rd";49.14077;-123.103604
"413";1;11;"Westbound Williams Rd @ Aragon Rd";49.140789;-123.108306
"413";1;12;"Westbound Williams Rd @ No. 4 Rd";49.140808;-123.11456
"413";1;13;"Westbound Williams Rd @ Ash St";49.140866;-123.120344
"413";1;14;"Westbound Williams Rd @ Garden City Rd";49.140911;-123.126061
"413";1;15;"Westbound Williams Rd @ Pigott Dr";49.140937;-123.132055
"413";1;16;"Westbound Williams Rd @ No. 3 Rd";49.140951;-123.137149
"413";1;17;"Westbound Williams Rd @ Greenlees Rd";49.140973;-123.139719
"413";1;18;"Westbound Williams Rd @ Deagle Rd";49.141007;-123.145317
"413";1;19;"Westbound Williams Rd @ Gilbert Rd";49.141026;-123.148379
"413";1;20;"Westbound Williams Rd @ Sheridan Rd";49.141041;-123.151186
"413";1;21;"Westbound Williams Rd @ Swift Lane";49.141058;-123.155105
"413";1;22;"Westbound Williams Rd @ No. 2 Rd";49.141078;-123.159457
"413";1;23;"Westbound Williams Rd @ Lassam Rd";49.141076;-123.164211
"413";1;24;"Westbound Williams Rd @ 5100 Block";49.141079;-123.167982
"413";1;25;"Southbound Railway Ave @ Williams Rd";49.140643;-123.169902
"413";1;26;"Southbound Railway Ave @ Hollymount Gate";49.136984;-123.169903
"413";1;27;"Southbound Railway Ave @ Steveston Hwy";49.133456;-123.169924
"413";1;28;"Southbound Railway Ave @ 11200 Block";49.131707;-123.169903
"413";1;29;"Southbound Railway Ave @ Garry St";49.12902;-123.169945
"413";1;30;"Westbound Moncton St @ Railway Ave";49.125196;-123.170495
"413";1;31;"Westbound Moncton St @ Phoenix Dr";49.125207;-123.172491
"413";1;32;"Westbound Moncton St @ Easthope Ave";49.125244;-123.179717
"413";1;33;"Northbound No. 1 Rd @ Moncton St";49.125591;-123.181091
"413";1;34;"Northbound No. 1 Rd @ Chatham St";49.126861;-123.181116
"413";1;35;"Northbound No. 1 Rd @ Richmond St";49.128707;-123.181137
"413";1;36;"Northbound No. 1 Rd @ Georgia St";49.130667;-123.181158
"413";1;37;"Westbound Steveston Hwy @ No. 1 Rd";49.133829;-123.181995
"413";1;38;"Westbound Steveston Hwy @ 2nd Ave";49.133836;-123.184704
"413";1;39;"Southbound 4th Ave @ Steveston Hwy";49.133403;-123.187285
"413";1;40;"Southbound 4th Ave @ Pleasant St";49.131256;-123.187255
"413";1;41;"Southbound 4th Ave @ Richmond St";49.12819;-123.187295
"413";1;42;"Eastbound Chatham St @ 4th Ave";49.126361;-123.186418
"414";0;1;"Westbound River Rd @ Hollybridge Way";49.173922;-123.150998
"414";0;2;"Westbound River Rd @ 6100 Block";49.172878;-123.154608
"414";0;3;"Southbound Lynas Lane @ Dover Cres";49.171509;-123.164587
"414";0;4;"Eastbound Westminster Hwy @ Lynas Lane";49.170035;-123.163971
"414";0;5;"Eastbound Westminster Hwy @ No. 2 Rd";49.170023;-123.158091
"414";0;6;"Eastbound Westminster Hwy @ 6300 Block";49.170032;-123.156096
"414";0;7;"Eastbound Westminster Hwy @ Elmbridge Way";49.170063;-123.15191
"414";0;8;"Eastbound Westminster Hwy @ Gilbert Rd";49.170079;-123.147116
"414";0;9;"Eastbound Westminster Hwy @ Alderbridge Way";49.170083;-123.144084
"414";0;10;"Southbound Minoru Blvd @ Westminster Hwy";49.169554;-123.140355
"414";0;11;"Southbound Minoru Blvd @ Murdoch Ave";49.166706;-123.141002
"414";0;12;"Southbound Minoru Blvd @ Minoru Gate";49.16465;-123.140684
"414";0;13;"Eastbound Granville Ave @ Minoru Blvd";49.162607;-123.139694
"414";0;14;"Northbound No. 3 Rd @ Park Rd";49.164174;-123.136423
"414";0;15;"Richmond-Brighouse Station @ Bay 2";49.167573;-123.135771
"414";1;1;"Richmond-Brighouse Station @ Bay 1";49.167722;-123.136073
"414";1;2;"Southbound No. 3 Rd @ Granville Ave";49.163197;-123.136701
"414";1;3;"Northbound Minoru Blvd @ Granville Ave";49.163125;-123.140081
"414";1;4;"Northbound Minoru Blvd @ Minoru Gate";49.165311;-123.140881
"414";1;5;"Northbound Minoru Blvd @ Murdoch Ave";49.167451;-123.140099
"414";1;6;"Northbound Minoru Blvd @ Westminster Hwy";49.170638;-123.140054
"414";1;7;"Westbound Elmbridge Way @ Minoru Blvd";49.172083;-123.141228
"414";1;8;"Westbound Elmbridge Way @ Alderbridge Way";49.172095;-123.144162
"414";1;9;"Westbound Elmbridge Way @ Gilbert Rd";49.172872;-123.147329
"414";1;10;"Westbound River Rd @ Hollybridge Way";49.173922;-123.150998
"416";0;1;"Eastbound Anderson Rd @ Buswell St";49.163406;-123.134015
"416";0;2;"Northbound No. 3 Rd @ Park Rd";49.164174;-123.136423
"416";0;3;"Richmond-Brighouse Station @ Bay 3";49.168108;-123.136374
"416";0;4;"Northbound No. 3 Rd @ Saba Rd";49.169358;-123.136381
"416";0;5;"Northbound No. 3 Rd @ Ackroyd Rd";49.17237;-123.136488
"416";0;6;"Eastbound Lansdowne Rd @ Cooney Rd";49.173723;-123.130878
"416";0;7;"Eastbound Lansdowne Rd @ Kwantlen St";49.173705;-123.128278
"416";0;8;"Northbound Garden City Rd @ Lansdowne Rd";49.174225;-123.124389
"416";0;9;"Eastbound Alderbridge Way @ May Dr";49.177158;-123.118934
"416";0;10;"Northbound No. 4 Rd @ Alexandra Rd";49.178341;-123.113906
"416";0;11;"Northbound No. 4 Rd @ Fisher Gate";49.180071;-123.113886
"416";0;12;"Northbound No. 4 Rd @ Odlin Rd";49.182076;-123.113882
"416";0;13;"Eastbound Cambie Rd @ No. 4 Rd";49.184567;-123.113449
"416";0;14;"Eastbound Cambie Rd @ 10200 Block";49.184552;-123.110688
"416";0;15;"Eastbound Cambie Rd @ St. Edwards Dr";49.184503;-123.104079
"416";0;16;"Eastbound Cambie Rd @ Vanguard Rd";49.184518;-123.100371
"416";0;17;"Eastbound Cambie Rd @ Bargen Dr";49.184512;-123.096238
"416";0;18;"Southbound No. 5 Rd @ Cambie Rd";49.184252;-123.091627
"416";0;19;"Southbound No. 5 Rd @ Woodhead Rd";49.182051;-123.091659
"416";0;20;"Eastbound McNeely Dr @ No. 5 Rd";49.179586;-123.091105
"416";0;21;"Eastbound Jack Bell Dr @ McNeely Dr";49.179599;-123.087232
"416";0;22;"Eastbound Jack Bell Dr @ 12500 Block";49.178199;-123.084601
"416";0;23;"Northbound Jack Bell Dr @ Wyne Cres North";49.180787;-123.082085
"416";0;24;"Northbound Jacombs Rd @ Vanier Place";49.183053;-123.080188
"416";0;25;"Eastbound Cambie Rd @ Jacombs Rd";49.184479;-123.079639
"416";0;26;"Eastbound Cambie Rd @ Viking Way";49.18459;-123.072817
"416";0;27;"Southbound No. 6 Rd @ Cambie Rd";49.184307;-123.069229
"416";0;28;"Southbound No. 6 Rd @ Mayfield Place";49.181308;-123.069262
"416";0;29;"Southbound No. 6 Rd @ Maycrest Way";49.179232;-123.069263
"416";0;30;"Southbound No. 6 Rd @ Commerce Parkway";49.176039;-123.069288
"416";0;31;"Southbound No. 6 Rd @ International Place";49.173382;-123.069293
"416";0;32;"Southbound No. 6 Rd @ Wireless Way";49.172015;-123.069286
"416";0;33;"Northbound Commerce Parkway @ International Place";49.174135;-123.071653
"416";1;1;"Northbound Commerce Parkway @ International Place";49.174135;-123.071653
"416";1;2;"Eastbound Commerce Parkway @ No. 6 Rd";49.176092;-123.071177
"416";1;3;"Northbound No. 6 Rd @ Commerce Parkway";49.176817;-123.069055
"416";1;4;"Northbound No. 6 Rd @ Maycrest Way";49.179886;-123.069059
"416";1;5;"Northbound No. 6 Rd @ Mayfield Place";49.182127;-123.069004
"416";1;6;"Westbound Cambie Rd @ No. 6 Rd";49.184784;-123.070044
"416";1;7;"Westbound Cambie Rd @ Viking Way";49.184706;-123.073733
"416";1;8;"Southbound Jacombs Rd @ Cambie Rd";49.183654;-123.080374
"416";1;9;"Westbound Jack Bell Dr @ Jacombs Rd";49.182422;-123.080727
"416";1;10;"Southbound Jack Bell Dr @ Wyne Cres North";49.180316;-123.082262
"416";1;11;"Westbound Jack Bell Dr @ 12500 Block";49.178319;-123.084824
"416";1;12;"Westbound Jack Bell Dr @ McNeely Dr";49.179561;-123.087002
"416";1;13;"Northbound No. 5 Rd @ McNeely Dr";49.179962;-123.09149
"416";1;14;"Northbound No. 5 Rd @ Woodhead Rd";49.18267;-123.091448
"416";1;15;"Westbound Cambie Rd @ No. 5 Rd";49.184632;-123.092077
"416";1;16;"Westbound Cambie Rd @ Bargen Dr";49.18465;-123.097395
"416";1;17;"Westbound Cambie Rd @ Vanguard Rd";49.184667;-123.10152
"416";1;18;"Westbound Cambie Rd @ Shell Rd";49.18467;-123.103428
"416";1;19;"Westbound Cambie Rd @ 10200 Block";49.184698;-123.110737
"416";1;20;"Southbound No. 4 Rd @ Cambie Rd";49.183989;-123.114079
"416";1;21;"Southbound No. 4 Rd @ Odlin Rd";49.181509;-123.11413
"416";1;22;"Southbound No. 4 Rd @ Alexandra Rd";49.178576;-123.114116
"416";1;23;"Westbound Alderbridge Way @ May Dr";49.177384;-123.119063
"416";1;24;"Southbound Garden City Rd @ Alderbridge Way";49.176502;-123.124779
"416";1;25;"Westbound Lansdowne Rd @ Kwantlen St";49.173988;-123.127108
"416";1;26;"Westbound Lansdowne Rd @ Cooney Rd";49.173932;-123.132947
"416";1;27;"Lansdowne Station @ Bay 4";49.172869;-123.136815
"416";1;28;"Richmond-Brighouse Station @ Bay 6";49.168747;-123.13555
"416";1;29;"Eastbound Anderson Rd @ No. 3 Rd";49.163415;-123.135734
"416";1;30;"Eastbound Anderson Rd @ Buswell St";49.163406;-123.134015
"418";0;1;"Eastbound Blundell Rd @ York Rd";49.155303;-123.043518
"418";0;2;"Eastbound Blundell Rd @ York Rd";49.155249;-123.039901
"418";0;3;"Eastbound Blundell Rd @ No. 8 Rd";49.158254;-123.023612
"418";0;4;"Eastbound Blundell Rd @ 18300 Block";49.159374;-123.017739
"418";0;5;"Northbound Nelson Rd @ Blundell Rd";49.160346;-123.012722
"418";0;6;"Eastbound Westminster Hwy @ McMillan Way";49.169174;-122.993088
"418";0;7;"Eastbound Westminster Hwy @ Hwy 91 Offramp";49.167956;-122.975056
"418";0;8;"Eastbound Westminster Hwy @ Hwy 91";49.171144;-122.971969
"418";0;9;"Eastbound Westminster Hwy @ McLean Ave";49.174718;-122.969833
"418";0;10;"Eastbound Westminster Hwy @ Gilley Rd";49.177436;-122.968243
"418";0;11;"Eastbound Westminster Hwy @ Willett Ave";49.180019;-122.966712
"418";0;12;"Eastbound Westminster Hwy @ Boundary Rd";49.183562;-122.957993
"418";0;13;"Eastbound Boyd St @ Gifford St";49.185476;-122.95184
"418";0;14;"Northbound Hwy 91A Onramp @ Howes St";49.187932;-122.947272
"418";0;15;"22nd Street Station @ Unloading Only";49.199857;-122.949711
"418";1;1;"22nd Street Station @ Bay 4";49.199857;-122.949097
"418";1;2;"Westbound Boyd St @ Gifford St";49.184961;-122.953118
"418";1;3;"Westbound Westminster Hwy @ Boundary Rd";49.183679;-122.958145
"418";1;4;"Westbound Westminster Hwy @ Smith Cres";49.18162;-122.964852
"418";1;5;"Westbound Westminster Hwy @ Willett Ave";49.179336;-122.9673
"418";1;6;"Westbound Westminster Hwy @ Fraserside Gate";49.177607;-122.968315
"418";1;7;"Westbound Westminster Hwy @ McLean Ave";49.173647;-122.970671
"418";1;8;"Westbound Westminster Hwy @ Hwy 91";49.171162;-122.972303
"418";1;9;"Westbound Westminster Hwy @ Hwy 91 Offramp";49.168577;-122.976893
"418";1;10;"Westbound Westminster Hwy @ McMillan Way";49.169318;-122.994547
"418";1;11;"Southbound Nelson Rd @ Westminster Hwy";49.168301;-123.01295
"418";1;12;"Westbound Blundell Rd @ Nelson Rd";49.159567;-123.01418
"418";1;13;"Westbound Blundell Rd @ 18300 Block";49.159552;-123.018922
"418";1;14;"Westbound Blundell Rd @ No. 8 Rd";49.158564;-123.02334
"418";1;15;"Westbound Blundell Rd @ York Rd";49.155357;-123.03974
"418";1;16;"Westbound Blundell Rd @ 16100 Block";49.15544;-123.044877
"418";1;17;"Westbound Blundell Rd @ Zylmans Way";49.155421;-123.050284
"418";1;18;"Eastbound Blundell Rd @ York Rd";49.155303;-123.043518
"430";0;1;"Eastbound Cook Rd @ No. 3 Rd";49.166455;-123.135111
"430";0;2;"Richmond-Brighouse Station @ Bay 3";49.168108;-123.136374
"430";0;3;"Northbound Cooney Rd @ Westminster Hwy";49.170802;-123.131363
"430";0;4;"Eastbound Lansdowne Rd @ Cooney Rd";49.173723;-123.130878
"430";0;5;"Northbound Garden City Rd @ Alderbridge Way";49.177778;-123.124306
"430";0;6;"Northbound Garden City Rd @ Cambie Rd";49.185063;-123.124325
"430";0;7;"Northbound Garden City Rd @ Capstan Way";49.18825;-123.124548
"430";0;8;"Bridgeport Station @ Bay 4";49.195114;-123.126817
"430";0;9;"Eastbound Bridgeport Rd @ Great Canadian Way";49.191931;-123.123173
"430";0;10;"Eastbound Bridgeport Rd @ No. 4 Rd";49.191877;-123.114305
"430";0;11;"Eastbound Bridgeport Rd @ McLennan Ave";49.191929;-123.10754
"430";0;12;"Eastbound Bridgeport Rd @ Shell Rd";49.191933;-123.101252
"430";0;13;"Eastbound Bridgeport Rd @ No. 5 Rd";49.191861;-123.090821
"430";0;14;"Eastbound Bridgeport Rd @ Sweden Way";49.191866;-123.082197
"430";0;15;"Northbound Knight St @ Mitchell Rd";49.206873;-123.077182
"430";0;16;"Northbound Knight St @ E 63 Ave";49.213213;-123.076965
"430";0;17;"Northbound Knight St @ E 57 Ave";49.218444;-123.076884
"430";0;18;"Eastbound E 49 Ave @ Knight St";49.225208;-123.076725
"430";0;19;"Eastbound E 49 Ave @ Victoria Dr";49.225106;-123.065263
"430";0;20;"Eastbound E 49 Ave @ Elliott St";49.224744;-123.054297
"430";0;21;"Eastbound E 49 Ave @ Kerr St";49.224663;-123.040495
"430";0;22;"Eastbound E 49 Ave @ Tyne St";49.22453;-123.03149
"430";0;23;"Metrotown Station @ Bay 10";49.22639;-123.004928
"430";0;24;"Metrotown Station @ Bay 1";49.226277;-123.003299
"430";1;1;"Metrotown Station @ Bay 3";49.226002;-123.002615
"430";1;2;"Southbound Willingdon Ave @ Maywood St";49.224417;-123.011162
"430";1;3;"Westbound E 49 Ave @ Tyne St";49.224736;-123.032636
"430";1;4;"Westbound E 49 Ave @ Kerr St";49.224818;-123.041573
"430";1;5;"Westbound E 49 Ave @ Elliott St";49.224889;-123.05517
"430";1;6;"Westbound E 49 Ave @ Victoria Dr";49.225238;-123.065364
"430";1;7;"Southbound Knight St @ E 49 Ave";49.224925;-123.077479
"430";1;8;"Southbound Knight St @ E 57 Ave";49.218344;-123.077162
"430";1;9;"Southbound Knight St @ E 62 Ave";49.213443;-123.077228
"430";1;10;"Southbound Knight St @ Mitchell Rd";49.206054;-123.077678
"430";1;11;"Westbound Bridgeport Rd @ Sweden Way";49.192032;-123.084533
"430";1;12;"Westbound Bridgeport Rd @ No. 5 Rd";49.192041;-123.092038
"430";1;13;"Westbound Bridgeport Rd @ Shell Rd";49.192076;-123.103179
"430";1;14;"Westbound Bridgeport Rd @ McLennan Ave";49.192065;-123.108364
"430";1;15;"Westbound Bridgeport Rd @ No. 4 Rd";49.192059;-123.116031
"430";1;16;"Westbound Bridgeport Rd @ Gage Rd";49.192105;-123.120971
"430";1;17;"Bridgeport Station @ Bay 11";49.195565;-123.126212
"430";1;18;"Southbound Garden City Rd @ Capstan Way";49.188049;-123.125007
"430";1;19;"Southbound Garden City Rd @ Cambie Rd";49.183992;-123.124786
"430";1;20;"Southbound Garden City Rd @ Leslie Rd";49.178984;-123.124761
"430";1;21;"Westbound Lansdowne Rd @ Kwantlen St";49.173988;-123.127108
"430";1;22;"Southbound Cooney Rd @ Ackroyd Rd";49.171551;-123.13164
"430";1;23;"Richmond-Brighouse Station @ Bay 5";49.168435;-123.136682
"430";1;24;"Eastbound Cook Rd @ No. 3 Rd";49.166455;-123.135111
"501";0;1;"Langley Centre @ Bay 3";49.106256;-122.654259
"501";0;2;"Westbound Fraser Hwy @ 56 Ave";49.105178;-122.658147
"501";0;3;"Westbound Fraser Hwy @ 203 St";49.105736;-122.660798
"501";0;4;"Westbound Fraser Hwy @ 201A St";49.107254;-122.664865
"501";0;5;"Westbound Fraser Hwy @ 200 St";49.108788;-122.66826
"501";0;6;"Westbound Fraser Hwy @ Production Way";49.11001;-122.670995
"501";0;7;"Westbound Fraser Hwy @ Langley Bypass";49.111568;-122.674447
"501";0;8;"Westbound Fraser Hwy @ 196A St";49.112799;-122.67703
"501";0;9;"Northbound Willowbrook Dr @ 19600 Block";49.11512;-122.678529
"501";0;10;"Eastbound Willowbrook Dr @ 197 St";49.116703;-122.676459
"501";0;11;"Eastbound Willowbrook Dr @ 198 St";49.116678;-122.672775
"501";0;12;"Northbound 200 St @ Willowbrook Dr";49.117426;-122.668363
"501";0;13;"Northbound 200 St @ 64 Ave";49.119671;-122.668356
"501";0;14;"Northbound 200 St @ 66 Ave";49.122987;-122.668398
"501";0;15;"Northbound 200 St @ 68 Ave";49.125858;-122.668355
"501";0;16;"Northbound 200 St @ 70 Ave";49.130443;-122.668181
"501";0;17;"Northbound 200 St @ 72 Ave";49.134251;-122.668046
"501";0;18;"Northbound 200 St @ 7600 Block";49.141434;-122.668059
"501";0;19;"Northbound 200 St @ 7800 Block";49.14587;-122.667983
"501";0;20;"Northbound 200 St @ 80 Ave";49.14909;-122.667988
"501";0;21;"Northbound 200 St @ 84 Ave";49.156153;-122.667754
"501";0;22;"Carvolth Exchange @ Bay 4";49.160115;-122.660383
"501";0;23;"Northbound 202 St @ 88 Ave";49.163479;-122.659685
"501";0;24;"Westbound 91A Ave @ 20100 Block";49.169128;-122.665104
"501";0;25;"Northbound 200 St @ 92A Ave";49.171763;-122.667827
"501";0;26;"Westbound 96 Ave @ 201 St";49.177082;-122.66547
"501";0;27;"Westbound 96 Ave @ 199A St";49.177067;-122.669956
"501";0;28;"Westbound 96 Ave @ 198 St";49.177126;-122.674441
"501";0;29;"Westbound 96 Ave @ 195 St";49.177056;-122.681671
"501";0;30;"Westbound 96 Ave @ 192 St";49.177066;-122.692207
"501";0;31;"Westbound 96 Ave @ 190 St";49.177072;-122.696594
"501";0;32;"Westbound 96 Ave @ 188 St";49.177064;-122.701839
"501";0;33;"Westbound 96 Ave @ 186 St";49.177073;-122.708263
"501";0;34;"Westbound 104 Ave @ 158 St";49.191631;-122.783274
"501";0;35;"Westbound 104 Ave @ 156 St";49.191662;-122.790383
"501";0;36;"Westbound 104 Ave @ 154 St";49.191598;-122.795924
"501";0;37;"Westbound 104 Ave @ 152 St";49.191596;-122.801592
"501";0;38;"Guildford Exchange @ Bay 2";49.191632;-122.804013
"501";0;39;"Westbound 104 Ave @ 148 St";49.191583;-122.813065
"501";0;40;"Westbound 104 Ave @ 144 St";49.191605;-122.824345
"501";0;41;"Westbound 104 Ave @ 140 St";49.191566;-122.834607
"501";0;42;"Westbound 104 Ave @ Whalley Blvd";49.191674;-122.842718
"501";0;43;"Surrey Central Station @ Bay 12";49.189699;-122.847774
"501";1;1;"Surrey Central Station @ Bay 2";49.188849;-122.848551
"501";1;2;"Eastbound 104 Ave @ Whalley Blvd";49.191475;-122.84108
"501";1;3;"Eastbound 104 Ave @ 140 St";49.191383;-122.833623
"501";1;4;"Eastbound 104 Ave @ 144 St";49.191438;-122.822383
"501";1;5;"Eastbound 104 Ave @ 148 St";49.191406;-122.81188
"501";1;6;"Eastbound 104 Ave @ 150 St";49.191359;-122.805799
"501";1;7;"Guildford Exchange @ Bay 1";49.191353;-122.803459
"501";1;8;"Eastbound 104 Ave @ 152 St";49.191386;-122.799852
"501";1;9;"Eastbound 104 Ave @ 154 St";49.191447;-122.79462
"501";1;10;"Eastbound 104 Ave @ 156 St";49.191485;-122.789033
"501";1;11;"Eastbound 104 Ave @ 158 St";49.191461;-122.783771
"501";1;12;"Eastbound 96 Ave @ 186 St";49.176936;-122.706947
"501";1;13;"Eastbound 96 Ave @ 188 St";49.176923;-122.700367
"501";1;14;"Eastbound 96 Ave @ 190 St";49.176926;-122.694776
"501";1;15;"Eastbound 96 Ave @ 192 St";49.176884;-122.689214
"501";1;16;"Eastbound 96 Ave @ 195 St";49.176911;-122.681788
"501";1;17;"Eastbound 96 Ave @ 198 St";49.176926;-122.673076
"501";1;18;"Southbound 199A St @ 96 Ave";49.176466;-122.669453
"501";1;19;"Southbound 200 St @ 9200 Block";49.172395;-122.668227
"501";1;20;"Eastbound 91A Ave @ 20100 Block";49.168979;-122.664864
"501";1;21;"Southbound 202 St @ 8900 Block";49.164206;-122.660614
"501";1;22;"Carvolth Exchange @ Bay 3";49.160288;-122.660329
"501";1;23;"Southbound 200 St @ 86 Ave";49.158596;-122.668182
"501";1;24;"Southbound 200 St @ 84 Ave";49.155167;-122.668315
"501";1;25;"Southbound 200 St @ 82 Ave";49.151339;-122.668413
"501";1;26;"Southbound 200 St @ 80 Ave";49.147449;-122.668434
"501";1;27;"Southbound 200 St @ 7500 Block";49.140474;-122.668429
"501";1;28;"Southbound 200 St @ 72 Ave";49.133118;-122.668534
"501";1;29;"Southbound 200 St @ 70 Ave";49.129545;-122.668533
"501";1;30;"Southbound 200 St @ 68 Ave";49.125763;-122.668626
"501";1;31;"Southbound 200 St @ Willoughby Way";49.122272;-122.668694
"501";1;32;"Southbound 200 St @ 64 Ave";49.118495;-122.668744
"501";1;33;"Westbound Willowbrook Dr @ 200 St";49.116843;-122.67023
"501";1;34;"Westbound Willowbrook Dr @ 198 St";49.116872;-122.673698
"501";1;35;"Westbound Willowbrook Dr @ 197 St";49.116898;-122.677645
"501";1;36;"Southbound Willowbrook Dr @ 19600 Block";49.115186;-122.678809
"501";1;37;"Eastbound Fraser Hwy @ 196 St";49.113333;-122.67881
"501";1;38;"Eastbound Fraser Hwy @ Langley Bypass";49.111322;-122.674404
"501";1;39;"Eastbound Fraser Hwy @ Production Way";49.10983;-122.671076
"501";1;40;"Eastbound Fraser Hwy @ 200 St";49.107806;-122.666566
"501";1;41;"Eastbound Fraser Hwy @ 201A St";49.106396;-122.663417
"501";1;42;"Northbound 203 St @ Fraser Hwy";49.105966;-122.659978
"501";1;43;"Eastbound Logan Ave @ 203A St";49.107721;-122.657685
"501";1;44;"Langley Centre @ Bay 3";49.106256;-122.654259
"502";0;1;"Surrey Central Station @ Bay 9";49.188967;-122.848465
"502";0;2;"Southbound University Dr @ 10100 Block";49.187503;-122.851472
"502";0;3;"Eastbound Old Yale Rd @ University Dr";49.185705;-122.851078
"502";0;4;"Eastbound Old Yale Rd @ 13500 Block";49.184316;-122.847504
"502";0;5;"King George Station @ Bay 5";49.183693;-122.845706
"502";0;6;"Eastbound Fraser Hwy @ 140 St";49.1794;-122.836332
"502";0;7;"Eastbound Fraser Hwy @ 148 St";49.169833;-122.811446
"502";0;8;"Eastbound Fraser Hwy @ 150 St";49.167843;-122.806304
"502";0;9;"Eastbound Fraser Hwy @ 152 St";49.165595;-122.800462
"502";0;10;"Eastbound Fraser Hwy @ Fleetwood Way";49.164444;-122.797527
"502";0;11;"Eastbound Fraser Hwy @ 156 St";49.1613;-122.789383
"502";0;12;"Eastbound Fraser Hwy @ 158 St";49.159462;-122.784641
"502";0;13;"Eastbound Fraser Hwy @ Venture Way";49.15832;-122.781689
"502";0;14;"Eastbound Fraser Hwy @ 160 St";49.156721;-122.777564
"502";0;15;"Eastbound Fraser Hwy @ 84 Ave";49.15533;-122.773989
"502";0;16;"Eastbound Fraser Hwy @ 164 St";49.152531;-122.766881
"502";0;17;"Eastbound Fraser Hwy @ 166 St";49.150456;-122.76161
"502";0;18;"Eastbound Fraser Hwy @ 168 St";49.147436;-122.755697
"502";0;19;"Eastbound Fraser Hwy @ 176 St";49.138911;-122.736915
"502";0;20;"Eastbound Fraser Hwy @ 182 St";49.130262;-122.717088
"502";0;21;"Eastbound Fraser Hwy @ 184 St";49.128198;-122.711511
"502";0;22;"Eastbound Fraser Hwy @ 68 Ave";49.125368;-122.705744
"502";0;23;"Eastbound Fraser Hwy @ 188 St";49.123226;-122.70099
"502";0;24;"Eastbound Fraser Hwy @ 19000 Block";49.120824;-122.69564
"502";0;25;"Eastbound Fraser Hwy @ 64 Ave";49.118438;-122.690508
"502";0;26;"Eastbound Fraser Hwy @ 194 St";49.115794;-122.684314
"502";0;27;"Eastbound Fraser Hwy @ 196 St";49.113333;-122.67881
"502";0;28;"Eastbound Fraser Hwy @ Langley Bypass";49.111322;-122.674404
"502";0;29;"Eastbound Fraser Hwy @ Production Way";49.10983;-122.671076
"502";0;30;"Eastbound Fraser Hwy @ 200 St";49.107806;-122.666566
"502";0;31;"Eastbound Fraser Hwy @ 201A St";49.106396;-122.663417
"502";0;32;"Northbound 203 St @ Fraser Hwy";49.105966;-122.659978
"502";0;33;"Eastbound Logan Ave @ 203A St";49.107721;-122.657685
"502";0;34;"Langley Centre @ Bay 5";49.106449;-122.654727
"502";1;1;"Langley Centre @ Bay 3";49.106256;-122.654259
"502";1;2;"Westbound Fraser Hwy @ 56 Ave";49.105178;-122.658147
"502";1;3;"Westbound Fraser Hwy @ 203 St";49.105736;-122.660798
"502";1;4;"Westbound Fraser Hwy @ 201A St";49.107254;-122.664865
"502";1;5;"Westbound Fraser Hwy @ 200 St";49.108788;-122.66826
"502";1;6;"Westbound Fraser Hwy @ Production Way";49.11001;-122.670995
"502";1;7;"Westbound Fraser Hwy @ Langley Bypass";49.111568;-122.674447
"502";1;8;"Westbound Fraser Hwy @ 196A St";49.112799;-122.67703
"502";1;9;"Westbound Fraser Hwy @ 194 St";49.116584;-122.685541
"502";1;10;"Westbound Fraser Hwy @ 64 Ave";49.118766;-122.690775
"502";1;11;"Westbound Fraser Hwy @ 188 St";49.124178;-122.702492
"502";1;12;"Westbound Fraser Hwy @ 68 Ave";49.127101;-122.708622
"502";1;13;"Westbound Fraser Hwy @ 184 St";49.129092;-122.71329
"502";1;14;"Westbound Fraser Hwy @ 182 St";49.13118;-122.718798
"502";1;15;"Westbound Fraser Hwy @ 176 St";49.139025;-122.736472
"502";1;16;"Westbound Fraser Hwy @ 168 St";49.148563;-122.757285
"502";1;17;"Westbound Fraser Hwy @ 166 St";49.15061;-122.761434
"502";1;18;"Westbound Fraser Hwy @ 164 St";49.153407;-122.768544
"502";1;19;"Westbound Fraser Hwy @ 84 Ave";49.155963;-122.775055
"502";1;20;"Westbound Fraser Hwy @ 159 St";49.158569;-122.78184
"502";1;21;"Westbound Fraser Hwy @ 158 St";49.160072;-122.785641
"502";1;22;"Westbound Fraser Hwy @ 156 St";49.162452;-122.791705
"502";1;23;"Westbound Fraser Hwy @ Fleetwood Way";49.165047;-122.798497
"502";1;24;"Westbound Fraser Hwy @ 152 St";49.166722;-122.802808
"502";1;25;"Westbound Fraser Hwy @ 148 St";49.1707;-122.813039
"502";1;26;"Northbound 140 St @ 96 Ave";49.177363;-122.834395
"502";1;27;"Westbound Fraser Hwy @ Whalley Blvd";49.180787;-122.842303
"502";1;28;"Northbound King George Blvd @ Fraser Hwy";49.181116;-122.845247
"502";1;29;"King George Station @ Bay 4";49.182677;-122.845166
"502";1;30;"Surrey Central Station @ Bay 1 Unloading Only";49.188852;-122.848203
"503";0;1;"Surrey Central Station @ Bay 10";49.189004;-122.847969
"503";0;2;"King George Station @ Bay 5";49.183693;-122.845706
"503";0;3;"Eastbound Fraser Hwy @ 140 St";49.1794;-122.836332
"503";0;4;"Eastbound Fraser Hwy @ 148 St";49.169833;-122.811446
"503";0;5;"Eastbound Fraser Hwy @ 152 St";49.165595;-122.800462
"503";0;6;"Eastbound Fraser Hwy @ 156 St";49.1613;-122.789383
"503";0;7;"Eastbound Fraser Hwy @ 160 St";49.156721;-122.777564
"503";0;8;"Eastbound Fraser Hwy @ 164 St";49.152531;-122.766881
"503";0;9;"Eastbound Fraser Hwy @ 168 St";49.147436;-122.755697
"503";0;10;"Eastbound Fraser Hwy @ 184 St";49.128198;-122.711511
"503";0;11;"Eastbound Fraser Hwy @ 188 St";49.123226;-122.70099
"503";0;12;"Eastbound Fraser Hwy @ 64 Ave";49.118438;-122.690508
"503";0;13;"Eastbound Fraser Hwy @ 196 St";49.113333;-122.67881
"503";0;14;"Eastbound Fraser Hwy @ 200 St";49.107806;-122.666566
"503";0;15;"Eastbound Fraser Hwy @ 201A St";49.106396;-122.663417
"503";0;16;"Langley Centre @ Bay 5";49.106449;-122.654727
"503";0;17;"Eastbound 56 Ave @ 206 St";49.104666;-122.650469
"503";0;18;"Eastbound 56 Ave @ 208 St";49.104594;-122.646118
"503";0;19;"Eastbound 56 Ave @ Langley Bypass";49.10456;-122.644104
"503";0;20;"Eastbound 56 Ave @ Langley Bypass";49.104514;-122.641387
"503";0;21;"Eastbound 56 Ave @ 213A St";49.104374;-122.631454
"503";0;22;"Southbound 216 St @ 5300 Block";49.10002;-122.624648
"503";0;23;"Southbound 216 St @ 52 Ave";49.0974;-122.624718
"503";0;24;"Eastbound Fraser Hwy @ 216 St";49.09569;-122.623945
"503";0;25;"Eastbound Fraser Hwy @ 222 St";49.091684;-122.609049
"503";0;26;"Eastbound Fraser Hwy @ 48 Ave";49.08981;-122.603095
"503";0;27;"Eastbound Fraser Hwy @ 232 St";49.081612;-122.579914
"503";0;28;"Eastbound Fraser Hwy @ 240 St";49.074036;-122.558375
"503";0;29;"Eastbound Fraser Hwy @ 244 St";49.07163;-122.547499
"503";0;30;"Eastbound Fraser Hwy @ 248 St";49.069471;-122.537577
"503";0;31;"Eastbound Fraser Hwy @ 256 St";49.063534;-122.51215
"503";0;32;"Eastbound Fraser Hwy @ 260 St";49.061253;-122.502649
"503";0;33;"Eastbound Fraser Hwy @ 264 St";49.059331;-122.491434
"503";0;34;"Eastbound Fraser Hwy @ 268 St";49.058455;-122.481117
"503";0;35;"Eastbound Fraser Hwy @ 270 St";49.058148;-122.476051
"503";0;36;"Northbound 272 St @ Fraser Hwy";49.059138;-122.470605
"503";1;1;"Northbound 272 St @ Fraser Hwy";49.059138;-122.470605
"503";1;2;"Eastbound 32 Ave @ 272 St";49.060417;-122.469684
"503";1;3;"Eastbound 32 Ave @ 27400 Block";49.060417;-122.4648
"503";1;4;"Eastbound 32 Ave @ 275A St";49.060424;-122.460473
"503";1;5;"Southbound 276 St @ 31A Ave";49.059062;-122.459853
"503";1;6;"Southbound 276 St @ Fraser Hwy";49.057195;-122.459825
"503";1;7;"Southbound 276 St @ Springfield Dr";49.053746;-122.459814
"503";1;8;"Westbound 28 Ave @ 27400 Block";49.053184;-122.464605
"503";1;9;"Westbound 28 Ave @ 273 St";49.053181;-122.467493
"503";1;10;"Northbound 272 St @ 28 Ave";49.053448;-122.470581
"503";1;11;"Westbound 29 Ave @ 272 St";49.055667;-122.47131
"503";1;12;"Westbound 29 Ave @ 270A St";49.055669;-122.475866
"503";1;13;"Westbound 29 Ave @ 268A St";49.055667;-122.481482
"503";1;14;"Westbound 29 Ave @ 266B St";49.055535;-122.485973
"503";1;15;"Westbound 29 Ave @ 264A St";49.055494;-122.491484
"503";1;16;"Westbound Fraser Hwy @ 264 St";49.05979;-122.493763
"503";1;17;"Westbound Fraser Hwy @ 260 St";49.061753;-122.504474
"503";1;18;"Westbound Fraser Hwy @ 256 St";49.063719;-122.512207
"503";1;19;"Westbound Fraser Hwy @ 248 St";49.069609;-122.537425
"503";1;20;"Westbound Fraser Hwy @ 244 St";49.072008;-122.548571
"503";1;21;"Westbound Fraser Hwy @ 240 St";49.074772;-122.560083
"503";1;22;"Westbound Fraser Hwy @ 232 St";49.082529;-122.581931
"503";1;23;"Westbound Fraser Hwy @ 48 Ave";49.089916;-122.602524
"503";1;24;"Westbound Fraser Hwy @ 222 St";49.091951;-122.608976
"503";1;25;"Westbound Fraser Hwy @ 221 St";49.092898;-122.612522
"503";1;26;"Northbound 216 St @ Fraser Hwy";49.096719;-122.624426
"503";1;27;"Northbound 216 St @ 5300 Block";49.100746;-122.624484
"503";1;28;"Westbound 56 Ave @ 213A St";49.104567;-122.631667
"503";1;29;"Westbound 56 Ave @ 210A St";49.104665;-122.64122
"503";1;30;"Westbound 56 Ave @ Langley Bypass";49.104714;-122.644327
"503";1;31;"Westbound 56 Ave @ 208 St";49.104743;-122.646304
"503";1;32;"Westbound 56 Ave @ Logan Ave";49.104794;-122.649639
"503";1;33;"Westbound Logan Ave @ 56 Ave";49.105193;-122.651401
"503";1;34;"Langley Centre @ Bay 1";49.105658;-122.654233
"503";1;35;"Westbound Fraser Hwy @ 201A St";49.107254;-122.664865
"503";1;36;"Westbound Fraser Hwy @ 196A St";49.112799;-122.67703
"503";1;37;"Westbound Fraser Hwy @ 64 Ave";49.118766;-122.690775
"503";1;38;"Westbound Fraser Hwy @ 188 St";49.124178;-122.702492
"503";1;39;"Westbound Fraser Hwy @ 184 St";49.129092;-122.71329
"503";1;40;"Westbound Fraser Hwy @ 168 St";49.148563;-122.757285
"503";1;41;"Westbound Fraser Hwy @ 166 St";49.15061;-122.761434
"503";1;42;"Westbound Fraser Hwy @ 164 St";49.153407;-122.768544
"503";1;43;"Westbound Fraser Hwy @ 159 St";49.158569;-122.78184
"503";1;44;"Westbound Fraser Hwy @ 156 St";49.162452;-122.791705
"503";1;45;"Westbound Fraser Hwy @ 152 St";49.166722;-122.802808
"503";1;46;"Westbound Fraser Hwy @ 148 St";49.1707;-122.813039
"503";1;47;"Northbound 140 St @ 96 Ave";49.177363;-122.834395
"503";1;48;"King George Station @ Bay 4";49.182677;-122.845166
"503";1;49;"Surrey Central Station @ Bay 1 Unloading Only";49.188852;-122.848203
"509";0;1;"Surrey Central Station @ Bay 2";49.188849;-122.848551
"509";0;2;"Guildford Exchange @ Bay 1";49.191353;-122.803459
"509";0;3;"Eastbound 104 Ave @ 152 St";49.191386;-122.799852
"509";0;4;"Eastbound 104 Ave @ 154 St";49.191447;-122.79462
"509";0;5;"Northbound 156 St @ 104 Ave";49.192019;-122.789624
"509";0;6;"Northbound 156 St @ Hwy One Onramp";49.194903;-122.789679
"509";0;7;"Carvolth Exchange @ Bay 2";49.160518;-122.660253
"509";0;8;"Eastbound 88 Ave @ 202 St";49.162711;-122.65895
"509";0;9;"Northbound 204 St @ 88 Ave";49.163419;-122.656832
"509";0;10;"Northbound 204 St @ 90 Cres";49.166091;-122.656917
"509";0;11;"Northbound 204 St @ 91A Ave";49.169174;-122.657014
"509";0;12;"Northbound 204 St @ 93A Ave";49.172786;-122.657134
"509";0;13;"Northbound 204 St @ 96 Ave";49.176582;-122.657258
"509";0;14;"Eastbound 96 Ave @ 205 St";49.176904;-122.654014
"509";0;15;"Eastbound 96 Ave @ 206 St";49.176906;-122.65049
"509";0;16;"Eastbound 96 Ave @ 208 St";49.176885;-122.645621
"509";0;17;"Eastbound 96 Ave @ 210 St";49.176891;-122.638102
"509";0;18;"Eastbound 96 Ave @ 21200 Block";49.17686;-122.634892
"509";0;19;"Southbound 213 St @ 95 Ave";49.175482;-122.630953
"509";0;20;"Southbound 213 St @ 93B Ave";49.172484;-122.630974
"509";0;21;"Southbound 213 St @ 92B Ave";49.170658;-122.630983
"509";0;22;"Southbound 212 St @ 91B Ave";49.168706;-122.635063
"509";0;23;"Westbound Walnut Grove Dr @ 212 St";49.166241;-122.635615
"509";0;24;"Southbound Walnut Grove Dr @ 8900 Block";49.165589;-122.640014
"509";0;25;"Southbound Walnut Grove Dr @ 88 Ave";49.163684;-122.640482
"509";0;26;"Eastbound 88 Ave @ Walnut Grove Dr";49.162372;-122.639346
"509";0;27;"Eastbound 88 Ave @ 212 St";49.162127;-122.632424
"509";0;28;"Eastbound 88 Ave @ 214B St";49.16191;-122.626809
"509";0;29;"Southbound 216 St @ 8600 Block";49.159386;-122.624158
"509";0;30;"Westbound 86A Cres @ Telegraph Trail";49.157661;-122.625881
"509";0;31;"Westbound 86A Cres @ 215 St";49.159214;-122.628096
"509";0;32;"Northbound 212 St @ 86A Cres";49.160625;-122.632708
"509";0;33;"Westbound 88 Ave @ 212 St";49.162351;-122.63347
"509";1;1;"Eastbound 88 Ave @ 212 St";49.162127;-122.632424
"509";1;2;"Eastbound 88 Ave @ 214B St";49.16191;-122.626809
"509";1;3;"Southbound 216 St @ 88 Ave";49.161409;-122.624204
"509";1;4;"Southbound 216 St @ 8600 Block";49.159386;-122.624158
"509";1;5;"Westbound 86A Cres @ Telegraph Trail";49.157661;-122.625881
"509";1;6;"Westbound 86A Cres @ 215 St";49.159214;-122.628096
"509";1;7;"Northbound 212 St @ 86A Cres";49.160625;-122.632708
"509";1;8;"Westbound 88 Ave @ 212 St";49.162351;-122.63347
"509";1;9;"Westbound 88 Ave @ 210 St";49.162531;-122.638128
"509";1;10;"Northbound Walnut Grove Dr @ 88 Ave";49.163253;-122.640207
"509";1;11;"Eastbound Walnut Grove Dr @ 212 St";49.166015;-122.63616
"509";1;12;"Northbound 212 St @ Walnut Grove Dr";49.167322;-122.634848
"509";1;13;"Eastbound 92 Ave @ 212 St";49.169369;-122.634459
"509";1;14;"Northbound 213 St @ 92 Ave";49.169881;-122.630943
"509";1;15;"Northbound 213 St @ 93B Ave";49.173518;-122.6308
"509";1;16;"Northbound 213 St @ 95 Ave";49.175566;-122.630794
"509";1;17;"Westbound 96 Ave @ Yeomans Cres";49.177002;-122.638185
"509";1;18;"Westbound 96 Ave @ 208 St";49.177064;-122.647349
"509";1;19;"Westbound 96 Ave @ 206 St";49.177066;-122.65162
"509";1;20;"Westbound 96 Ave @ 205 St";49.177074;-122.655429
"509";1;21;"Southbound 204 St @ 96 Ave";49.176558;-122.657419
"509";1;22;"Southbound 204 St @ 93B Ave";49.172487;-122.657288
"509";1;23;"Southbound 204 St @ 91B Ave";49.169324;-122.657186
"509";1;24;"Southbound 204 St @ 90A Ave";49.166701;-122.657121
"509";1;25;"Southbound 204 St @ 88 Ave";49.163251;-122.656991
"509";1;26;"Carvolth Exchange @ Bay 8";49.159711;-122.660703
"509";1;27;"Southbound 156 St @ Hwy One Offramp";49.19495;-122.789844
"509";1;28;"Westbound 104 Ave @ 156 St";49.191662;-122.790383
"509";1;29;"Westbound 104 Ave @ 154 St";49.191598;-122.795924
"509";1;30;"Guildford Exchange @ Bay 2";49.191632;-122.804013
"509";1;31;"Surrey Central Station @ Bay 12";49.189699;-122.847774
"531";0;1;"White Rock Centre @ Bay 10";49.034168;-122.801053
"531";0;2;"Northbound 152 St @ 18 Ave";49.035149;-122.801054
"531";0;3;"Northbound 152 St @ 19 Ave";49.036828;-122.801046
"531";0;4;"Northbound 152 St @ 20 Ave";49.038752;-122.801057
"531";0;5;"Northbound 152 St @ 22 Ave";49.041836;-122.801076
"531";0;6;"Eastbound 24 Ave @ 152 St";49.045525;-122.800528
"531";0;7;"Eastbound 24 Ave @ 154 St";49.045508;-122.795077
"531";0;8;"Eastbound 24 Ave @ 156 St";49.045489;-122.789656
"531";0;9;"Eastbound 24 Ave @ 157 St";49.04548;-122.78672
"531";0;10;"Eastbound 24 Ave @ Croydon Dr";49.045456;-122.782014
"531";0;11;"Eastbound 24 Ave @ 160 St";49.045452;-122.778308
"531";0;12;"Eastbound 24 Ave @ 161A St";49.045488;-122.774749
"531";0;13;"Eastbound 24 Ave @ 164 St";49.045537;-122.76737
"531";0;14;"Eastbound 24 Ave @ 168 St";49.045595;-122.756255
"531";0;15;"Eastbound 24 Ave @ 172 St";49.045638;-122.745605
"531";0;16;"Eastbound 24 Ave @ 176 St";49.045638;-122.734649
"531";0;17;"Eastbound 24 Ave @ 180 St";49.045637;-122.723889
"531";0;18;"Eastbound 24 Ave @ 184 St";49.045639;-122.712661
"531";0;19;"Eastbound 24 Ave @ 188 St";49.045618;-122.701792
"531";0;20;"Eastbound 24 Ave @ 190 St";49.045614;-122.69634
"531";0;21;"Northbound 192 St @ 24 Ave";49.04613;-122.691326
"531";0;22;"Northbound 192 St @ 28 Ave";49.053205;-122.691408
"531";0;23;"Northbound 192 St @ 32 Ave";49.060573;-122.69139
"531";0;24;"Northbound 192 St @ 34A Ave";49.064871;-122.691456
"531";0;25;"Eastbound 36 Ave @ 192 St";49.067317;-122.690685
"531";0;26;"Eastbound 36 Ave @ 194 St";49.067375;-122.685364
"531";0;27;"Eastbound 36 Ave @ 196 St";49.067361;-122.68016
"531";0;28;"Eastbound 36 Ave @ 198 St";49.067363;-122.674796
"531";0;29;"Northbound 200 St @ 36 Ave";49.067865;-122.669371
"531";0;30;"Northbound 200 St @ 37 Ave";49.069523;-122.669414
"531";0;31;"Northbound 200 St @ 38A Ave";49.072157;-122.669458
"531";0;32;"Northbound 200 St @ 40 Ave";49.075308;-122.669407
"531";0;33;"Northbound 200 St @ 41 Ave";49.077381;-122.669279
"531";0;34;"Northbound 200 St @ 42 Ave";49.078704;-122.669191
"531";0;35;"Northbound 200 St @ 44 Ave";49.082473;-122.668852
"531";0;36;"Northbound 200 St @ 45A Ave";49.084948;-122.668753
"531";0;37;"Northbound 200 St @ 48 Ave";49.089851;-122.668443
"531";0;38;"Northbound 200 St @ Grade Cres";49.091879;-122.668453
"531";0;39;"Northbound 200 St @ 50 Ave";49.093927;-122.668476
"531";0;40;"Northbound 200 St @ 53 Ave";49.098853;-122.668599
"531";0;41;"Eastbound 56 Ave @ 200 St";49.104254;-122.668141
"531";0;42;"Eastbound 56 Ave @ 201A St";49.104222;-122.66365
"531";0;43;"Eastbound Douglas Cres @ 203 St";49.103638;-122.659711
"531";0;44;"Langley Centre @ Bay 7";49.107179;-122.655848
"531";0;45;"Westbound 64 Ave @ 204 St";49.118955;-122.654693
"531";0;46;"Westbound 64 Ave @ 20300 Block";49.119002;-122.657557
"531";0;47;"Westbound 64 Ave @ 203 St";49.119029;-122.660877
"531";0;48;"Westbound 64 Ave @ 202 St";49.119053;-122.663773
"531";0;49;"Westbound 64 Ave @ 201 St";49.119074;-122.666228
"531";0;50;"Westbound 64 Ave @ 200 St";49.119091;-122.669668
"531";0;51;"Westbound 64 Ave @ 198 St";49.119098;-122.674101
"531";0;52;"Southbound 197 St @ 64 Ave";49.11866;-122.677124
"531";0;53;"Eastbound Willowbrook Dr @ 197 St";49.116703;-122.676459
"531";0;54;"Northbound 198 St @ 64 Ave";49.118307;-122.67461
"531";1;1;"Northbound 198 St @ 64 Ave";49.118307;-122.67461
"531";1;2;"Eastbound 64 Ave @ 198 St";49.118956;-122.673949
"531";1;3;"Eastbound 64 Ave @ 19900 Block";49.118937;-122.671591
"531";1;4;"Eastbound 64 Ave @ 200 St";49.11889;-122.66738
"531";1;5;"Eastbound 64 Ave @ 202 St";49.118845;-122.662805
"531";1;6;"Eastbound 64 Ave @ 203 St";49.11882;-122.659312
"531";1;7;"Eastbound 64 Ave @ 20400 Block";49.118809;-122.656629
"531";1;8;"Southbound 204 St @ 64 Ave";49.118384;-122.65476
"531";1;9;"Eastbound Logan Ave @ 203A St";49.107721;-122.657685
"531";1;10;"Langley Centre @ Bay 4";49.106346;-122.654492
"531";1;11;"Westbound Douglas Cres @ 204 St";49.103635;-122.657813
"531";1;12;"Westbound 56 Ave @ 203 St";49.104386;-122.66168
"531";1;13;"Westbound 56 Ave @ 201A St";49.104398;-122.66477
"531";1;14;"Southbound 200 St @ 56 Ave";49.103889;-122.668931
"531";1;15;"Southbound 200 St @ 53 Ave";49.098029;-122.668864
"531";1;16;"Southbound 200 St @ 50 Ave";49.09309;-122.668736
"531";1;17;"Southbound 200 St @ 48 Ave";49.089154;-122.668672
"531";1;18;"Southbound 200 St @ 45A Ave";49.084346;-122.669009
"531";1;19;"Southbound 200 St @ 44 Ave";49.081864;-122.66918
"531";1;20;"Southbound 200 St @ 42 Ave";49.078019;-122.669486
"531";1;21;"Southbound 200 St @ 41 Ave";49.076361;-122.669599
"531";1;22;"Southbound 200 St @ 38A Ave";49.072159;-122.669651
"531";1;23;"Southbound 200 St @ 37A Ave";49.069776;-122.669636
"531";1;24;"Southbound 200 St @ 36 Ave";49.067919;-122.669667
"531";1;25;"Westbound 36 Ave @ 198 St";49.067469;-122.675924
"531";1;26;"Westbound 36 Ave @ 196 St";49.067485;-122.681045
"531";1;27;"Westbound 36 Ave @ 194 St";49.067466;-122.686231
"531";1;28;"Southbound 192 St @ 36 Ave";49.066932;-122.691748
"531";1;29;"Southbound 192 St @ 34A Ave";49.063531;-122.691722
"531";1;30;"Southbound 192 St @ 32 Ave";49.059741;-122.691638
"531";1;31;"Southbound 192 St @ 28 Ave";49.052486;-122.691608
"531";1;32;"Southbound 192 St @ 26 Ave";49.048942;-122.691575
"531";1;33;"Westbound 24 Ave @ 192 St";49.045753;-122.692166
"531";1;34;"Westbound 24 Ave @ 190 St";49.04578;-122.697552
"531";1;35;"Westbound 24 Ave @ 188 St";49.045795;-122.703226
"531";1;36;"Westbound 24 Ave @ 184 St";49.045743;-122.714058
"531";1;37;"Westbound 24 Ave @ 180 St";49.045731;-122.724831
"531";1;38;"Westbound 24 Ave @ 176 St";49.045741;-122.735952
"531";1;39;"Westbound 24 Ave @ 172 St";49.045745;-122.746741
"531";1;40;"Westbound 24 Ave @ 168 St";49.045761;-122.757816
"531";1;41;"Westbound 24 Ave @ 164 St";49.045695;-122.768899
"531";1;42;"Westbound 24 Ave @ 161A St";49.045669;-122.775851
"531";1;43;"Westbound 24 Ave @ 160 St";49.045649;-122.779859
"531";1;44;"Westbound 24 Ave @ Croydon Dr";49.045669;-122.783338
"531";1;45;"Westbound 24 Ave @ 156 St";49.045676;-122.790735
"531";1;46;"Westbound 24 Ave @ King George Blvd";49.045693;-122.794792
"531";1;47;"Westbound 24 Ave @ 153 St";49.045701;-122.798085
"531";1;48;"Southbound 152 St @ 24 Ave";49.045126;-122.801341
"531";1;49;"Southbound 152 St @ 22 Ave";49.041716;-122.801327
"531";1;50;"Southbound 152 St @ 20 Ave";49.038079;-122.801352
"531";1;51;"Southbound 152 St @ 19 Ave";49.036259;-122.801323
"531";1;52;"Southbound Martin Dr @ E Southmere Cres";49.034509;-122.803621
"531";1;53;"Southbound Martin Dr @ W Southmere Cres";49.032454;-122.805337
"531";1;54;"White Rock Centre @ Bay 10";49.034168;-122.801053
"555";0;1;"Lougheed Station @ Bay 8";49.247657;-122.89519
"555";0;2;"Eastbound Hwy One Offramp @ 156 St";49.195334;-122.790095
"555";0;3;"Carvolth Exchange @ Bay 1 Unloading Only";49.160693;-122.660159
"555";1;1;"Carvolth Exchange @ Bay 9";49.159965;-122.660566
"555";1;2;"Westbound Hwy One Offramp @ 156 St";49.195292;-122.78945
"555";1;3;"Lougheed Station @ Bay 11";49.247995;-122.894807
"560";0;1;"Langley Centre @ Bay 6";49.106538;-122.654955
"560";0;2;"Southbound 204 St @ Douglas Cres";49.103152;-122.65668
"560";0;3;"Southbound 204 St @ 54 Ave";49.099987;-122.656815
"560";0;4;"Eastbound 53 Ave @ 204 St";49.098415;-122.656018
"560";0;5;"Eastbound 51B Ave @ 206 St";49.096724;-122.651206
"560";0;6;"Eastbound 51B Ave @ 207 St";49.09639;-122.648928
"560";0;7;"Northbound 208 St @ 51B Ave";49.096885;-122.646466
"560";0;8;"Northbound 208 St Causeway @ Fraser Hwy";49.100627;-122.643748
"560";0;9;"Northbound 216 St @ Fraser Hwy";49.096719;-122.624426
"560";0;10;"Eastbound 52 Ave @ 216 St";49.097397;-122.623457
"560";0;11;"Eastbound 52 Ave @ 217A St";49.096672;-122.620098
"560";0;12;"Eastbound 52 Ave @ 219 St";49.096726;-122.615797
"560";0;13;"Southbound 221A St @ Langley Memorial Hospital";49.095555;-122.610325
"560";0;14;"Eastbound 50 Ave @ 221A St";49.092966;-122.609489
"560";0;15;"Southbound 222 St @ 50 Ave";49.092544;-122.607427
"560";0;16;"Southbound 222 St @ Fraser Hwy";49.091094;-122.608245
"560";0;17;"Westbound 48 Ave @ 222 St";49.089466;-122.608714
"560";0;18;"Westbound 48 Ave @ 221 St";49.089475;-122.612011
"560";0;19;"Westbound 48 Ave @ 219 St";49.089492;-122.616401
"560";0;20;"Eastbound Old Yale Rd @ 220 St";49.087942;-122.615547
"560";0;21;"Westbound 46 Ave @ 220 St";49.085842;-122.615059
"560";0;22;"Westbound 46 Ave @ 217B St";49.085863;-122.618952
"560";0;23;"Westbound 46 Ave @ 216 St";49.085893;-122.624161
"560";0;24;"Northbound 216 St @ 47A Ave";49.088465;-122.624596
"560";0;25;"Westbound 48 Ave @ 214A St";49.089514;-122.629794
"560";0;26;"Westbound 48 Ave @ 210 St";49.08962;-122.642152
"560";0;27;"Westbound 48 Ave @ 209 St";49.089636;-122.645177
"560";0;28;"Southbound 208 St @ Grade Cres";49.087955;-122.647019
"560";1;1;"Eastbound 48 Ave @ 208 St";49.089503;-122.645445
"560";1;2;"Eastbound 48 Ave @ 210 St";49.089488;-122.642323
"560";1;3;"Eastbound 48 Ave @ 214A St";49.089411;-122.628948
"560";1;4;"Southbound 216 St @ 47A Ave";49.088506;-122.624775
"560";1;5;"Eastbound 46 Ave @ 216 St";49.085801;-122.623705
"560";1;6;"Eastbound 46 Ave @ 217B St";49.085764;-122.619736
"560";1;7;"Eastbound 46 Ave @ 220 St";49.085736;-122.615188
"560";1;8;"Westbound Old Yale Rd @ 220 St";49.088011;-122.615415
"560";1;9;"Eastbound 48 Ave @ 219 St";49.089338;-122.616322
"560";1;10;"Eastbound 48 Ave @ 221 St";49.089322;-122.610856
"560";1;11;"Northbound 222 St @ 48 Ave";49.090087;-122.607993
"560";1;12;"Northbound 222 St @ Fraser Hwy";49.09209;-122.607316
"560";1;13;"Westbound 50 Ave @ 221A St";49.093084;-122.609848
"560";1;14;"Northbound 221A St @ Langley Memorial Hospital";49.095779;-122.610149
"560";1;15;"Westbound 52 Ave @ 219 St";49.096835;-122.616608
"560";1;16;"Westbound 52 Ave @ 218 St";49.096797;-122.619518
"560";1;17;"Westbound 52 Ave @ 216 St";49.097632;-122.623713
"560";1;18;"Southbound 216 St @ 52 Ave";49.0974;-122.624718
"560";1;19;"Westbound Fraser Hwy @ 216 St";49.09645;-122.625752
"560";1;20;"Southbound 208 Street Causeway @ Fraser Hwy";49.100754;-122.643991
"560";1;21;"Southbound 208 St @ 52A Ave";49.098117;-122.646665
"560";1;22;"Westbound 51B Ave @ 207 St";49.096646;-122.64993
"560";1;23;"Westbound 51B Ave @ 206 St";49.097286;-122.651647
"560";1;24;"Westbound 53 Ave @ 53A Ave";49.098569;-122.654792
"560";1;25;"Northbound 204 St @ 53 Ave";49.09888;-122.656676
"560";1;26;"Northbound 204 St @ 54 Ave";49.100903;-122.656567
"560";1;27;"Northbound 204 St @ Park Ave";49.10275;-122.656477
"560";1;28;"Westbound Fraser Hwy @ 56 Ave";49.105178;-122.658147
"560";1;29;"Northbound 203 St @ Fraser Hwy";49.105966;-122.659978
"560";1;30;"Eastbound Logan Ave @ 203A St";49.107721;-122.657685
"560";1;31;"Langley Centre @ Bay 6";49.106538;-122.654955
"561";0;1;"Langley Centre @ Bay 6";49.106538;-122.654955
"561";0;2;"Westbound Douglas Cres @ 204 St";49.103635;-122.657813
"561";0;3;"Southbound 203 St @ 56 Ave";49.103695;-122.660498
"561";0;4;"Westbound Michaud Cres @ 201A St";49.102161;-122.663872
"561";0;5;"Westbound Michaud Cres @ 200 St";49.100891;-122.667991
"561";0;6;"Eastbound 53 Ave @ 200 St";49.098377;-122.66807
"561";0;7;"Eastbound 53 Ave @ 201A St";49.098386;-122.663943
"561";0;8;"Southbound 203 St @ 53 Ave";49.097862;-122.659972
"561";0;9;"Southbound 203 St @ 50 Ave";49.093262;-122.660007
"561";0;10;"Westbound Grade Cres @ 203 St";49.090089;-122.660288
"561";0;11;"Westbound Grade Cres @ 200 St";49.09207;-122.667275
"561";0;12;"Southbound 200 St @ 48 Ave";49.089154;-122.668672
"561";0;13;"Southbound 200 St @ 45A Ave";49.084346;-122.669009
"561";0;14;"Southbound 200 St @ 44 Ave";49.081864;-122.66918
"561";0;15;"Southbound 200 St @ 42 Ave";49.078019;-122.669486
"561";0;16;"Southbound 200 St @ 41 Ave";49.076361;-122.669599
"561";0;17;"Southbound 200 St @ 38A Ave";49.072159;-122.669651
"561";0;18;"Southbound 200 St @ 37A Ave";49.069776;-122.669636
"561";0;19;"Eastbound 36 Ave @ 200 St";49.067331;-122.668998
"561";0;20;"Eastbound 36 Ave @ 203 St";49.067345;-122.661661
"561";0;21;"Northbound 204 St @ 36 Ave";49.067859;-122.658409
"561";0;22;"Northbound 204 St @ 38 Ave";49.071374;-122.658423
"561";0;23;"Northbound 204 St @ 40 Ave";49.075072;-122.658419
"561";0;24;"Eastbound 42 Ave @ 204 St";49.078226;-122.657742
"561";0;25;"Eastbound 42 Ave @ 205A St";49.078241;-122.654423
"561";0;26;"Eastbound 42 Ave @ 207 St";49.078235;-122.650158
"561";0;27;"Northbound 208 St @ 42 Ave";49.078766;-122.647183
"561";0;28;"Northbound 208 St @ 44 Ave";49.082341;-122.647006
"561";0;29;"Northbound 208 St @ 45A Ave";49.084791;-122.646881
"561";0;30;"Northbound 208 St @ 47 Ave";49.087935;-122.646757
"561";0;31;"Eastbound 48 Ave @ 208 St";49.089503;-122.645445
"561";1;1;"Southbound 208 St @ Grade Cres";49.087955;-122.647019
"561";1;2;"Southbound 208 St @ 46A Ave";49.086173;-122.647076
"561";1;3;"Southbound 208 St @ 45A Ave";49.083997;-122.64715
"561";1;4;"Southbound 208 St @ 44 Ave";49.082488;-122.647209
"561";1;5;"Southbound 208 St @ 42 Ave";49.078521;-122.64739
"561";1;6;"Westbound 42 Ave @ 207 St";49.078351;-122.651222
"561";1;7;"Westbound 42 Ave @ 205A St";49.078349;-122.655236
"561";1;8;"Southbound 204 St @ 42 Ave";49.07779;-122.658432
"561";1;9;"Southbound 204 St @ 40 Ave";49.07503;-122.658583
"561";1;10;"Southbound 204 St @ 38A Ave";49.071408;-122.658583
"561";1;11;"Southbound 204 St @ 36 Ave";49.067795;-122.658571
"561";1;12;"Westbound 36 Ave @ 202A St";49.06746;-122.663166
"561";1;13;"Northbound 200 St @ 36 Ave";49.067865;-122.669371
"561";1;14;"Northbound 200 St @ 37 Ave";49.069523;-122.669414
"561";1;15;"Northbound 200 St @ 38A Ave";49.072157;-122.669458
"561";1;16;"Northbound 200 St @ 40 Ave";49.075308;-122.669407
"561";1;17;"Northbound 200 St @ 41 Ave";49.077381;-122.669279
"561";1;18;"Northbound 200 St @ 42 Ave";49.078704;-122.669191
"561";1;19;"Northbound 200 St @ 44 Ave";49.082473;-122.668852
"561";1;20;"Northbound 200 St @ 45A Ave";49.084948;-122.668753
"561";1;21;"Northbound 200 St @ 48 Ave";49.089851;-122.668443
"561";1;22;"Northbound 200 St @ Grade Cres";49.091879;-122.668453
"561";1;23;"Northbound 203 St @ Grade Cres";49.090214;-122.659685
"561";1;24;"Northbound 203 St @ 50 Ave";49.094312;-122.659818
"561";1;25;"Westbound 53 Ave @ 203 St";49.098522;-122.660855
"561";1;26;"Westbound 53 Ave @ 201A St";49.098527;-122.66383
"561";1;27;"Northbound 200 St @ 53 Ave";49.098853;-122.668599
"561";1;28;"Eastbound Michaud Cres @ 200 St";49.100663;-122.668233
"561";1;29;"Northbound 201A St @ Michaud Cres";49.102443;-122.664137
"561";1;30;"Eastbound 56 Ave @ 201A St";49.104222;-122.66365
"561";1;31;"Northbound 203 St @ 56 Ave";49.104589;-122.660102
"561";1;32;"Northbound 203 St @ Fraser Hwy";49.105966;-122.659978
"561";1;33;"Eastbound Logan Ave @ 203A St";49.107721;-122.657685
"561";1;34;"Langley Centre @ Bay 6";49.106538;-122.654955
"562";0;1;"Langley Centre @ Bay 6";49.106538;-122.654955
"562";0;2;"Northbound Glover Rd @ Eastleigh Cres";49.107608;-122.651311
"562";0;3;"Northbound Glover Rd @ Kwantlen Cres";49.110689;-122.647153
"562";0;4;"Northbound Glover Rd @ Worrell Cres";49.123919;-122.628348
"562";0;5;"Northbound Glover Rd @ 216 St";49.126768;-122.624155
"562";0;6;"Northbound Glover Rd @ Smith Cres";49.128951;-122.621074
"562";0;7;"Northbound Glover Rd @ Hwy 10 Bypass";49.135762;-122.61103
"562";0;8;"Eastbound University Dr @ Mattson Centre";49.141737;-122.599236
"562";0;9;"Northbound Glover Rd @ University Dr";49.143103;-122.602068
"562";0;10;"Northbound Glover Rd @ 79 Ave";49.146072;-122.598945
"562";0;11;"Northbound Glover Rd @ Telegraph Trail";49.149732;-122.594593
"562";0;12;"Northbound Glover Rd @ Rawlison Cres";49.154475;-122.590859
"562";0;13;"Northbound Glover Rd @ 88 Ave";49.163012;-122.585489
"562";0;14;"Northbound Glover Rd @ St. Andrews Ave";49.166746;-122.581642
"562";0;15;"Westbound 96 Ave @ Glover Rd";49.168618;-122.580365
"562";0;16;"Southbound Trattle St @ 96 Ave";49.17071;-122.587075
"562";0;17;"Southbound Trattle St @ 9100 Block";49.168085;-122.588793
"562";0;18;"Southbound Trattle St @ Houston Ave";49.165035;-122.58967
"562";0;19;"Westbound 88 Ave @ Trattle St";49.162816;-122.59079
"562";0;20;"Westbound 88 Ave @ Wright St";49.162859;-122.593569
"562";0;21;"Westbound 88 Ave @ 222A St";49.162828;-122.607597
"562";0;22;"Westbound 88 Ave @ 22000 Block";49.162678;-122.61531
"562";0;23;"Westbound 88 Ave @ 216 St";49.162059;-122.625265
"562";0;24;"Westbound 88 Ave @ 214B St";49.162156;-122.628438
"562";0;25;"Westbound 88 Ave @ 212 St";49.162351;-122.63347
"562";0;26;"Westbound 88 Ave @ 210 St";49.162531;-122.638128
"562";0;27;"Northbound Walnut Grove Dr @ 88 Ave";49.163253;-122.640207
"562";0;28;"Eastbound Walnut Grove Dr @ 212 St";49.166015;-122.63616
"562";0;29;"Northbound 212 St @ Walnut Grove Dr";49.167322;-122.634848
"562";0;30;"Northbound 212 St @ 92 Ave";49.169771;-122.634926
"562";0;31;"Northbound 212 St @ 93 Ave";49.17107;-122.635127
"562";0;32;"Northbound 210 St @ 93B Ave";49.17321;-122.638781
"562";0;33;"Northbound 210 St @ 95A Ave";49.176303;-122.638979
"562";0;34;"Westbound 96 Ave @ 208 St";49.177064;-122.647349
"562";0;35;"Westbound 96 Ave @ 206 St";49.177066;-122.65162
"562";0;36;"Westbound 96 Ave @ 205 St";49.177074;-122.655429
"562";0;37;"Southbound 204 St @ 96 Ave";49.176558;-122.657419
"562";0;38;"Southbound 204 St @ 93B Ave";49.172487;-122.657288
"562";0;39;"Southbound 204 St @ 91B Ave";49.169324;-122.657186
"562";0;40;"Southbound 204 St @ 90A Ave";49.166701;-122.657121
"562";0;41;"Southbound 204 St @ 88 Ave";49.163251;-122.656991
"562";0;42;"Carvolth Exchange @ Bay 11";49.160528;-122.660365
"562";1;1;"Carvolth Exchange @ Bay 11";49.160528;-122.660365
"562";1;2;"Eastbound 88 Ave @ 202 St";49.162711;-122.65895
"562";1;3;"Northbound 204 St @ 88 Ave";49.163419;-122.656832
"562";1;4;"Northbound 204 St @ 90 Cres";49.166091;-122.656917
"562";1;5;"Northbound 204 St @ 91A Ave";49.169174;-122.657014
"562";1;6;"Northbound 204 St @ 93A Ave";49.172786;-122.657134
"562";1;7;"Northbound 204 St @ 96 Ave";49.176582;-122.657258
"562";1;8;"Eastbound 96 Ave @ 205 St";49.176904;-122.654014
"562";1;9;"Eastbound 96 Ave @ 206 St";49.176906;-122.65049
"562";1;10;"Eastbound 96 Ave @ 208 St";49.176885;-122.645621
"562";1;11;"Southbound 210 St @ 95A Ave";49.175681;-122.639111
"562";1;12;"Southbound 210 St @ 93A Ave";49.172184;-122.638887
"562";1;13;"Southbound 212 St @ 92 Ave";49.170385;-122.635103
"562";1;14;"Southbound 212 St @ 91B Ave";49.168706;-122.635063
"562";1;15;"Westbound Walnut Grove Dr @ 212 St";49.166241;-122.635615
"562";1;16;"Southbound Walnut Grove Dr @ 8900 Block";49.165589;-122.640014
"562";1;17;"Southbound Walnut Grove Dr @ 88 Ave";49.163684;-122.640482
"562";1;18;"Eastbound 88 Ave @ Walnut Grove Dr";49.162372;-122.639346
"562";1;19;"Eastbound 88 Ave @ 212 St";49.162127;-122.632424
"562";1;20;"Eastbound 88 Ave @ 214B St";49.16191;-122.626809
"562";1;21;"Eastbound 88 Ave @ 216 St";49.161849;-122.623415
"562";1;22;"Eastbound 88 Ave @ 22000 Block";49.162509;-122.615818
"562";1;23;"Eastbound 88 Ave @ 222A St";49.162756;-122.607616
"562";1;24;"Eastbound 88 Ave @ Wright St";49.162722;-122.592694
"562";1;25;"Northbound Trattle St @ 88 Ave";49.163141;-122.590039
"562";1;26;"Northbound Trattle St @ Houston Ave";49.165546;-122.589368
"562";1;27;"Northbound Trattle St @ 9000 Block";49.167916;-122.588666
"562";1;28;"Eastbound 96 Ave @ Trattle St";49.17074;-122.586308
"562";1;29;"Eastbound 96 Ave @ Glover Rd";49.168656;-122.580881
"562";1;30;"Southbound Glover Rd @ St. Andrews Ave";49.166061;-122.582568
"562";1;31;"Southbound Glover Rd @ 88 Ave";49.162066;-122.586721
"562";1;32;"Southbound Glover Rd @ Rawlison Cres";49.154497;-122.591044
"562";1;33;"Southbound Glover Rd @ Telegraph Trail";49.149783;-122.59478
"562";1;34;"Southbound Glover Rd @ 79 Ave";49.146227;-122.59901
"562";1;35;"Southbound Glover Rd @ University Dr";49.142895;-122.602681
"562";1;36;"Eastbound University Dr @ Mattson Centre";49.141737;-122.599236
"562";1;37;"Southbound Glover Rd @ Hwy 10 Bypass";49.13588;-122.61123
"562";1;38;"Southbound Glover Rd @ Crush Cres";49.126248;-122.625338
"562";1;39;"Southbound Glover Rd @ 5900 Block";49.1101;-122.648451
"562";1;40;"Southbound Glover Rd @ Eastleigh Cres";49.107807;-122.65141
"562";1;41;"Langley Centre @ Bay 1";49.105658;-122.654233
"562";1;42;"Eastbound Logan Ave @ 203A St";49.107721;-122.657685
"562";1;43;"Langley Centre @ Bay 6";49.106538;-122.654955
"563";0;1;"Southbound 198 St @ 24 Ave";49.044614;-122.674967
"563";0;2;"Eastbound 20 Ave @ 198 St";49.038377;-122.674192
"563";0;3;"Northbound 200 St @ 20 Ave";49.038784;-122.669252
"563";0;4;"Northbound 200 St @ 22 Ave";49.042347;-122.669246
"563";0;5;"Northbound 200 St @ 24 Ave";49.046711;-122.669285
"563";0;6;"Northbound 200 St @ 28 Ave";49.053115;-122.66937
"563";0;7;"Northbound 200 St @ 30 Ave";49.057724;-122.669417
"563";0;8;"Northbound 200 St @ 32 Ave";49.060741;-122.66942
"563";0;9;"Northbound 200 St @ 33A Ave";49.063088;-122.669435
"563";0;10;"Northbound 200 St @ 36 Ave";49.067865;-122.669371
"563";0;11;"Northbound 200 St @ 37 Ave";49.069523;-122.669414
"563";0;12;"Northbound 200 St @ 38A Ave";49.072157;-122.669458
"563";0;13;"Eastbound 40 Ave @ 200A St";49.074633;-122.667761
"563";0;14;"Eastbound 40 Ave @ 202 St";49.074627;-122.663582
"563";0;15;"Eastbound 40 Ave @ 204 St";49.074619;-122.658126
"563";0;16;"Eastbound 40 Ave @ 206A St";49.074549;-122.652729
"563";0;17;"Northbound 208 St @ 40 Ave";49.075012;-122.647367
"563";0;18;"Northbound 208 St @ 42 Ave";49.078766;-122.647183
"563";0;19;"Northbound 208 St @ 44 Ave";49.082341;-122.647006
"563";0;20;"Northbound 208 St @ 45A Ave";49.084791;-122.646881
"563";0;21;"Westbound Grade Cres @ 208 St";49.087852;-122.648549
"563";0;22;"Westbound Grade Cres @ 20400 Block";49.089095;-122.656772
"563";0;23;"Westbound Grade Cres @ 203 St";49.090089;-122.660288
"563";0;24;"Westbound Grade Cres @ 200 St";49.09207;-122.667275
"563";0;25;"Northbound 200 St @ 50 Ave";49.093927;-122.668476
"563";0;26;"Eastbound 53 Ave @ 200 St";49.098377;-122.66807
"563";0;27;"Eastbound 53 Ave @ 201A St";49.098386;-122.663943
"563";0;28;"Northbound 203 St @ 53 Ave";49.099272;-122.659695
"563";0;29;"Northbound 203 St @ 54 Ave";49.10085;-122.659636
"563";0;30;"Northbound 203 St @ Michaud Cres";49.103104;-122.659591
"563";0;31;"Northbound 203 St @ 56 Ave";49.104589;-122.660102
"563";0;32;"Northbound 203 St @ Fraser Hwy";49.105966;-122.659978
"563";0;33;"Eastbound Logan Ave @ 203A St";49.107721;-122.657685
"563";0;34;"Langley Centre @ Bay 6";49.106538;-122.654955
"563";1;1;"Langley Centre @ Bay 6";49.106538;-122.654955
"563";1;2;"Westbound Douglas Cres @ 204 St";49.103635;-122.657813
"563";1;3;"Southbound 203 St @ 56 Ave";49.103695;-122.660498
"563";1;4;"Southbound 203 St @ Michaud Cres";49.102377;-122.659804
"563";1;5;"Southbound 203 St @ 54 Ave";49.100069;-122.659892
"563";1;6;"Westbound 53 Ave @ 203 St";49.098522;-122.660855
"563";1;7;"Westbound 53 Ave @ 201A St";49.098527;-122.66383
"563";1;8;"Southbound 200 St @ 53 Ave";49.098029;-122.668864
"563";1;9;"Southbound 200 St @ 50 Ave";49.09309;-122.668736
"563";1;10;"Eastbound Grade Cres @ 203 St";49.08954;-122.658805
"563";1;11;"Eastbound Grade Cres @ 206 St";49.08807;-122.652263
"563";1;12;"Eastbound Grade Cres @ 207B St";49.087703;-122.648218
"563";1;13;"Southbound 208 St @ 46A Ave";49.086173;-122.647076
"563";1;14;"Southbound 208 St @ 45A Ave";49.083997;-122.64715
"563";1;15;"Southbound 208 St @ 44 Ave";49.082488;-122.647209
"563";1;16;"Southbound 208 St @ 42 Ave";49.078521;-122.64739
"563";1;17;"Southbound 208 St @ 42 Ave";49.077744;-122.647403
"563";1;18;"Southbound 208 St @ 40 Ave";49.075368;-122.647557
"563";1;19;"Westbound 40 Ave @ 208 St";49.074727;-122.648439
"563";1;20;"Westbound 40 Ave @ 206A St";49.074735;-122.652753
"563";1;21;"Westbound 40 Ave @ 204 St";49.074747;-122.658996
"563";1;22;"Westbound 40 Ave @ 202 St";49.074752;-122.664615
"563";1;23;"Westbound 40 Ave @ 200A St";49.074766;-122.668318
"563";1;24;"Southbound 200 St @ 38A Ave";49.072159;-122.669651
"563";1;25;"Southbound 200 St @ 37A Ave";49.069776;-122.669636
"563";1;26;"Southbound 200 St @ 36 Ave";49.0671;-122.669636
"563";1;27;"Southbound 200 St @ 33A Ave";49.062347;-122.669595
"563";1;28;"Southbound 200 St @ 32 Ave";49.059803;-122.669643
"563";1;29;"Southbound 200 St @ 30 Ave";49.057061;-122.669574
"563";1;30;"Westbound 28 Ave @ 200 St";49.052926;-122.670019
"563";1;31;"Westbound 28 Ave @ 197A St";49.052921;-122.677559
"563";1;32;"Eastbound 24 Ave @ 196 St";49.045605;-122.679872
"563";1;33;"Southbound 198 St @ 24 Ave";49.044614;-122.674967
"564";0;1;"Langley Centre @ Bay 6";49.106538;-122.654955
"564";0;2;"Westbound Douglas Cres @ 204 St";49.103635;-122.657813
"564";0;3;"Southbound 203 St @ 56 Ave";49.103695;-122.660498
"564";0;4;"Southbound 203 St @ Michaud Cres";49.102377;-122.659804
"564";0;5;"Southbound 203 St @ 54 Ave";49.100069;-122.659892
"564";0;6;"Eastbound 53 Ave @ 203 St";49.098401;-122.658986
"564";0;7;"Eastbound 53 Ave @ 204 St";49.098415;-122.656018
"564";0;8;"Northbound 53A Ave @ 51B Ave";49.098717;-122.65313
"564";0;9;"Northbound 206 St @ 5400 Block";49.101561;-122.651668
"564";0;10;"Eastbound Douglas Cres @ 206 St";49.102473;-122.651294
"564";0;11;"Eastbound Douglas Cres @ 208 St";49.101492;-122.647183
"564";0;12;"Northbound 208 St @ Fraser Hwy";49.103309;-122.646674
"564";0;13;"Eastbound 56 Ave @ 208 St";49.104594;-122.646118
"564";0;14;"Eastbound 56 Ave @ Langley Bypass";49.10456;-122.644104
"564";0;15;"Westbound Mufford Cres @ 62 Ave";49.115698;-122.64798
"564";0;16;"Westbound 64 Ave @ 204 St";49.118955;-122.654693
"564";0;17;"Westbound 64 Ave @ 20300 Block";49.119002;-122.657557
"564";0;18;"Northbound 203 St @ 65 Ave";49.120276;-122.659943
"564";0;19;"Northbound 203 St @ 66 Ave";49.123038;-122.659893
"564";0;20;"Eastbound 68 Ave @ 203 St";49.126123;-122.659202
"564";0;21;"Eastbound 68 Ave @ 204A St";49.126097;-122.655204
"564";0;22;"Southbound 206 St @ 68 Ave";49.125666;-122.651682
"564";0;23;"Southbound 206 St @ 66 Ave";49.122894;-122.651491
"564";0;24;"Westbound 66 Ave @ 20400 Block";49.122624;-122.65547
"564";0;25;"Westbound 66 Ave @ 203 St";49.122631;-122.660659
"564";0;26;"Southbound Mall Access Rd @ 6500 Block";49.121261;-122.663769
"564";0;27;"Westbound 64 Ave @ 202 St";49.119053;-122.663773
"564";0;28;"Westbound 64 Ave @ 201 St";49.119074;-122.666228
"564";0;29;"Westbound 64 Ave @ 200 St";49.119091;-122.669668
"564";0;30;"Westbound 64 Ave @ 198 St";49.119098;-122.674101
"564";0;31;"Southbound 197 St @ 64 Ave";49.11866;-122.677124
"564";0;32;"Westbound Willowbrook Dr @ 197 St";49.116898;-122.677645
"564";0;33;"Mall Access Rd @ Willowbrook Mall";49.115383;-122.677051
"564";1;1;"Mall Access Rd @ Willowbrook Mall";49.115383;-122.677051
"564";1;2;"Northbound 197 St @ Willowbrook Dr";49.117257;-122.67695
"564";1;3;"Eastbound 64 Ave @ 197 St";49.11897;-122.676339
"564";1;4;"Eastbound 64 Ave @ 198 St";49.118956;-122.673949
"564";1;5;"Eastbound 64 Ave @ 19900 Block";49.118937;-122.671591
"564";1;6;"Eastbound 64 Ave @ 200 St";49.11889;-122.66738
"564";1;7;"Northbound Mall Access Rd @ 6400 Block";49.120449;-122.663502
"564";1;8;"Eastbound 66 Ave @ 20200 Block";49.122561;-122.663247
"564";1;9;"Eastbound 66 Ave @ 20400 Block";49.1225;-122.655434
"564";1;10;"Northbound 206 St @ 66 Ave";49.122855;-122.651312
"564";1;11;"Westbound 68 Ave @ 206 St";49.126159;-122.65239
"564";1;12;"Westbound 68 Ave @ 204A St";49.126205;-122.656122
"564";1;13;"Southbound 203 St @ 68 Ave";49.125763;-122.66044
"564";1;14;"Southbound 203 St @ 66 Ave";49.122253;-122.660208
"564";1;15;"Southbound 203 St @ 65 Ave";49.120236;-122.660234
"564";1;16;"Eastbound 64 Ave @ 203 St";49.11882;-122.659312
"564";1;17;"Eastbound 64 Ave @ 20400 Block";49.118809;-122.656629
"564";1;18;"Eastbound Mufford Cres @ 62 Ave";49.114478;-122.645921
"564";1;19;"Westbound 56 Ave @ Langley Bypass";49.104714;-122.644327
"564";1;20;"Southbound 208 St @ 56 Ave";49.104347;-122.646855
"564";1;21;"Southbound 208 St @ Fraser Hwy";49.101961;-122.64694
"564";1;22;"Westbound Douglas Cres @ 207 St";49.102176;-122.649449
"564";1;23;"Southbound 206 St @ Douglas Cres";49.102224;-122.651894
"564";1;24;"Southbound 53A Ave @ 205 St";49.099273;-122.652663
"564";1;25;"Westbound 53 Ave @ 53A Ave";49.098569;-122.654792
"564";1;26;"Westbound 53 Ave @ 204 St";49.098541;-122.658183
"564";1;27;"Northbound 203 St @ 53 Ave";49.099272;-122.659695
"564";1;28;"Northbound 203 St @ 54 Ave";49.10085;-122.659636
"564";1;29;"Northbound 203 St @ Michaud Cres";49.103104;-122.659591
"564";1;30;"Northbound 203 St @ 56 Ave";49.104589;-122.660102
"564";1;31;"Northbound 203 St @ Fraser Hwy";49.105966;-122.659978
"564";1;32;"Eastbound Logan Ave @ 203A St";49.107721;-122.657685
"564";1;33;"Langley Centre @ Bay 6";49.106538;-122.654955
"595";0;1;"Langley Centre @ Bay 4";49.106346;-122.654492
"595";0;2;"Westbound Fraser Hwy @ 56 Ave";49.105178;-122.658147
"595";0;3;"Northbound 203 St @ Fraser Hwy";49.105966;-122.659978
"595";0;4;"Northbound Willowbrook Connector @ Mufford Cres";49.119085;-122.653523
"595";0;5;"Northbound Willowbrook Connector @ 66A Ave";49.123215;-122.648178
"595";0;6;"Northbound 208 St @ 68 Ave";49.126734;-122.645827
"595";0;7;"Northbound 208 St @ 70 Ave";49.130247;-122.645844
"595";0;8;"Northbound 208 St @ 72 Ave";49.133858;-122.645811
"595";0;9;"Northbound 208 St @ 76 Ave";49.140955;-122.645763
"595";0;10;"Northbound 208 St @ Willoughby Town Centre Dr";49.145812;-122.645691
"595";0;11;"Northbound 208 St @ 80 Ave";49.148689;-122.645576
"595";0;12;"Northbound 208 St @ 83 Ave";49.15328;-122.645605
"595";0;13;"Northbound 208 St @ 84 Ave";49.155837;-122.645607
"595";0;14;"Westbound 88 Ave @ 208 St";49.162842;-122.646928
"595";0;15;"Westbound 88 Ave @ 204 St";49.162902;-122.656106
"595";0;16;"Carvolth Exchange @ Bay 6";49.159698;-122.660586
"595";0;17;"Northbound 202 St @ 88 Ave";49.163479;-122.659685
"595";0;18;"Westbound 91A Ave @ 20100 Block";49.169128;-122.665104
"595";0;19;"Northbound 200 St @ 92A Ave";49.171763;-122.667827
"595";0;20;"Northbound 201 St @ 96 Ave";49.177479;-122.664276
"595";0;21;"Southbound 200 St @ Maple Meadows Way";49.2198;-122.665955
"595";0;22;"Maple Meadows Station @ Bay 4";49.216767;-122.666484
"595";1;1;"Maple Meadows Station @ Bay 4";49.216767;-122.666484
"595";1;2;"Southbound 199A St @ 96 Ave";49.176466;-122.669453
"595";1;3;"Southbound 200 St @ 9200 Block";49.172395;-122.668227
"595";1;4;"Eastbound 91A Ave @ 20100 Block";49.168979;-122.664864
"595";1;5;"Southbound 202 St @ 8900 Block";49.164206;-122.660614
"595";1;6;"Carvolth Exchange @ Bay 12";49.16069;-122.660274
"595";1;7;"Eastbound 88 Ave @ 202 St";49.162711;-122.65895
"595";1;8;"Eastbound 88 Ave @ 204 St";49.162711;-122.656336
"595";1;9;"Southbound 208 St @ 88 Ave";49.162077;-122.645945
"595";1;10;"Southbound 208 St @ 84 Ave";49.154979;-122.645866
"595";1;11;"Southbound 208 St @ 82 Ave";49.151252;-122.645845
"595";1;12;"Southbound 208 St @ 80 Ave";49.147446;-122.645839
"595";1;13;"Southbound 208 St @ Willoughby Town Centre Dr";49.145238;-122.645895
"595";1;14;"Southbound 208 St @ 76 Ave";49.141328;-122.646017
"595";1;15;"Southbound 208 St @ 72 Ave";49.132957;-122.646079
"595";1;16;"Southbound 208 St @ 70 Ave";49.129378;-122.646025
"595";1;17;"Southbound Willowbrook Connector @ 68 Ave";49.125742;-122.646133
"595";1;18;"Southbound Willowbrook Connector @ 66A Ave";49.122691;-122.649148
"595";1;19;"Southbound 204 St @ 64 Ave";49.118384;-122.65476
"595";1;20;"Eastbound Logan Ave @ 203A St";49.107721;-122.657685
"595";1;21;"Langley Centre @ Bay 4";49.106346;-122.654492
"601";0;1;"Westbound 2nd Ave @ 52A St";49.006407;-123.078064
"601";0;2;"Northbound 52A St @ 3rd Ave";49.008184;-123.07832
"601";0;3;"Westbound Milsom Wynd @ 52 St";49.010125;-123.08019
"601";0;4;"Westbound Milsom Wynd @ Galway Dr";49.01037;-123.083029
"601";0;5;"Northbound Milsom Wynd @ 5th Ave";49.012323;-123.085314
"601";0;6;"Eastbound 6th Ave @ Milsom Wynd";49.013507;-123.08475
"601";0;7;"Northbound 52 St @ 6th Ave";49.013958;-123.079614
"601";0;8;"Northbound 52 St @ 7A Ave";49.016476;-123.079556
"601";0;9;"Eastbound 8A Ave @ 52A St";49.018007;-123.078299
"601";0;10;"Northbound 53A St @ 9th Ave";49.020253;-123.075228
"601";0;11;"Northbound 53A St @ 10A Ave";49.022985;-123.075276
"601";0;12;"Eastbound 12 Ave @ 53A St";49.024618;-123.074578
"601";0;13;"Eastbound 12 Ave @ 5500 Block";49.024597;-123.070243
"601";0;14;"Northbound 56 St @ 12 Ave";49.025425;-123.068534
"601";0;15;"Northbound 56 St @ View Cres South";49.027834;-123.06853
"601";0;16;"Northbound 56 St @ View Cres North";49.030001;-123.068545
"601";0;17;"Northbound 56 St @ 16 Ave";49.031824;-123.068526
"601";0;18;"South Delta Exchange @ Bay 1";49.035721;-123.06846
"601";0;19;"Southbound Hwy 17 @ 56 St";49.042356;-123.070227
"601";0;20;"Northbound 52 St @ Hwy 17";49.038408;-123.079603
"601";0;21;"Northbound 52 St @ Canoe Pass Way";49.041832;-123.079659
"601";0;22;"Northbound 53 St @ 28 Ave";49.054705;-123.076853
"601";0;23;"Northbound 53 St @ 3000 Block";49.05737;-123.076889
"601";0;24;"Northbound Arthur Dr @ 34B Ave";49.065652;-123.077255
"601";0;25;"Northbound Arthur Dr @ 36 Ave";49.068845;-123.077607
"601";0;26;"Northbound Arthur Dr @ 3700 Block";49.070616;-123.077691
"601";0;27;"Northbound Arthur Dr @ 3800 Block";49.072966;-123.078453
"601";0;28;"Northbound Arthur Dr @ 3900 Block";49.075079;-123.078997
"601";0;29;"Northbound Arthur Dr @ Whitworth Cres";49.0802;-123.078531
"601";0;30;"Northbound Arthur Dr @ 4400 Block";49.083773;-123.078237
"601";0;31;"Northbound Arthur Dr @ 45 Ave";49.085529;-123.079104
"601";0;32;"Northbound Arthur Dr @ 47 Ave";49.088898;-123.080522
"601";0;33;"Northbound Arthur Dr @ Ladner Trunk Rd";49.089768;-123.081626
"601";0;34;"Eastbound Ladner Trunk Rd @ Central Ave";49.090143;-123.079775
"601";0;35;"Eastbound Ladner Trunk Rd @ 53 St";49.090133;-123.075491
"601";0;36;"Eastbound Ladner Trunk Rd @ Linden Dr";49.090132;-123.071193
"601";0;37;"Eastbound Ladner Trunk Rd @ 55B St";49.090125;-123.068162
"601";0;38;"Southbound Harvest Dr @ Ladner Trunk Rd";49.08931;-123.063128
"601";0;39;"Ladner Exchange @ Bay 5";49.087604;-123.062236
"601";0;40;"Northbound Harvest Dr @ Ladner Trunk Rd";49.089714;-123.062836
"601";0;41;"Northbound Hwy 17A @ Hwy 10";49.09125;-123.056781
"601";0;42;"Northbound Hwy 99 Offramp @ Steveston Hwy";49.133056;-123.084336
"601";0;43;"Bridgeport Station @ Bay 1 Unloading Only";49.195515;-123.125911
"601";1;1;"Southbound Hwy 99 Onramp @ Steveston Hwy";49.13283;-123.08712
"601";1;2;"Southbound Hwy 17A @ Ladner Trunk Rd";49.089004;-123.05722
"601";1;3;"Southbound 56 St @ Hwy 17";49.041666;-123.068856
"601";1;4;"South Delta Exchange @ Bay 2";49.035889;-123.068854
"601";1;5;"Southbound 56 St @ 16 Ave";49.031644;-123.068813
"601";1;6;"Southbound 56 St @ 14B Ave";49.029047;-123.068817
"601";1;7;"Southbound 56 St @ View Cres";49.027073;-123.068813
"601";1;8;"Westbound 12 Ave @ 56 St";49.024776;-123.069192
"601";1;9;"Westbound 12 Ave @ 55 St";49.024757;-123.072576
"601";1;10;"Southbound 53A St @ 11A Ave";49.024201;-123.075554
"601";1;11;"Southbound 53A St @ 10 Ave";49.021643;-123.075424
"601";1;12;"Southbound 53A St @ 9th Ave";49.019409;-123.075574
"601";1;13;"Westbound 8A Ave @ 53A St";49.018131;-123.077247
"601";1;14;"Southbound 52 St @ 8A Ave";49.017705;-123.079701
"601";1;15;"Southbound 52 St @ Dennison Dr";49.015541;-123.079746
"601";1;16;"Southbound 52 St @ 6th Ave";49.013767;-123.079803
"601";1;17;"Southbound Milsom Wynd @ 6th Ave";49.013216;-123.085525
"601";1;18;"Southbound Milsom Wynd @ Kerry Dr";49.01117;-123.084737
"601";1;19;"Eastbound Milsom Wynd @ Galway Dr";49.010075;-123.082037
"601";1;20;"Eastbound 4th Ave @ 52A St";49.010018;-123.077947
"601";1;21;"Southbound 54 St @ 4th Ave";49.009439;-123.074183
"601";1;22;"Southbound 54 St @ 2nd Ave";49.006584;-123.074177
"601";1;23;"Westbound 2nd Ave @ 52A St";49.006407;-123.078064
"602";0;1;"Westbound 2nd Ave @ 52A St";49.006407;-123.078064
"602";0;2;"Northbound 52A St @ 3rd Ave";49.008184;-123.07832
"602";0;3;"Westbound Milsom Wynd @ 52 St";49.010125;-123.08019
"602";0;4;"Westbound Milsom Wynd @ Galway Dr";49.01037;-123.083029
"602";0;5;"Northbound Milsom Wynd @ 5th Ave";49.012323;-123.085314
"602";0;6;"Eastbound 6th Ave @ Milsom Wynd";49.013507;-123.08475
"602";0;7;"Northbound 52 St @ 6th Ave";49.013958;-123.079614
"602";0;8;"Northbound 52 St @ 7A Ave";49.016476;-123.079556
"602";0;9;"Eastbound 8A Ave @ 52A St";49.018007;-123.078299
"602";0;10;"Northbound 53A St @ 9th Ave";49.020253;-123.075228
"602";0;11;"Northbound 53A St @ 10A Ave";49.022985;-123.075276
"602";0;12;"Eastbound 12 Ave @ 53A St";49.024618;-123.074578
"602";0;13;"Eastbound 12 Ave @ 5500 Block";49.024597;-123.070243
"602";0;14;"Northbound 56 St @ 12 Ave";49.025425;-123.068534
"602";0;15;"Northbound 56 St @ View Cres South";49.027834;-123.06853
"602";0;16;"Northbound 56 St @ View Cres North";49.030001;-123.068545
"602";0;17;"Northbound 56 St @ 16 Ave";49.031824;-123.068526
"602";0;18;"South Delta Exchange @ Bay 1";49.035721;-123.06846
"602";0;19;"Northbound Hwy 17 @ 56 St";49.043583;-123.066764
"602";0;20;"Northbound Hwy 17A @ Hwy 10";49.09125;-123.056781
"602";0;21;"Northbound Hwy 99 Offramp @ Steveston Hwy";49.133056;-123.084336
"602";0;22;"Bridgeport Station @ Bay 1 Unloading Only";49.195515;-123.125911
"602";1;1;"Bridgeport Station @ Bay 8";49.195144;-123.127071
"602";1;2;"Southbound Hwy 99 Onramp @ Steveston Hwy";49.13283;-123.08712
"602";1;3;"Southbound Hwy 17A @ Ladner Trunk Rd";49.089004;-123.05722
"602";1;4;"Southbound 56 St @ Hwy 17";49.041666;-123.068856
"602";1;5;"South Delta Exchange @ Bay 2";49.035889;-123.068854
"602";1;6;"Southbound 56 St @ 16 Ave";49.031644;-123.068813
"602";1;7;"Southbound 56 St @ 14B Ave";49.029047;-123.068817
"602";1;8;"Southbound 56 St @ View Cres";49.027073;-123.068813
"602";1;9;"Westbound 12 Ave @ 56 St";49.024776;-123.069192
"602";1;10;"Westbound 12 Ave @ 55 St";49.024757;-123.072576
"602";1;11;"Southbound 53A St @ 11A Ave";49.024201;-123.075554
"602";1;12;"Southbound 53A St @ 10 Ave";49.021643;-123.075424
"602";1;13;"Southbound 53A St @ 9th Ave";49.019409;-123.075574
"602";1;14;"Westbound 8A Ave @ 53A St";49.018131;-123.077247
"602";1;15;"Southbound 52 St @ 8A Ave";49.017705;-123.079701
"602";1;16;"Southbound 52 St @ Dennison Dr";49.015541;-123.079746
"602";1;17;"Southbound 52 St @ 6th Ave";49.013767;-123.079803
"602";1;18;"Southbound Milsom Wynd @ 6th Ave";49.013216;-123.085525
"602";1;19;"Southbound Milsom Wynd @ Kerry Dr";49.01117;-123.084737
"602";1;20;"Eastbound Milsom Wynd @ Galway Dr";49.010075;-123.082037
"602";1;21;"Eastbound 4th Ave @ 52A St";49.010018;-123.077947
"602";1;22;"Southbound 54 St @ 4th Ave";49.009439;-123.074183
"602";1;23;"Southbound 54 St @ 2nd Ave";49.006584;-123.074177
"602";1;24;"Westbound 2nd Ave @ 52A St";49.006407;-123.078064
"603";0;1;"Westbound 1st Ave @ 49 St";49.004521;-123.088265
"603";0;2;"Northbound English Bluff Rd @ 2nd Ave";49.006801;-123.089404
"603";0;3;"Northbound English Bluff Rd @ 4th Ave";49.009916;-123.089763
"603";0;4;"Northbound English Bluff Rd @ 5th Ave";49.012208;-123.090876
"603";0;5;"Northbound English Bluff Rd @ 7A Ave";49.016574;-123.091452
"603";0;6;"Northbound English Bluff Rd @ Gale Dr";49.019336;-123.0907
"603";0;7;"Northbound English Bluff Rd @ 1000 Block";49.021886;-123.09076
"603";0;8;"Eastbound 12 Ave @ English Bluff Rd";49.024643;-123.089938
"603";0;9;"Eastbound 12 Ave @ Cliff Dr";49.024635;-123.085062
"603";0;10;"Eastbound 12 Ave @ 52 St";49.024625;-123.079113
"603";0;11;"Eastbound 12 Ave @ 53A St";49.024618;-123.074578
"603";0;12;"Eastbound 12 Ave @ 5500 Block";49.024597;-123.070243
"603";0;13;"Eastbound 12 Ave @ 56 St";49.024603;-123.067594
"603";0;14;"Eastbound 12 Ave @ Jackson Way";49.024569;-123.062579
"603";0;15;"Eastbound 12 Ave @ Morris Cres";49.024544;-123.060437
"603";0;16;"Northbound Beach Grove Rd @ 12 Ave";49.025109;-123.058317
"603";0;17;"Northbound Beach Grove Rd @ Whitcomb Place";49.028121;-123.057296
"603";0;18;"Northbound Beach Grove Rd @ Grove Cres";49.030302;-123.056005
"603";0;19;"Westbound 16 Ave @ Beach Grove Rd";49.031977;-123.055959
"603";0;20;"Westbound 16 Ave @ Braid Rd";49.032002;-123.058999
"603";0;21;"Westbound 16 Ave @ Farrell Ave";49.032036;-123.062671
"603";0;22;"Westbound 16 Ave @ 57 St";49.032062;-123.06627
"603";0;23;"South Delta Exchange @ Bay 2";49.035889;-123.068854
"603";1;1;"South Delta Exchange @ Bay 2";49.035889;-123.068854
"603";1;2;"Southbound 56 St @ 16 Ave";49.031644;-123.068813
"603";1;3;"Southbound 56 St @ 14B Ave";49.029047;-123.068817
"603";1;4;"Southbound 56 St @ View Cres";49.027073;-123.068813
"603";1;5;"Southbound 56 St @ 12 Ave";49.023942;-123.068813
"603";1;6;"Southbound 56 St @ 10 Ave";49.020798;-123.068822
"603";1;7;"Southbound 56 St @ 8A Ave";49.017758;-123.068751
"603";1;8;"Southbound 56 St @ 6th Ave";49.013389;-123.068742
"603";1;9;"Southbound 56 St @ 4th Ave";49.009424;-123.068746
"603";1;10;"Southbound 56 St @ Morningside Dr";49.006942;-123.068801
"603";1;11;"Westbound 1st Ave @ 56 St";49.004521;-123.069316
"603";1;12;"Westbound 1st Ave @ 5400 Block";49.004516;-123.073943
"603";1;13;"Westbound 1st Ave @ 53 St";49.004513;-123.077367
"603";1;14;"Westbound 1st Ave @ Deerfield Dr";49.004513;-123.080816
"603";1;15;"Westbound 1st Ave @ 50 St";49.004522;-123.084713
"603";1;16;"Westbound 1st Ave @ 49 St";49.004521;-123.088265
"604";0;1;"Eastbound 1st Ave @ English Bluff Rd";49.004415;-123.088671
"604";0;2;"Eastbound 1st Ave @ 50 St";49.004398;-123.084302
"604";0;3;"Eastbound 1st Ave @ Deerfield Dr";49.004404;-123.079975
"604";0;4;"Eastbound 1st Ave @ 53A St";49.004406;-123.074945
"604";0;5;"Eastbound 1st Ave @ Diefenbaker Wynd";49.004383;-123.072614
"604";0;6;"Eastbound 1st Ave @ 55A St";49.004384;-123.069722
"604";0;7;"Northbound 56 St @ 100 Block";49.005944;-123.06855
"604";0;8;"Northbound 56 St @ 4th Ave";49.010406;-123.068551
"604";0;9;"Northbound 56 St @ 6th Ave";49.014131;-123.068461
"604";0;10;"Northbound 56 St @ 8A Ave";49.018226;-123.068532
"604";0;11;"Northbound 56 St @ 10 Ave";49.021317;-123.068528
"604";0;12;"Northbound 56 St @ 12 Ave";49.025425;-123.068534
"604";0;13;"Northbound 56 St @ View Cres South";49.027834;-123.06853
"604";0;14;"Northbound 56 St @ View Cres North";49.030001;-123.068545
"604";0;15;"Northbound 56 St @ 16 Ave";49.031824;-123.068526
"604";0;16;"South Delta Exchange @ Bay 1";49.035721;-123.06846
"604";1;1;"South Delta Exchange @ Bay 2";49.035889;-123.068854
"604";1;2;"Eastbound 16 Ave @ 56 St";49.031938;-123.068103
"604";1;3;"Eastbound 16 Ave @ Gillespie Rd";49.031916;-123.063176
"604";1;4;"Eastbound 16 Ave @ Farrell Cres";49.031915;-123.059812
"604";1;5;"Eastbound 16 Ave @ Enderby Ave";49.031883;-123.057306
"604";1;6;"Southbound Beach Grove Rd @ 16 Ave";49.031404;-123.055682
"604";1;7;"Southbound Beach Grove Rd @ Kirkwood Rd";49.029029;-123.056908
"604";1;8;"Southbound Beach Grove Rd @ Morris Cres";49.026234;-123.058261
"604";1;9;"Westbound 12 Ave @ Morris Cres";49.024682;-123.060465
"604";1;10;"Westbound 12 Ave @ Jackson Way";49.024722;-123.063407
"604";1;11;"Westbound 12 Ave @ Hunter Rd";49.024746;-123.066977
"604";1;12;"Westbound 12 Ave @ 56 St";49.024776;-123.069192
"604";1;13;"Westbound 12 Ave @ 55 St";49.024757;-123.072576
"604";1;14;"Westbound 12 Ave @ 53A St";49.024758;-123.075926
"604";1;15;"Westbound 12 Ave @ 52 St";49.024754;-123.080692
"604";1;16;"Westbound 12 Ave @ Cliff Dr";49.024766;-123.086173
"604";1;17;"Westbound 12 Ave @ Bayview Dr";49.024768;-123.089798
"604";1;18;"Southbound English Bluff Rd @ 1000 Block";49.022052;-123.09092
"604";1;19;"Southbound English Bluff Rd @ Wesley Dr";49.019018;-123.090911
"604";1;20;"Southbound English Bluff Rd @ Glenwood Dr";49.01615;-123.092084
"604";1;21;"Southbound English Bluff Rd @ 6th Ave";49.012939;-123.091517
"604";1;22;"Southbound English Bluff Rd @ 4th Ave";49.009289;-123.089911
"604";1;23;"Southbound English Bluff Rd @ 2nd Ave";49.006714;-123.089608
"604";1;24;"Eastbound 1st Ave @ English Bluff Rd";49.004415;-123.088671
"606";0;1;"Northbound 46A St @ River Rd West";49.088518;-123.094879
"606";0;2;"Eastbound River Rd @ 47A St";49.089203;-123.090957
"606";0;3;"Eastbound 47A Ave @ 48B St";49.089191;-123.088306
"606";0;4;"Northbound Central Ave @ Ladner Trunk Rd";49.090565;-123.080893
"606";0;5;"Northbound Central Ave @ 4900 Block";49.092079;-123.079682
"606";0;6;"Westbound Linden Dr @ Fenton Dr";49.095377;-123.077599
"606";0;7;"Northbound Ferry Rd @ Westminster Ave";49.097392;-123.078598
"606";0;8;"Northbound Ferry Rd @ Schooner Gate";49.101527;-123.07962
"606";0;9;"Northbound Ferry Rd @ Brigantine Rd";49.10349;-123.07933
"606";0;10;"Eastbound Commodore Dr @ Ferry Rd";49.105664;-123.078601
"606";0;11;"Southbound Admiral Blvd @ Commodore Dr";49.105854;-123.074317
"606";0;12;"Southbound Admiral Blvd @ Regatta Way";49.104536;-123.073092
"606";0;13;"Southbound Westminster Ave @ Chamberlayne Ave";49.102311;-123.072352
"606";0;14;"Eastbound Crescent Dr @ Wellburn Dr";49.100685;-123.070365
"606";0;15;"Eastbound Crescent Dr @ Dowler Rd";49.099284;-123.068371
"606";0;16;"Southbound 57 St @ Crescent Dr";49.097343;-123.065274
"606";0;17;"Southbound 57 St @ Grove Ave";49.094738;-123.065298
"606";0;18;"Southbound 57 St @ 49B Ave";49.092668;-123.065351
"606";0;19;"Southbound Harvest Dr @ Ladner Trunk Rd";49.08931;-123.063128
"606";0;20;"Eastbound Clarence Taylor Cres @ Harvest Dr";49.087928;-123.060783
"606";0;21;"Southbound Clarence Taylor Cres @ 4600 Block";49.085793;-123.059711
"606";0;22;"Westbound Mountain View Blvd @ Clarence Taylor Cres";49.084783;-123.060175
"606";0;23;"Northbound Harvest Dr @ Mountain View Blvd";49.085874;-123.063921
"606";0;24;"Ladner Exchange @ Bay 7";49.08759;-123.062747
"606";1;1;"Ladner Exchange @ Bay 7";49.08759;-123.062747
"606";1;2;"Southbound Harvest Dr @ 4500 Block";49.085866;-123.064198
"606";1;3;"Westbound Harvest Dr @ 57 St";49.084363;-123.065208
"606";1;4;"Westbound 44 Ave @ Hutcherson Lane";49.083359;-123.070116
"606";1;5;"Westbound 44 Ave @ 5400 Block";49.083373;-123.07223
"606";1;6;"Westbound 44 Ave @ Maple Lane";49.083116;-123.075681
"606";1;7;"Northbound Arthur Dr @ 4400 Block";49.083773;-123.078237
"606";1;8;"Westbound 45 Ave @ Arthur Dr";49.08518;-123.079882
"606";1;9;"Westbound 45 Ave @ 51 St";49.085201;-123.083005
"606";1;10;"Westbound 45 Ave @ Garry St";49.085222;-123.086835
"606";1;11;"Westbound 45 Ave @ 47A St";49.08522;-123.090641
"606";1;12;"Westbound 45 Ave @ 46B St";49.085248;-123.094436
"606";1;13;"Northbound 46A St @ River Rd West";49.088518;-123.094879
"608";0;1;"Southbound 46A St @ River Rd West";49.088565;-123.095068
"608";0;2;"Eastbound 45 Ave @ 46A St";49.085147;-123.094566
"608";0;3;"Eastbound 45 Ave @ 47A St";49.085118;-123.090792
"608";0;4;"Eastbound 45 Ave @ 48B St";49.085109;-123.088289
"608";0;5;"Eastbound 45 Ave @ 51 St";49.085085;-123.083298
"608";0;6;"Southbound Arthur Dr @ 45 Ave";49.084757;-123.078934
"608";0;7;"Eastbound 44 Ave @ 52A St";49.082996;-123.076789
"608";0;8;"Eastbound 44 Ave @ 5400 Block";49.083242;-123.072044
"608";0;9;"Eastbound 44 Ave @ 55B St";49.083227;-123.069047
"608";0;10;"Eastbound Harvest Dr @ 57 St";49.084203;-123.065095
"608";0;11;"Northbound Harvest Dr @ Mountain View Blvd";49.085874;-123.063921
"608";0;12;"Ladner Exchange @ Bay 7";49.08759;-123.062747
"608";1;1;"Ladner Exchange @ Bay 7";49.08759;-123.062747
"608";1;2;"Westbound Ladner Trunk Rd @ Harvest Dr";49.090283;-123.063738
"608";1;3;"Northbound 57 St @ 48B Ave";49.091215;-123.065164
"608";1;4;"Northbound 57 St @ 49B Ave";49.093461;-123.065142
"608";1;5;"Northbound 57 St @ Grove Ave";49.095463;-123.065086
"608";1;6;"Westbound Crescent Dr @ 57 St";49.097772;-123.065586
"608";1;7;"Westbound Crescent Dr @ Dowler Rd";49.099773;-123.068804
"608";1;8;"Westbound Crescent Dr @ Wellburn Dr";49.101381;-123.071123
"608";1;9;"Northbound Westminster Ave @ Chamberlayne Ave";49.102492;-123.072176
"608";1;10;"Westbound Admiral Blvd @ Regatta Way";49.104896;-123.073217
"608";1;11;"Westbound Commodore Dr @ Admiral Blvd";49.106266;-123.074771
"608";1;12;"Westbound Commodore Dr @ Clipper Rd";49.105713;-123.077484
"608";1;13;"Southbound Ferry Rd @ Commodore Dr";49.105389;-123.079236
"608";1;14;"Southbound Ferry Rd @ Brigantine Rd";49.103419;-123.079536
"608";1;15;"Southbound Ferry Rd @ Schooner Gate";49.100818;-123.079915
"608";1;16;"Southbound Ferry Rd @ Heron Bay Close";49.097612;-123.079033
"608";1;17;"Eastbound Linden Dr @ Westminster Ave";49.095676;-123.079281
"608";1;18;"Eastbound Linden Dr @ Central Ave";49.094952;-123.076279
"608";1;19;"Southbound Central Ave @ 4900 Block";49.092652;-123.079157
"608";1;20;"Southbound Central Ave @ Ladner Trunk Rd";49.090502;-123.081074
"608";1;21;"Westbound 47A Ave @ 48B St";49.089315;-123.089102
"608";1;22;"Westbound River Rd @ Ashbury Place";49.089338;-123.093724
"608";1;23;"Southbound 46A St @ River Rd West";49.088565;-123.095068
"609";0;1;"South Delta Exchange @ Bay 3";49.03611;-123.066984
"609";0;2;"South Delta Exchange @ Bay 2";49.035889;-123.068854
"609";0;3;"Southbound 56 St @ 16 Ave";49.031644;-123.068813
"609";0;4;"Southbound 56 St @ 14B Ave";49.029047;-123.068817
"609";0;5;"Southbound 56 St @ View Cres";49.027073;-123.068813
"609";0;6;"Westbound 12 Ave @ 56 St";49.024776;-123.069192
"609";0;7;"Westbound 12 Ave @ 55 St";49.024757;-123.072576
"609";0;8;"Westbound 12 Ave @ 53A St";49.024758;-123.075926
"609";0;9;"Northbound 52 St @ 12 Ave";49.025614;-123.079669
"609";0;10;"Northbound 52 St @ Saratoga Dr";49.028289;-123.079702
"609";0;11;"Northbound 52 St @ Spyglass Cres";49.032523;-123.079626
"609";0;12;"Northbound 52 St @ Hwy 17";49.038408;-123.079603
"609";0;13;"Westbound Canoe Pass Way @ 52 St";49.041495;-123.082095
"609";0;14;"Westbound Canoe Pass Way @ Mall Access Rd";49.040314;-123.087622
"609";0;15;"Southbound Salish Sea Dr @ Canoe Pass Way";49.039507;-123.090426
"609";0;16;"Westbound Blue Heron Dr @ Salish Sea Dr";49.037689;-123.091152
"609";0;17;"Westbound Blue Heron Way @ Swan Rd";49.037751;-123.09534
"609";0;18;"Northbound Tsawwassen Dr N @ 1900 Block";49.039553;-123.097914
"609";0;19;"Northbound Tsawwassen Dr N @ 2100 Block";49.042229;-123.10061
"609";0;20;"Northbound Tsawwassen Dr N @ Falcon Way";49.044463;-123.104268
"609";0;21;"Eastbound Wolf Way @ Wren Dr";49.047364;-123.104272
"609";0;22;"Northbound Dragonfly Dr @ Cormorant Dr";49.046956;-123.098823
"609";0;23;"Westbound Salish Sea Way @ Dragonfly Dr";49.052907;-123.099091
"609";0;24;"Northbound 41B St @ 28B Ave";49.055373;-123.10988
"609";0;25;"Northbound Arthur Dr @ 34B Ave";49.065652;-123.077255
"609";0;26;"Northbound Arthur Dr @ 36 Ave";49.068845;-123.077607
"609";0;27;"Northbound Arthur Dr @ 3700 Block";49.070616;-123.077691
"609";0;28;"Northbound Arthur Dr @ 3800 Block";49.072966;-123.078453
"609";0;29;"Northbound Arthur Dr @ 3900 Block";49.075079;-123.078997
"609";0;30;"Northbound Arthur Dr @ Whitworth Cres";49.0802;-123.078531
"609";0;31;"Northbound Arthur Dr @ 4400 Block";49.083773;-123.078237
"609";0;32;"Northbound Arthur Dr @ 45 Ave";49.085529;-123.079104
"609";0;33;"Northbound Arthur Dr @ 47 Ave";49.088898;-123.080522
"609";0;34;"Northbound Arthur Dr @ Ladner Trunk Rd";49.089768;-123.081626
"609";0;35;"Eastbound Ladner Trunk Rd @ Central Ave";49.090143;-123.079775
"609";0;36;"Eastbound Ladner Trunk Rd @ 53 St";49.090133;-123.075491
"609";0;37;"Eastbound Ladner Trunk Rd @ Linden Dr";49.090132;-123.071193
"609";0;38;"Eastbound Ladner Trunk Rd @ 55B St";49.090125;-123.068162
"609";0;39;"Southbound Harvest Dr @ Ladner Trunk Rd";49.08931;-123.063128
"609";0;40;"Ladner Exchange @ Bay 1";49.087654;-123.062442
"609";1;1;"Ladner Exchange @ Bay 6";49.087606;-123.062487
"609";1;2;"Westbound Ladner Trunk Rd @ Harvest Dr";49.090283;-123.063738
"609";1;3;"Westbound Ladner Trunk Rd @ 57 St";49.090287;-123.065888
"609";1;4;"Westbound Ladner Trunk Rd @ 55B St";49.090273;-123.069279
"609";1;5;"Westbound Ladner Trunk Rd @ 54A St";49.090284;-123.073044
"609";1;6;"Westbound Ladner Trunk Rd @ 53 St";49.090321;-123.076299
"609";1;7;"Westbound Ladner Trunk Rd @ 52A St";49.090357;-123.079188
"609";1;8;"Southbound Arthur Dr @ 4700 Block";49.089161;-123.081073
"609";1;9;"Southbound Arthur Dr @ 47 Ave";49.088008;-123.079924
"609";1;10;"Southbound Arthur Dr @ 45 Ave";49.084757;-123.078934
"609";1;11;"Southbound Arthur Dr @ 44 Ave";49.082584;-123.078012
"609";1;12;"Southbound Arthur Dr @ Whitworth Cres";49.079382;-123.079106
"609";1;13;"Southbound Arthur Dr @ 3800 Block";49.07374;-123.078933
"609";1;14;"Southbound Arthur Dr @ 3700 Block";49.070504;-123.077843
"609";1;15;"Southbound Arthur Dr @ 36 Ave";49.068219;-123.077732
"609";1;16;"Southbound Arthur Dr @ 34B Ave";49.06546;-123.077299
"609";1;17;"Southbound 41B St @ 28B Ave";49.05526;-123.110124
"609";1;18;"Eastbound Salish Sea Way @ Dragonfly Dr";49.052735;-123.099266
"609";1;19;"Southbound Dragonfly Dr @ Cormorant Dr";49.046914;-123.099086
"609";1;20;"Westbound Wolf Way @ Wren Dr";49.047483;-123.105647
"609";1;21;"Southbound Tsawwassen Dr N @ Falcon Way";49.044149;-123.103979
"609";1;22;"Southbound Tsawwassen Dr N @ 2100 Block";49.04222;-123.100801
"609";1;23;"Southbound Tsawwassen Dr N @ 1900 Block";49.039498;-123.098063
"609";1;24;"Eastbound Blue Heron Way @ Swan Rd";49.03764;-123.095431
"609";1;25;"Northbound Salish Sea Dr @ Blue Heron Dr";49.038251;-123.090098
"609";1;26;"Eastbound Canoe Pass Way @ Salish Sea Dr";49.04011;-123.089288
"609";1;27;"Eastbound Canoe Pass Way @ Mall Access Rd";49.040632;-123.086041
"609";1;28;"Southbound 52 St @ Canoe Pass Way";49.04061;-123.079978
"609";1;29;"Southbound 52 St @ Hwy 17";49.036783;-123.079785
"609";1;30;"Southbound 52 St @ Springs Blvd";49.031664;-123.079833
"609";1;31;"Southbound 52 St @ Cliff Dr";49.0269;-123.079855
"609";1;32;"Eastbound 12 Ave @ 52 St";49.024625;-123.079113
"609";1;33;"Eastbound 12 Ave @ 53A St";49.024618;-123.074578
"609";1;34;"Eastbound 12 Ave @ 5500 Block";49.024597;-123.070243
"609";1;35;"Northbound 56 St @ 12 Ave";49.025425;-123.068534
"609";1;36;"Northbound 56 St @ View Cres South";49.027834;-123.06853
"609";1;37;"Northbound 56 St @ View Cres North";49.030001;-123.068545
"609";1;38;"Northbound 56 St @ 16 Ave";49.031824;-123.068526
"609";1;39;"South Delta Exchange @ Bay 1";49.035721;-123.06846
"609";1;40;"South Delta Exchange @ Bay 3";49.03611;-123.066984
"614";0;1;"Westbound 1st Ave @ 49 St";49.004521;-123.088265
"614";0;2;"Northbound English Bluff Rd @ 2nd Ave";49.006801;-123.089404
"614";0;3;"Northbound English Bluff Rd @ 4th Ave";49.009916;-123.089763
"614";0;4;"Northbound English Bluff Rd @ 5th Ave";49.012208;-123.090876
"614";0;5;"Northbound English Bluff Rd @ 7A Ave";49.016574;-123.091452
"614";0;6;"Northbound English Bluff Rd @ Gale Dr";49.019336;-123.0907
"614";0;7;"Northbound English Bluff Rd @ 1000 Block";49.021886;-123.09076
"614";0;8;"Eastbound 12 Ave @ English Bluff Rd";49.024643;-123.089938
"614";0;9;"Eastbound 12 Ave @ Cliff Dr";49.024635;-123.085062
"614";0;10;"Eastbound 12 Ave @ 52 St";49.024625;-123.079113
"614";0;11;"Southbound 53A St @ 11A Ave";49.024201;-123.075554
"614";0;12;"Eastbound 10 Ave @ 54A St";49.021959;-123.072799
"614";0;13;"Eastbound 12 Ave @ 5500 Block";49.024597;-123.070243
"614";0;14;"Eastbound 12 Ave @ 56 St";49.024603;-123.067594
"614";0;15;"Eastbound 12 Ave @ Jackson Way";49.024569;-123.062579
"614";0;16;"Eastbound 12 Ave @ Morris Cres";49.024544;-123.060437
"614";0;17;"Northbound Beach Grove Rd @ 12 Ave";49.025109;-123.058317
"614";0;18;"Northbound Beach Grove Rd @ Whitcomb Place";49.028121;-123.057296
"614";0;19;"Northbound Beach Grove Rd @ Grove Cres";49.030302;-123.056005
"614";0;20;"Westbound 16 Ave @ Beach Grove Rd";49.031977;-123.055959
"614";0;21;"Westbound 16 Ave @ Braid Rd";49.032002;-123.058999
"614";0;22;"Westbound 16 Ave @ Farrell Ave";49.032036;-123.062671
"614";0;23;"Westbound 16 Ave @ 57 St";49.032062;-123.06627
"614";0;24;"South Delta Exchange @ Bay 1";49.035721;-123.06846
"614";0;25;"South Delta Exchange @ Bay 3";49.03611;-123.066984
"614";1;1;"South Delta Exchange @ Bay 3";49.03611;-123.066984
"614";1;2;"South Delta Exchange @ Bay 2";49.035889;-123.068854
"614";1;3;"Southbound 56 St @ 16 Ave";49.031644;-123.068813
"614";1;4;"Southbound 56 St @ 14B Ave";49.029047;-123.068817
"614";1;5;"Southbound 56 St @ View Cres";49.027073;-123.068813
"614";1;6;"Southbound 56 St @ 12 Ave";49.023942;-123.068813
"614";1;7;"Southbound 56 St @ 10 Ave";49.020798;-123.068822
"614";1;8;"Southbound 56 St @ 8A Ave";49.017758;-123.068751
"614";1;9;"Southbound 56 St @ 6th Ave";49.013389;-123.068742
"614";1;10;"Southbound 56 St @ 4th Ave";49.009424;-123.068746
"614";1;11;"Southbound 56 St @ Morningside Dr";49.006942;-123.068801
"614";1;12;"Westbound 1st Ave @ 56 St";49.004521;-123.069316
"614";1;13;"Westbound 1st Ave @ 5400 Block";49.004516;-123.073943
"614";1;14;"Westbound 1st Ave @ 53 St";49.004513;-123.077367
"614";1;15;"Westbound 1st Ave @ Deerfield Dr";49.004513;-123.080816
"614";1;16;"Westbound 1st Ave @ 50 St";49.004522;-123.084713
"614";1;17;"Westbound 1st Ave @ 49 St";49.004521;-123.088265
"616";0;1;"Northbound 46A St @ River Rd West";49.088518;-123.094879
"616";0;2;"Eastbound River Rd @ 47A St";49.089203;-123.090957
"616";0;3;"Eastbound 47A Ave @ 48B St";49.089191;-123.088306
"616";0;4;"Eastbound 48 Ave @ Laidlaw St";49.090072;-123.085518
"616";0;5;"Eastbound Ladner Trunk Rd @ Central Ave";49.090143;-123.079775
"616";0;6;"Eastbound Ladner Trunk Rd @ 53 St";49.090133;-123.075491
"616";0;7;"Eastbound Ladner Trunk Rd @ Linden Dr";49.090132;-123.071193
"616";0;8;"Eastbound Ladner Trunk Rd @ 55B St";49.090125;-123.068162
"616";0;9;"Southbound Harvest Dr @ Ladner Trunk Rd";49.08931;-123.063128
"616";0;10;"Eastbound Clarence Taylor Cres @ Harvest Dr";49.087928;-123.060783
"616";0;11;"Southbound Clarence Taylor Cres @ 4600 Block";49.085793;-123.059711
"616";0;12;"Westbound Mountain View Blvd @ Clarence Taylor Cres";49.084783;-123.060175
"616";0;13;"Northbound Harvest Dr @ Mountain View Blvd";49.085874;-123.063921
"616";0;14;"Ladner Exchange @ Bay 1";49.087654;-123.062442
"616";1;1;"Ladner Exchange @ Bay 7";49.08759;-123.062747
"616";1;2;"Southbound Harvest Dr @ 4500 Block";49.085866;-123.064198
"616";1;3;"Westbound Harvest Dr @ 57 St";49.084363;-123.065208
"616";1;4;"Westbound 44 Ave @ Hutcherson Lane";49.083359;-123.070116
"616";1;5;"Westbound 44 Ave @ 5400 Block";49.083373;-123.07223
"616";1;6;"Westbound 44 Ave @ Maple Lane";49.083116;-123.075681
"616";1;7;"Northbound Arthur Dr @ 4400 Block";49.083773;-123.078237
"616";1;8;"Westbound 45 Ave @ Arthur Dr";49.08518;-123.079882
"616";1;9;"Westbound 45 Ave @ 51 St";49.085201;-123.083005
"616";1;10;"Westbound 45 Ave @ Garry St";49.085222;-123.086835
"616";1;11;"Westbound 45 Ave @ 47A St";49.08522;-123.090641
"616";1;12;"Westbound 45 Ave @ 46B St";49.085248;-123.094436
"616";1;13;"Northbound 46A St @ River Rd West";49.088518;-123.094879
"618";0;1;"Ladner Exchange @ Bay 7";49.08759;-123.062747
"618";0;2;"Westbound Ladner Trunk Rd @ Harvest Dr";49.090283;-123.063738
"618";0;3;"Westbound Ladner Trunk Rd @ 57 St";49.090287;-123.065888
"618";0;4;"Westbound Ladner Trunk Rd @ 55B St";49.090273;-123.069279
"618";0;5;"Westbound Ladner Trunk Rd @ 54A St";49.090284;-123.073044
"618";0;6;"Westbound Ladner Trunk Rd @ 53 St";49.090321;-123.076299
"618";0;7;"Westbound Ladner Trunk Rd @ 52A St";49.090357;-123.079188
"618";0;8;"Northbound Central Ave @ Ladner Trunk Rd";49.090565;-123.080893
"618";0;9;"Northbound Central Ave @ 4900 Block";49.092079;-123.079682
"618";0;10;"Westbound Linden Dr @ Fenton Dr";49.095377;-123.077599
"618";0;11;"Northbound Ferry Rd @ Westminster Ave";49.097392;-123.078598
"618";0;12;"Northbound Ferry Rd @ Schooner Gate";49.101527;-123.07962
"618";0;13;"Northbound Ferry Rd @ Brigantine Rd";49.10349;-123.07933
"618";0;14;"Northbound Ferry Rd @ Commodore Dr";49.106195;-123.078934
"618";1;1;"Southbound Ferry Rd @ Commodore Dr";49.105389;-123.079236
"618";1;2;"Southbound Ferry Rd @ Brigantine Rd";49.103419;-123.079536
"618";1;3;"Southbound Ferry Rd @ Schooner Gate";49.100818;-123.079915
"618";1;4;"Southbound Ferry Rd @ Heron Bay Close";49.097612;-123.079033
"618";1;5;"Eastbound Linden Dr @ Westminster Ave";49.095676;-123.079281
"618";1;6;"Eastbound Linden Dr @ Central Ave";49.094952;-123.076279
"618";1;7;"Southbound Central Ave @ 4900 Block";49.092652;-123.079157
"618";1;8;"Southbound Central Ave @ Ladner Trunk Rd";49.090502;-123.081074
"618";1;9;"Eastbound Ladner Trunk Rd @ Central Ave";49.090143;-123.079775
"618";1;10;"Eastbound Ladner Trunk Rd @ 53 St";49.090133;-123.075491
"618";1;11;"Eastbound Ladner Trunk Rd @ Linden Dr";49.090132;-123.071193
"618";1;12;"Eastbound Ladner Trunk Rd @ 55B St";49.090125;-123.068162
"618";1;13;"Southbound Harvest Dr @ Ladner Trunk Rd";49.08931;-123.063128
"618";1;14;"Ladner Exchange @ Bay 7";49.08759;-123.062747
"619";0;1;"Westbound 1A Ave @ 67 St";49.004794;-123.039191
"619";0;2;"Northbound 66A St @ 200 Block";49.006092;-123.040006
"619";0;3;"Northbound 66A St @ 3rd Ave";49.008142;-123.039972
"619";0;4;"Westbound 3rd Ave @ 6500 Block";49.008497;-123.043129
"619";0;5;"Northbound Boundary Bay Rd @ 3rd Ave";49.009635;-123.046423
"619";0;6;"Northbound Boundary Bay Rd @ 500 Block";49.013441;-123.049132
"619";0;7;"Northbound Boundary Bay Rd @ Ironwood Place";49.01827;-123.057157
"619";0;8;"Westbound 12 Ave @ Morris Cres";49.024682;-123.060465
"619";0;9;"Westbound 12 Ave @ Jackson Way";49.024722;-123.063407
"619";0;10;"Westbound 12 Ave @ Hunter Rd";49.024746;-123.066977
"619";0;11;"Northbound 56 St @ 12 Ave";49.025425;-123.068534
"619";0;12;"Northbound 56 St @ View Cres South";49.027834;-123.06853
"619";0;13;"Northbound 56 St @ View Cres North";49.030001;-123.068545
"619";0;14;"Northbound 56 St @ 16 Ave";49.031824;-123.068526
"619";0;15;"South Delta Exchange @ Bay 1";49.035721;-123.06846
"619";0;16;"South Delta Exchange @ Bay 3";49.03611;-123.066984
"619";1;1;"South Delta Exchange @ Bay 3";49.03611;-123.066984
"619";1;2;"South Delta Exchange @ Bay 2";49.035889;-123.068854
"619";1;3;"Southbound 56 St @ 16 Ave";49.031644;-123.068813
"619";1;4;"Southbound 56 St @ 14B Ave";49.029047;-123.068817
"619";1;5;"Southbound 56 St @ View Cres";49.027073;-123.068813
"619";1;6;"Eastbound 12 Ave @ 56 St";49.024603;-123.067594
"619";1;7;"Eastbound 12 Ave @ Jackson Way";49.024569;-123.062579
"619";1;8;"Eastbound 12 Ave @ Morris Cres";49.024544;-123.060437
"619";1;9;"Southbound Boundary Bay Rd @ Ironwood Place";49.017632;-123.05686
"619";1;10;"Southbound Boundary Bay Rd @ 400 Block";49.01305;-123.04825
"619";1;11;"Eastbound 3rd Ave @ Boundary Bay Rd";49.008381;-123.045874
"619";1;12;"Eastbound 3rd Ave @ 6500 Block";49.008379;-123.042847
"619";1;13;"Eastbound 3rd Ave @ 66A St";49.008354;-123.040456
"619";1;14;"Southbound 67 St @ 3rd Ave";49.007679;-123.038995
"619";1;15;"Westbound 1A Ave @ 67 St";49.004794;-123.039191
"620";0;1;"Tsawwassen Ferry Terminal @ Bay 2";49.006806;-123.129744
"620";0;2;"Northbound Hwy 17 @ Tsawwassen Dr";49.029442;-123.096179
"620";0;3;"Northbound Hwy 17 @ 52 St";49.038038;-123.078231
"620";0;4;"Ladner Exchange @ Bay 1";49.087654;-123.062442
"620";0;5;"Northbound Hwy 99 Offramp @ Steveston Hwy";49.133056;-123.084336
"620";0;6;"Bridgeport Station @ Bay 1 Unloading Only";49.195515;-123.125911
"620";1;1;"Bridgeport Station @ Bay 12";49.195652;-123.125982
"620";1;2;"Southbound Hwy 99 Onramp @ Steveston Hwy";49.13283;-123.08712
"620";1;3;"Ladner Exchange @ Bay 2";49.087654;-123.062063
"620";1;4;"Southbound Hwy 17 @ 52 St";49.036993;-123.081354
"620";1;5;"Southbound Hwy 17 @ Tsawwassen Dr";49.028724;-123.098201
"620";1;6;"Tsawwassen Ferry Terminal @ Bay 1";49.007327;-123.130103
"640";0;1;"Northbound 62B St @ 60 Ave";49.112775;-123.050359
"640";0;2;"Northbound River Rd @ Deas Island Rd";49.126288;-123.049405
"640";0;3;"Eastbound River Rd @ 6400 Block";49.131467;-123.044426
"640";0;4;"Eastbound River Rd @ 68 St";49.135001;-123.034978
"640";0;5;"Eastbound River Rd @ 72 St";49.137172;-123.024713
"640";0;6;"Eastbound River Rd @ Berg Rd";49.140651;-123.011886
"640";0;7;"Eastbound River Rd @ Huston Rd";49.145417;-123.003052
"640";0;8;"Eastbound River Rd @ Webster Rd";49.149625;-122.995376
"640";0;9;"Eastbound River Rd @ Alexander Rd";49.151138;-122.990058
"640";0;10;"Eastbound River Rd @ 8600 Blk";49.152011;-122.985391
"640";0;11;"Eastbound River Rd @ 8800 Block";49.153537;-122.978407
"640";0;12;"Eastbound River Rd @ 9300 Block";49.154056;-122.964467
"640";0;13;"Eastbound River Rd @ 9500 Block";49.153116;-122.957707
"640";0;14;"Northbound Nordel Way @ Nordel Court";49.14952;-122.943221
"640";0;15;"Northbound Nordel Way @ Swenson Way";49.151842;-122.943273
"640";0;16;"Eastbound River Rd @ East Mill Access Rd";49.155491;-122.942489
"640";0;17;"Eastbound River Rd @ Centre St";49.158756;-122.938051
"640";0;18;"Eastbound River Rd @ Delwood Dr";49.162667;-122.931689
"640";0;19;"Eastbound River Rd @ Brooke Rd";49.165308;-122.925916
"640";0;20;"Eastbound River Rd @ Russell Dr";49.167209;-122.916671
"640";0;21;"Eastbound River Rd @ 11000 Block";49.170144;-122.915213
"640";0;22;"Eastbound River Rd @ 92A Ave";49.17279;-122.915831
"640";0;23;"Eastbound River Rd @ Knudson Rd";49.176518;-122.913647
"640";0;24;"Eastbound River Rd @ Regal Dr";49.179002;-122.910786
"640";0;25;"Eastbound River Rd @ Millar Rd";49.18249;-122.906627
"640";0;26;"Eastbound Grace Rd @ 117 St";49.186221;-122.898602
"640";0;27;"Eastbound Grace Rd @ 10200 Block";49.188663;-122.895558
"640";0;28;"Eastbound 103A Ave @ Grace Rd";49.190547;-122.892576
"640";0;29;"Northbound Scott Rd @ 103A Ave";49.191325;-122.890078
"640";0;30;"Northbound Scott Rd @ 104 Ave";49.194373;-122.887867
"640";0;31;"Northbound Scott Rd @ Old Yale Rd";49.198278;-122.883179
"640";0;32;"Scott Road Station @ Bay 1";49.204326;-122.875671
"640";1;1;"Scott Road Station @ Bay 7";49.204192;-122.874952
"640";1;2;"Southbound Scott Rd @ Old Yale Rd";49.198469;-122.883545
"640";1;3;"Southbound Scott Rd @ Tannery Rd";49.19348;-122.889466
"640";1;4;"Westbound 103A Ave @ Scott Rd";49.190713;-122.891384
"640";1;5;"Westbound Grace Rd @ 103A Ave";49.190228;-122.893989
"640";1;6;"Westbound Grace Rd @ 10200 Block";49.188432;-122.896174
"640";1;7;"Westbound Grace Rd @ 117 St";49.185497;-122.899756
"640";1;8;"Westbound River Rd @ Millar Rd";49.182283;-122.907299
"640";1;9;"Westbound River Rd @ 92A Ave";49.171954;-122.9159
"640";1;10;"Westbound River Rd @ 11000 Block";49.169871;-122.915377
"640";1;11;"Westbound River Rd @ Russell Dr";49.16712;-122.917038
"640";1;12;"Westbound River Rd @ Brooke Rd";49.165062;-122.928011
"640";1;13;"Westbound River Rd @ Delwood Dr";49.162663;-122.93203
"640";1;14;"Westbound River Rd @ Centre St";49.157514;-122.939862
"640";1;15;"Southbound Nordel Way @ River Rd";49.153627;-122.944322
"640";1;16;"Southbound Nordel Way @ Swenson Way";49.151122;-122.943536
"640";1;17;"Southbound Nordel Way @ River Way";49.148663;-122.94348
"640";1;18;"Westbound River Rd @ Hwy 17 Offramp";49.152343;-122.952697
"640";1;19;"Westbound River Rd @ 9500 Block";49.153406;-122.959105
"640";1;20;"Westbound River Rd @ 9200 Block";49.154625;-122.966796
"640";1;21;"Westbound River Rd @ 8800 Block";49.153728;-122.97802
"640";1;22;"Westbound River Rd @ 8700 Block";49.152942;-122.982039
"640";1;23;"Westbound River Rd @ Alexander Rd";49.1507;-122.992058
"640";1;24;"Westbound River Rd @ Webster Rd";49.148999;-122.997132
"640";1;25;"Westbound River Way @ 82 St";49.145467;-122.997441
"640";1;26;"Southbound 80 St @ River Way";49.144143;-123.001707
"640";1;27;"Westbound Vantage Way @ 80 St";49.142292;-123.002916
"640";1;28;"Westbound Vantage Way @ Vantage Place";49.140843;-123.008292
"640";1;29;"Southbound 76 St @ Vantage Way";49.137827;-123.013524
"640";1;30;"Westbound Progress Way @ 76 St";49.135573;-123.014234
"640";1;31;"Westbound Progress Way @ Brown St";49.134828;-123.017251
"640";1;32;"Westbound Progress Way @ Honeyman St";49.134241;-123.019678
"640";1;33;"Westbound Progress Way @ Venture St";49.133691;-123.02195
"640";1;34;"Northbound 72 St @ Vantage Way";49.136146;-123.025006
"640";1;35;"Westbound River Rd @ Hopcott Rd";49.136705;-123.027212
"640";1;36;"Westbound River Rd @ McDonald Rd";49.135291;-123.034826
"640";1;37;"Westbound River Rd @ 6400 Block";49.132152;-123.043225
"640";1;38;"Southbound River Rd @ Deas Island Rd";49.126557;-123.04970900000001
"640";1;39;"Westbound Hwy 17A @ 60 Ave";49.111413;-123.052195
"640";1;40;"Westbound Ladner Trunk Rd @ Hwy 17A";49.090279;-123.058574
"640";1;41;"Southbound Harvest Dr @ Ladner Trunk Rd";49.08931;-123.063128
"640";1;42;"Ladner Exchange @ Bay 4";49.087605;-123.061986
"701";0;1;"Coquitlam Central Station @ Bay 6";49.27466;-122.799011
"701";0;2;"Eastbound Lougheed Hwy @ Westwood St";49.274107;-122.792389
"701";0;3;"Eastbound Lougheed Hwy @ Hastings St";49.269622;-122.781555
"701";0;4;"Eastbound Lougheed Hwy @ Shaughnessy St";49.266862;-122.775365
"701";0;5;"Eastbound Lougheed Hwy @ Oxford St";49.263215;-122.76658
"701";0;6;"Eastbound Lougheed Hwy @ Coast Meridian Rd";49.259401;-122.757446
"701";0;7;"Eastbound Lougheed Hwy @ Ottawa St";49.255522;-122.748207
"701";0;8;"Eastbound Lougheed Hwy @ Kennedy Rd";49.242957;-122.719855
"701";0;9;"Southbound Harris Rd @ McMyn Rd";49.229291;-122.689643
"701";0;10;"Southbound Harris Rd @ Davison Rd";49.227202;-122.689669
"701";0;11;"Pitt Meadows Station @ Bay 2";49.225312;-122.689688
"701";0;12;"Southbound Harris Rd @ Civic Centre";49.221301;-122.689721
"701";0;13;"Southbound Harris Rd @ 119 Ave";49.218645;-122.689704
"701";0;14;"Eastbound Hammond Rd @ Harris Rd";49.217084;-122.688891
"701";0;15;"Eastbound Hammond Rd @ Blakely Rd";49.217117;-122.682879
"701";0;16;"Eastbound Hammond Rd @ Bonson Rd";49.217148;-122.67734
"701";0;17;"Eastbound Hammond Rd @ Wildwood Cres";49.217156;-122.674538
"701";0;18;"Eastbound Hammond Rd @ Albertan St";49.21716;-122.671081
"701";0;19;"Maple Meadows Station @ Bay 3";49.216846;-122.666738
"701";0;20;"Northbound 200 St @ 119A Ave";49.219666;-122.665517
"701";0;21;"Eastbound Dewdney Trunk Rd @ 202 St";49.221343;-122.659857
"701";0;22;"Eastbound Dewdney Trunk Rd @ 203 St";49.221322;-122.654946
"701";0;23;"Eastbound Dewdney Trunk Rd @ 206 St";49.220455;-122.650072
"701";0;24;"Eastbound Dewdney Trunk Rd @ 207A St";49.220441;-122.646559
"701";0;25;"Eastbound Dewdney Trunk Rd @ 210 St";49.220464;-122.638531
"701";0;26;"Eastbound Dewdney Trunk Rd @ Laity St";49.220485;-122.631294
"701";0;27;"Eastbound Dewdney Trunk Rd @ 214 St";49.220515;-122.627494
"701";0;28;"Eastbound Dewdney Trunk Rd @ 216 St";49.220479;-122.622111
"701";0;29;"Eastbound Dewdney Trunk Rd @ Wicklow Way";49.220491;-122.617261
"701";0;30;"Eastbound Dewdney Trunk Rd @ Dover St";49.220468;-122.613497
"701";0;31;"Eastbound Dewdney Trunk Rd @ Dunbar St";49.220427;-122.609221
"701";0;32;"Eastbound Dewdney Trunk Rd @ 222 St";49.22041;-122.606473
"701";0;33;"Eastbound Dewdney Trunk Rd @ 223 St";49.220393;-122.604001
"701";0;34;"Haney Place @ Bay 6";49.2195;-122.596741
"701";0;35;"Eastbound Dewdney Trunk Rd @ 227 St";49.220362;-122.593558
"701";0;36;"Eastbound Dewdney Trunk Rd @ 228 St";49.220342;-122.589418
"701";0;37;"Eastbound Dewdney Trunk Rd @ 230 St";49.220308;-122.584151
"701";0;38;"Eastbound Dewdney Trunk Rd @ 232 St";49.220274;-122.578305
"701";0;39;"Eastbound Dewdney Trunk Rd @ 234 St";49.220295;-122.573768
"701";0;40;"Eastbound Dewdney Trunk Rd @ 236 St";49.220289;-122.567573
"701";0;41;"Eastbound Dewdney Trunk Rd @ 237A St";49.220277;-122.563473
"701";0;42;"Eastbound Dewdney Trunk Rd @ 238B St";49.220278;-122.560773
"701";0;43;"Eastbound Dewdney Trunk Rd @ 240 St";49.220254;-122.558106
"701";0;44;"Eastbound Dewdney Trunk Rd @ 243 St";49.22024;-122.54905
"701";0;45;"Eastbound Dewdney Trunk Rd @ 246 St";49.220204;-122.539955
"701";0;46;"Eastbound Dewdney Trunk Rd @ 248 St";49.2202;-122.534132
"701";0;47;"Eastbound Dewdney Trunk Rd @ 24900 Block";49.220217;-122.531689
"701";0;48;"Northbound 250 St @ Dewdney Trunk Rd";49.220653;-122.529157
"701";0;49;"Westbound Dewdney Trunk Rd @ 248 St";49.220336;-122.535885
"701";1;1;"Westbound Dewdney Trunk Rd @ 248 St";49.220336;-122.535885
"701";1;2;"Westbound Dewdney Trunk Rd @ 246 St";49.220317;-122.540672
"701";1;3;"Westbound Dewdney Trunk Rd @ 244 St";49.220346;-122.545522
"701";1;4;"Westbound Dewdney Trunk Rd @ 243 St";49.220375;-122.55105
"701";1;5;"Westbound Dewdney Trunk Rd @ 240 St";49.22044;-122.557826
"701";1;6;"Westbound Dewdney Trunk Rd @ 238B St";49.220405;-122.561893
"701";1;7;"Westbound Dewdney Trunk Rd @ 237 St";49.220422;-122.56571
"701";1;8;"Westbound Dewdney Trunk Rd @ 236 St";49.22043;-122.568707
"701";1;9;"Westbound Dewdney Trunk Rd @ 234 St";49.220431;-122.573802
"701";1;10;"Westbound Dewdney Trunk Rd @ 232 St";49.220449;-122.580236
"701";1;11;"Westbound Dewdney Trunk Rd @ 230 St";49.220475;-122.585414
"701";1;12;"Westbound Dewdney Trunk Rd @ Burnett St";49.22049;-122.588808
"701";1;13;"Westbound Dewdney Trunk Rd @ 228 St";49.220505;-122.590759
"701";1;14;"Westbound Dewdney Trunk Rd @ 227 St";49.220514;-122.594678
"701";1;15;"Haney Place @ Bay 2";49.219451;-122.59727
"701";1;16;"Westbound Dewdney Trunk Rd @ Fraser St";49.220544;-122.599936
"701";1;17;"Westbound Dewdney Trunk Rd @ 223 St";49.220551;-122.604122
"701";1;18;"Westbound Dewdney Trunk Rd @ 222 St";49.220575;-122.608115
"701";1;19;"Westbound Dewdney Trunk Rd @ Dover St";49.220617;-122.6145
"701";1;20;"Westbound Dewdney Trunk Rd @ Hall St";49.220636;-122.618915
"701";1;21;"Westbound Dewdney Trunk Rd @ 216 St";49.220656;-122.623795
"701";1;22;"Westbound Dewdney Trunk Rd @ 214 St";49.220652;-122.628562
"701";1;23;"Westbound Dewdney Trunk Rd @ Laity St";49.220628;-122.632704
"701";1;24;"Westbound Dewdney Trunk Rd @ 210 St";49.220628;-122.640416
"701";1;25;"Westbound Dewdney Trunk Rd @ 207 St";49.220592;-122.648351
"701";1;26;"Westbound Dewdney Trunk Rd @ 205 St";49.221482;-122.653783
"701";1;27;"Westbound Dewdney  Trunk Rd @ 203 St";49.221514;-122.657617
"701";1;28;"Westbound Dewdney Trunk Rd @ 201B St";49.221527;-122.662257
"701";1;29;"Southbound Maple Meadows Way @ 200 St";49.220333;-122.666916
"701";1;30;"Maple Meadows Station @ Bay 2";49.216959;-122.667051
"701";1;31;"Westbound Hammond Rd @ Springdale Dr";49.217291;-122.67295
"701";1;32;"Westbound Hammond Rd @ Greenhaven Court";49.217281;-122.675662
"701";1;33;"Westbound Hammond Rd @ Bonson Rd East";49.217267;-122.679016
"701";1;34;"Westbound Hammond Rd @ Bonson Rd West";49.217258;-122.681339
"701";1;35;"Westbound Hammond Rd @ Blakely Rd";49.217246;-122.684239
"701";1;36;"Northbound Harris Rd @ Hammond Rd";49.21761;-122.689443
"701";1;37;"Northbound Harris Rd @ 119 Ave";49.219437;-122.689445
"701";1;38;"Northbound Harris Rd @ Civic Centre";49.221141;-122.689447
"701";1;39;"Northbound Harris Rd @ Ford Rd";49.223266;-122.689429
"701";1;40;"Pitt Meadows Station @ Bay 3";49.22495;-122.689402
"701";1;41;"Northbound Harris Rd @ Davison Rd";49.226981;-122.689383
"701";1;42;"Northbound Harris Rd @ McMyn Rd";49.229012;-122.689362
"701";1;43;"Westbound Lougheed Hwy @ Harris Rd";49.231687;-122.690461
"701";1;44;"Westbound Lougheed Hwy @ Old Dewdney Trunk Rd";49.24395;-122.720621
"701";1;45;"Westbound Lougheed Hwy @ Sherling Ave";49.253669;-122.742982
"701";1;46;"Westbound Lougheed Hwy @ Ottawa St";49.256074;-122.748653
"701";1;47;"Westbound Lougheed Hwy @ Dominion Ave";49.258332;-122.753993
"701";1;48;"Westbound Lougheed Hwy @ Oxford St";49.264109;-122.767958
"701";1;49;"Westbound Lougheed Hwy @ Shaughnessy St";49.267205;-122.775406
"701";1;50;"Westbound Lougheed Hwy @ Hastings St";49.270604;-122.783366
"701";1;51;"Westbound Lougheed Hwy @ Westwood St";49.274252;-122.791893
"701";1;52;"Coquitlam Central Station @ Bay 10";49.275476;-122.798723
"719";0;1;"Eastbound Fraser Way @ Bay Mill Rd";49.202814;-122.679862
"719";0;2;"Northbound Bonson Rd @ 114B Ave";49.21106;-122.678215
"719";0;3;"Eastbound S Wildwood Cres @ 19800 Block";49.210658;-122.671642
"719";0;4;"Northbound Wildwood Cres @ Wildwood Place";49.212939;-122.670651
"719";0;5;"Westbound N Wildwood Cres @ 19800 Block";49.214735;-122.672857
"719";0;6;"Eastbound Hammond Rd @ Wildwood Cres";49.217156;-122.674538
"719";0;7;"Eastbound Hammond Rd @ Albertan St";49.21716;-122.671081
"719";0;8;"Maple Meadows Station @ Bay 5";49.216687;-122.66623
"719";0;9;"Westbound Dunn Ave @ Maple Meadows Way";49.218024;-122.668853
"719";0;10;"Northbound Mall Access Rd @ Meadowtown Centre";49.221056;-122.670767
"719";0;11;"Eastbound Mall Access Rd @ Meadowtown Centre";49.220613;-122.672576
"719";1;1;"Eastbound Mall Access Rd @ Meadowtown Centre";49.220613;-122.672576
"719";1;2;"Maple Meadows Station @ Bay 1";49.217223;-122.66742
"719";1;3;"Westbound Hammond Rd @ Springdale Dr";49.217291;-122.67295
"719";1;4;"Southbound N Wildwood Cres @ Hammond Rd";49.21694;-122.675166
"719";1;5;"Southbound N Wildwood Cres @ Wildwood Place";49.214673;-122.674125
"719";1;6;"Southbound N Wildwood Cres @ 19800 Block";49.214134;-122.671672
"719";1;7;"Southbound Wildwood Cres @ 116A Ave";49.21199;-122.670819
"719";1;8;"Westbound S Wildwood Cres @ 19800 Block";49.210753;-122.672335
"719";1;9;"Westbound S Wildwood Cres @ 19600 Block";49.211523;-122.676583
"719";1;10;"Southbound Bonson Rd @ Aljumaili Ave";49.210159;-122.678408
"719";1;11;"Southbound Bonson Rd @ Bruce Dr";49.206702;-122.678412
"719";1;12;"Southbound Bonson Rd @ Hoffmann Way";49.204363;-122.678366
"719";1;13;"Eastbound Fraser Way @ Bay Mill Rd";49.202814;-122.679862
"722";0;1;"Eastbound Fraser Way @ Bay Mill Rd";49.202814;-122.679862
"722";0;2;"Northbound Bonson Rd @ 114B Ave";49.21106;-122.678215
"722";0;3;"Northbound Bonson Rd @ S Wildwood Cres";49.211844;-122.678195
"722";0;4;"Westbound 116B Ave @ Bonson Rd";49.214474;-122.678639
"722";0;5;"Westbound 116B Ave @ Blakely Rd";49.214448;-122.683394
"722";0;6;"Northbound Blakely Rd @ 117 Ave";49.21547;-122.683748
"722";0;7;"Westbound Hammond Rd @ Blakely Rd";49.217246;-122.684239
"722";0;8;"Northbound Harris Rd @ Hammond Rd";49.21761;-122.689443
"722";0;9;"Westbound 119 Ave @ 19100 Block";49.219079;-122.69135
"722";0;10;"Northbound 190A St @ 119 Ave";49.219307;-122.69349
"722";0;11;"Northbound 190A St @ 119B Ave";49.220405;-122.693665
"722";0;12;"Westbound Ford Rd @ 190A St";49.222496;-122.694363
"722";0;13;"Westbound Ford Rd @ 189B St";49.222501;-122.696219
"722";0;14;"Northbound 189A St @ Ford Rd";49.222731;-122.697676
"722";0;15;"Eastbound 122 Ave @ 189A St";49.22429;-122.697301
"722";0;16;"Eastbound 122 Ave @ 190 St";49.224298;-122.69453
"722";0;17;"Eastbound 122 Ave @ 191B St";49.224312;-122.691095
"722";0;18;"Pitt Meadows Station @ Bay 1";49.225691;-122.688711
"722";0;19;"Northbound Harris Rd @ Davison Rd";49.226981;-122.689383
"722";0;20;"Eastbound Davison Rd @ Harris Rd";49.227391;-122.688831
"722";0;21;"Eastbound Park Rd @ 193 St";49.225549;-122.686323
"722";0;22;"Eastbound Park Rd @ Mcmyn Ave";49.225554;-122.682032
"722";0;23;"Northbound Park Rd @ Somerset Dr";49.224982;-122.676923
"722";0;24;"Eastbound Mall Access Rd @ Meadowtown Centre";49.220613;-122.672576
"722";1;1;"Eastbound Mall Access Rd @ Meadowtown Centre";49.220613;-122.672576
"722";1;2;"Northbound Mall Access Rd @ Meadowtown Centre";49.221056;-122.670767
"722";1;3;"Southbound Park Rd @ Somerset Dr";49.225053;-122.677101
"722";1;4;"Westbound Park Rd @ 194B St";49.225648;-122.682619
"722";1;5;"Westbound Park Rd @ 193 St";49.225644;-122.686546
"722";1;6;"Northbound 192A St @ Davison Rd";49.227799;-122.688454
"722";1;7;"Southbound Harris Rd @ Davison Rd";49.227202;-122.689669
"722";1;8;"Pitt Meadows Station @ Bay 2";49.225312;-122.689688
"722";1;9;"Westbound 122 Ave @ 191B St";49.224405;-122.691016
"722";1;10;"Westbound 122 Ave @ 190 St";49.224398;-122.695719
"722";1;11;"Eastbound Ford Rd @ 189B St";49.222368;-122.695449
"722";1;12;"Southbound 190A St @ 119B Ave";49.220372;-122.693836
"722";1;13;"Eastbound 119 Ave @ 190A St";49.218975;-122.693046
"722";1;14;"Southbound Harris Rd @ 119 Ave";49.218645;-122.689704
"722";1;15;"Eastbound Hammond Rd @ Harris Rd";49.217084;-122.688891
"722";1;16;"Southbound Blakely Rd @ Hammond Rd";49.216944;-122.683861
"722";1;17;"Southbound Blakely Rd @ 116B Ave";49.214957;-122.68389
"722";1;18;"Eastbound 116B Ave @ 195A St";49.214371;-122.679849
"722";1;19;"Southbound Bonson Rd @ 116A Ave";49.21369;-122.678318
"722";1;20;"Southbound Bonson Rd @ Aljumaili Ave";49.210159;-122.678408
"722";1;21;"Southbound Bonson Rd @ Bruce Dr";49.206702;-122.678412
"722";1;22;"Southbound Bonson Rd @ Hoffmann Way";49.204363;-122.678366
"722";1;23;"Eastbound Fraser Way @ Bay Mill Rd";49.202814;-122.679862
"733";0;1;"Port Haney Station @ Bay 3";49.212575;-122.606432
"733";0;2;"Northbound 225 St @ Haney Bypass";49.211463;-122.598909
"733";0;3;"Northbound 225 St @ Brickwood Close";49.214071;-122.598881
"733";0;4;"Northbound 226 St @ Lougheed Hwy";49.217426;-122.596206
"733";0;5;"Haney Place @ Bay 4";49.219453;-122.596658
"733";0;6;"Eastbound Lougheed Hwy @ 227 St";49.21685;-122.593469
"733";0;7;"Northbound 228 St @ Lougheed Hwy";49.216406;-122.590234
"733";0;8;"Eastbound Dewdney Trunk Rd @ 228 St";49.220342;-122.589418
"733";0;9;"Eastbound Dewdney Trunk Rd @ 230 St";49.220308;-122.584151
"733";0;10;"Northbound 232 St @ Dewdney Trunk Rd";49.220813;-122.57914
"733";0;11;"Northbound 232 St @ 122 Ave";49.224237;-122.579091
"733";0;12;"Northbound 232 St @ 124 Ave";49.2281;-122.579069
"733";0;13;"Northbound 232 St @ 126 Ave";49.230971;-122.579147
"733";0;14;"Northbound 232 St @ 128 Ave";49.235283;-122.579248
"733";0;15;"Northbound 232 St @ Dogwood Ave";49.238113;-122.579445
"733";0;16;"Northbound 232 St @ Fern Cres";49.240725;-122.579556
"733";0;17;"Eastbound Larch Ave @ Balsam St";49.243604;-122.573038
"733";0;18;"Eastbound 133 Ave @ 236 St";49.243966;-122.567895
"733";0;19;"Eastbound 133 Ave @ Rock Ridge Dr";49.243951;-122.564882
"733";1;1;"Eastbound 133 Ave @ Rock Ridge Dr";49.243951;-122.564882
"733";1;2;"Eastbound 133 Ave @ 23800 Block";49.24398;-122.561583
"733";1;3;"Southbound 239B St @ 133 Ave";49.245241;-122.558115
"733";1;4;"Southbound 239B St @ 132 Ave";49.241975;-122.558592
"733";1;5;"Westbound 130 Ave @ 239B St";49.240176;-122.559001
"733";1;6;"Westbound Fern Cres @ 23600 Block";49.238303;-122.566661
"733";1;7;"Westbound Fern Cres @ Balsam St";49.241912;-122.573847
"733";1;8;"Southbound 232 St @ Fern Cres";49.24101;-122.579718
"733";1;9;"Southbound 232 St @ Dogwood Ave";49.237604;-122.579527
"733";1;10;"Southbound 232 St @ 128 Ave";49.234591;-122.579378
"733";1;11;"Southbound 232 St @ 126 Ave";49.230477;-122.579351
"733";1;12;"Southbound 232 St @ Abernethy Way";49.227278;-122.579326
"733";1;13;"Southbound 232 St @ 122 Ave";49.223671;-122.579319
"733";1;14;"Westbound Dewdney Trunk Rd @ 232 St";49.220449;-122.580236
"733";1;15;"Westbound Dewdney Trunk Rd @ 230 St";49.220475;-122.585414
"733";1;16;"Southbound 228 St @ Dewdney Trunk Rd";49.220113;-122.590426
"733";1;17;"Southbound 228 St @ Selkirk Ave";49.217588;-122.590458
"733";1;18;"Westbound Lougheed Hwy @ 228 St";49.216571;-122.59162
"733";1;19;"Northbound 226 St @ Lougheed Hwy";49.217426;-122.596206
"733";1;20;"Haney Place @ Bay 4";49.219453;-122.596658
"733";1;21;"Westbound Dewdney Trunk Rd @ Fraser St";49.220544;-122.599936
"733";1;22;"Westbound Dewdney Trunk Rd @ 223 St";49.220551;-122.604122
"733";1;23;"Southbound 222 St @ Dewdney Trunk Rd";49.219948;-122.607103
"733";1;24;"Southbound 222 St @ 119 Ave";49.21875;-122.607135
"733";1;25;"Southbound 222 St @ Selkirk Ave";49.217634;-122.60716
"733";1;26;"Port Haney Station @ Bay 3";49.212575;-122.606432
"741";0;1;"Haney Place @ Bay 4";49.219453;-122.596658
"741";0;2;"Northbound 227 St @ Dewdney Trunk Rd";49.220874;-122.59391
"741";0;3;"Northbound 227 St @ 121 Ave";49.22277;-122.593855
"741";0;4;"Northbound 227 St @ 122 Ave";49.225156;-122.593812
"741";0;5;"Northbound 227 St @ 124 Ave";49.228215;-122.593748
"741";0;6;"Northbound 227 St @ Balabanian Circle";49.231306;-122.593713
"741";0;7;"Northbound 227 St @ 127 Ave";49.233367;-122.593665
"741";0;8;"Eastbound 128 Ave @ 227 St";49.234953;-122.593215
"741";0;9;"Eastbound 128 Ave @ 228 St";49.234933;-122.589666
"741";0;10;"Eastbound 128 Ave @ 229 St";49.234927;-122.58661
"741";0;11;"Eastbound 128 Ave @ 230 St";49.234904;-122.584364
"741";0;12;"Northbound 232 St @ 128 Ave";49.235283;-122.579248
"741";0;13;"Northbound 232 St @ Dogwood Ave";49.238113;-122.579445
"741";0;14;"Northbound 232 St @ Fern Cres";49.240725;-122.579556
"741";0;15;"Northbound 232 St @ 132 Ave";49.244042;-122.579756
"741";0;16;"Northbound 232 St @ 136 Ave";49.249034;-122.580106
"741";0;17;"Westbound 136 Ave @ 229A St";49.249719;-122.585996
"741";0;18;"Westbound 136 Ave @ 228A St";49.249445;-122.590277
"741";0;19;"Eastbound Foreman Dr @ Haley St";49.251585;-122.588003
"741";0;20;"Eastbound Foreman Dr @ 229B St";49.254331;-122.584772
"741";0;21;"Eastbound Foreman Dr @ 232 St";49.254634;-122.581094
"741";0;22;"Northbound 232 St @ Anderson Creek Dr";49.256017;-122.580567
"741";1;1;"Northbound 232 St @ Anderson Creek Dr";49.256017;-122.580567
"741";1;2;"Southbound Silver Valley Rd @ 141 Ave";49.258601;-122.57448
"741";1;3;"Southbound Silver Valley Rd @ 13800 Block";49.254678;-122.5771
"741";1;4;"Westbound Silver Valley Rd @ 232A St";49.252226;-122.579478
"741";1;5;"Southbound 232 St @ 136 Ave";49.24898;-122.580229
"741";1;6;"Southbound 232 St @ 132 Ave";49.243925;-122.57992
"741";1;7;"Southbound 232 St @ Fern Cres";49.24101;-122.579718
"741";1;8;"Southbound 232 St @ Dogwood Ave";49.237604;-122.579527
"741";1;9;"Westbound 128 Ave @ 232 St";49.234933;-122.580262
"741";1;10;"Westbound 128 Ave @ 229 St";49.235003;-122.586367
"741";1;11;"Westbound 128 Ave @ 228 St";49.235063;-122.59075
"741";1;12;"Southbound 227 St @ 127 Ave";49.232678;-122.59391
"741";1;13;"Southbound 227 St @ Kendrick Loop";49.228416;-122.59395
"741";1;14;"Southbound 227 St @ Lee Ave";49.226436;-122.594014
"741";1;15;"Southbound 227 St @ 121 Ave";49.223206;-122.594076
"741";1;16;"Haney Place @ Bay 4";49.219453;-122.596658
"743";0;1;"Eastbound Mall Access Rd @ Meadowtown Centre";49.220613;-122.672576
"743";0;2;"Maple Meadows Station @ Bay 1";49.217223;-122.66742
"743";0;3;"Southbound West St @ Maple Meadows Station";49.216815;-122.664953
"743";0;4;"Northbound 203 St @ Hammond Rd";49.212636;-122.658437
"743";0;5;"Northbound 203 St @ Thorne Ave";49.21477;-122.658445
"743";0;6;"Northbound 203 St @ 118 Ave";49.217128;-122.658424
"743";0;7;"Northbound 203 St @ Lougheed Hwy";49.218794;-122.657711
"743";0;8;"Northbound 203 St @ Dewdney Trunk Rd";49.220674;-122.656936
"743";0;9;"Northbound 203 St @ Dewdney Trunk Rd";49.221807;-122.656516
"743";0;10;"Northbound 203 St @ Telep Ave";49.225289;-122.656688
"743";0;11;"Eastbound 123 Ave @ 203 St";49.226257;-122.656126
"743";0;12;"Eastbound 123 Ave @ 206 St";49.226234;-122.649804
"743";0;13;"Eastbound 123 Ave @ Skillen St";49.226245;-122.641981
"743";0;14;"Eastbound 123 Ave @ 210 St";49.226254;-122.63894
"743";0;15;"Eastbound 123 Ave @ 212 St";49.226269;-122.633782
"743";0;16;"Southbound Laity St @ 12200 Block";49.225729;-122.631874
"743";0;17;"Southbound Laity St @ 122 Ave";49.224048;-122.631889
"743";0;18;"Southbound Laity St @ 12100 Block";49.223199;-122.631885
"743";0;19;"Southbound Laity St @ Cook Ave";49.218665;-122.631956
"743";0;20;"Southbound Laity St @ Cutler Place";49.216218;-122.631989
"743";0;21;"Southbound Laity St @ 117 Ave";49.214859;-122.631998
"743";0;22;"Southbound Laity St @ River Rd";49.213397;-122.632011
"743";0;23;"Eastbound River Rd @ Pine St";49.213626;-122.628516
"743";0;24;"Eastbound River Rd @ Darby St";49.213796;-122.626036
"743";0;25;"Eastbound River Rd @ 216 St";49.213988;-122.622375
"743";0;26;"Eastbound River Rd @ Carr St";49.214253;-122.616422
"743";0;27;"Eastbound River Rd @ River Bend";49.213548;-122.610258
"743";0;28;"Port Haney Station @ Bay 3";49.212575;-122.606432
"743";0;29;"Northbound 227 St @ Haney Bypass";49.20963;-122.594869
"743";0;30;"Westbound 116 Ave @ 227 St";49.210612;-122.595121
"743";0;31;"Westbound 116 Ave @ 22500 Block";49.211944;-122.597568
"743";0;32;"Northbound 225 St @ Brickwood Close";49.214071;-122.598881
"743";0;33;"Westbound North Ave @ 225 St";49.216042;-122.599318
"743";0;34;"Northbound 224 St @ North Ave";49.216224;-122.601329
"743";0;35;"Northbound 224 St @ 119 Ave";49.218935;-122.601625
"743";0;36;"Haney Place @ Bay 4";49.219453;-122.596658
"743";1;1;"Haney Place @ Bay 9";49.219122;-122.596382
"743";1;2;"Southbound 225 St @ North Ave";49.215502;-122.598995
"743";1;3;"Southbound 225 St @ Brickwood Close";49.213985;-122.599013
"743";1;4;"Eastbound 116 Ave @ 22500 Block";49.21151;-122.597535
"743";1;5;"Eastbound 116 Ave @ 227 St";49.210511;-122.595127
"743";1;6;"Southbound 227 St @ Haney Bypass";49.209621;-122.595106
"743";1;7;"Port Haney Station @ Bay 1";49.212747;-122.606558
"743";1;8;"Westbound River Rd @ River Bend";49.213242;-122.608728
"743";1;9;"Westbound River Rd @ Carr St";49.214336;-122.617354
"743";1;10;"Westbound River Rd @ 216 St";49.21408;-122.622562
"743";1;11;"Westbound River Rd @ Darby St";49.213828;-122.626837
"743";1;12;"Westbound River Rd @ Pine St";49.213545;-122.629401
"743";1;13;"Westbound River Rd @ Laity St";49.213189;-122.63146
"743";1;14;"Northbound Laity St @ Ridge Meadows Hospital";49.214484;-122.631834
"743";1;15;"Northbound Laity St @ 117 Ave";49.215285;-122.631858
"743";1;16;"Northbound Laity St @ Lougheed Hwy";49.217963;-122.631811
"743";1;17;"Northbound Laity St @ Cook Ave";49.219438;-122.631799
"743";1;18;"Northbound Laity St @ 121 Ave";49.223603;-122.631776
"743";1;19;"Northbound Laity St @ 122 Ave";49.224907;-122.631757
"743";1;20;"Westbound 123 Ave @ Laity St";49.226379;-122.632152
"743";1;21;"Westbound 123 Ave @ 212 St";49.22637;-122.63563
"743";1;22;"Westbound 123 Ave @ 210 St";49.226344;-122.639859
"743";1;23;"Westbound 123 Ave @ 209 St";49.226326;-122.642204
"743";1;24;"Westbound 123 Ave @ 20600 Block";49.226362;-122.648709
"743";1;25;"Westbound 123 Ave @ 206 St";49.226338;-122.650932
"743";1;26;"Westbound 123 Ave @ 203 St";49.226367;-122.656103
"743";1;27;"Southbound 203 St @ 122 Ave";49.22474;-122.656886
"743";1;28;"Southbound 203 St @ 121 Ave";49.22324;-122.656772
"743";1;29;"Southbound 203 St @ Dewdney Trunk Rd";49.220895;-122.657041
"743";1;30;"Southbound 203 St @ Lougheed Hwy";49.218518;-122.658057
"743";1;31;"Southbound 203 St @ Stanton Ave";49.215856;-122.658682
"743";1;32;"Southbound 203 St @ Thorne Ave";49.213931;-122.658674
"743";1;33;"Westbound Hammond Rd @ 20200 Block";49.213596;-122.660143
"743";1;34;"Northbound West St @ Maple Meadows Station";49.216888;-122.664763
"743";1;35;"Maple Meadows Station @ Bay 5";49.216687;-122.66623
"743";1;36;"Westbound Dunn Ave @ Maple Meadows Way";49.218024;-122.668853
"743";1;37;"Northbound Mall Access Rd @ Meadowtown Centre";49.221056;-122.670767
"743";1;38;"Eastbound Mall Access Rd @ Meadowtown Centre";49.220613;-122.672576
"744";0;1;"Eastbound Mall Access Rd @ Meadowtown Centre";49.220613;-122.672576
"744";0;2;"Maple Meadows Station @ Bay 1";49.217223;-122.66742
"744";0;3;"Southbound West St @ Maple Meadows Station";49.216815;-122.664953
"744";0;4;"Eastbound Maple Cres @ 203 St";49.211514;-122.658192
"744";0;5;"Eastbound Maple Cres @ Westfield Ave";49.20962;-122.655615
"744";0;6;"Southbound Lorne Ave @ Eltham St";49.207373;-122.657293
"744";0;7;"Eastbound Princess St @ Ditton St";49.205109;-122.65821
"744";0;8;"Northbound Ditton St @ Maple Cres";49.206658;-122.654109
"744";0;9;"Eastbound Maple Cres @ Dartford St";49.206102;-122.649328
"744";0;10;"Northbound 207 St @ Lorne Ave";49.208972;-122.648012
"744";0;11;"Northbound 207 St @ Golf Lane";49.21056;-122.647973
"744";0;12;"Northbound 207 St @ 117 Ave";49.214072;-122.647919
"744";0;13;"Eastbound 117 Ave @ Graves St";49.214297;-122.645469
"744";0;14;"Eastbound 117 Ave @ 210 St";49.214485;-122.639142
"744";0;15;"Eastbound 117 Ave @ Riverwynd St";49.215044;-122.634562
"744";0;16;"Northbound Laity St @ 117 Ave";49.215285;-122.631858
"744";0;17;"Northbound Laity St @ Lougheed Hwy";49.217963;-122.631811
"744";0;18;"Northbound Laity St @ Cook Ave";49.219438;-122.631799
"744";0;19;"Northbound Laity St @ 121 Ave";49.223603;-122.631776
"744";0;20;"Northbound Laity St @ 122 Ave";49.224907;-122.631757
"744";0;21;"Eastbound 123 Ave @ Laity St";49.226296;-122.631401
"744";0;22;"Eastbound 123 Ave @ Creston St";49.226415;-122.627105
"744";0;23;"Northbound 216 St @ 123 Ave";49.226767;-122.622535
"744";0;24;"Eastbound 124 Ave @ 217 St";49.227784;-122.618554
"744";0;25;"Eastbound 124 Ave @ Davison St";49.227752;-122.614875
"744";0;26;"Eastbound 124 Ave @ Gray St";49.227709;-122.608435
"744";0;27;"Eastbound 124 Ave @ 223 St";49.227693;-122.604069
"744";0;28;"Southbound 224 St @ 124 Ave";49.227258;-122.601426
"744";0;29;"Southbound 224 St @ 122 Ave";49.223909;-122.601462
"744";0;30;"Eastbound Brown Ave @ 224 St";49.221507;-122.600945
"744";0;31;"Southbound Edge St @ Brown Ave";49.221082;-122.597881
"744";0;32;"Haney Place @ Bay 4";49.219453;-122.596658
"744";1;1;"Haney Place @ Bay 5";49.219508;-122.596543
"744";1;2;"Westbound Dewdney Trunk Rd @ Fraser St";49.220544;-122.599936
"744";1;3;"Northbound 224 St @ 121 Ave";49.222928;-122.601267
"744";1;4;"Northbound 224 St @ 12200 Block";49.225496;-122.601234
"744";1;5;"Westbound 124 Ave @ 224 St";49.227791;-122.602245
"744";1;6;"Westbound 124 Ave @ Gray St";49.227819;-122.609158
"744";1;7;"Westbound 124 Ave @ 219 St";49.227857;-122.614439
"744";1;8;"Westbound 124 Ave @ 217 St";49.227892;-122.618987
"744";1;9;"Southbound 216 St @ 124 Ave";49.227509;-122.62272
"744";1;10;"Westbound 123 Ave @ 216 St";49.22647;-122.623091
"744";1;11;"Westbound 123 Ave @ 214 St";49.226455;-122.629109
"744";1;12;"Southbound Laity St @ 12200 Block";49.225729;-122.631874
"744";1;13;"Southbound Laity St @ 122 Ave";49.224048;-122.631889
"744";1;14;"Southbound Laity St @ 12100 Block";49.223199;-122.631885
"744";1;15;"Southbound Laity St @ Cook Ave";49.218665;-122.631956
"744";1;16;"Southbound Laity St @ Cutler Place";49.216218;-122.631989
"744";1;17;"Westbound 117 Ave @ Laity St";49.215171;-122.632456
"744";1;18;"Westbound 117 Ave @ Fraserview St";49.215145;-122.63641
"744";1;19;"Westbound 117 Ave @ 210 St";49.21459;-122.639891
"744";1;20;"Westbound 117 Ave @ Graves St";49.214389;-122.646084
"744";1;21;"Southbound 207 St @ River Rd West";49.212763;-122.6481
"744";1;22;"Southbound 207 St @ Lorne Ave";49.208407;-122.648192
"744";1;23;"Westbound Maple Cres @ Dartford St";49.206225;-122.649411
"744";1;24;"Westbound Maple Cres @ 206 St";49.206625;-122.651575
"744";1;25;"Southbound Ditton St @ Maple Cres";49.206796;-122.654093
"744";1;26;"Southbound Ditton St @ Princess St";49.205082;-122.65786
"744";1;27;"Westbound Princess St @ Hampton St";49.205825;-122.658797
"744";1;28;"Northbound Lorne Ave @ Princess St";49.206515;-122.658932
"744";1;29;"Northbound Lorne Ave @ Eltham St";49.207567;-122.656636
"744";1;30;"Westbound Maple Cres @ Westfield Ave";49.209878;-122.655667
"744";1;31;"Westbound Maple Cres @ 115 Ave";49.210889;-122.657355
"744";1;32;"Westbound Hammond Rd @ 20200 Block";49.213596;-122.660143
"744";1;33;"Northbound West St @ Maple Meadows Station";49.216888;-122.664763
"744";1;34;"Maple Meadows Station @ Bay 5";49.216687;-122.66623
"744";1;35;"Westbound Dunn Ave @ Maple Meadows Way";49.218024;-122.668853
"744";1;36;"Northbound Mall Access Rd @ Meadowtown Centre";49.221056;-122.670767
"744";1;37;"Eastbound Mall Access Rd @ Meadowtown Centre";49.220613;-122.672576
"745";0;1;"Haney Place @ Bay 5";49.219508;-122.596543
"745";0;2;"Eastbound Lougheed Hwy @ 227 St";49.21685;-122.593469
"745";0;3;"Eastbound Lougheed Hwy @ 228 St";49.215426;-122.589702
"745";0;4;"Eastbound 116 Ave @ Lougheed Hwy";49.212845;-122.585416
"745";0;5;"Eastbound 116 Ave @ 231B St";49.213022;-122.580486
"745";0;6;"Northbound 232 St @ 118 Ave";49.217135;-122.579124
"745";0;7;"Eastbound Dewdney Trunk Rd @ 232 St";49.220274;-122.578305
"745";0;8;"Eastbound Dewdney Trunk Rd @ 234 St";49.220295;-122.573768
"745";0;9;"Eastbound Dewdney Trunk Rd @ 236 St";49.220289;-122.567573
"745";0;10;"Eastbound Dewdney Trunk Rd @ 237A St";49.220277;-122.563473
"745";0;11;"Southbound 238B St @ Dewdney Trunk Rd";49.219926;-122.56134
"745";0;12;"Southbound 238B St @ 118 Ave";49.217377;-122.561356
"745";0;13;"Southbound Creekside St @ 11600 Block";49.214596;-122.563469
"745";0;14;"Westbound 116 Ave @ 23700 Block";49.212572;-122.565458
"745";0;15;"Southbound 236 St @ 116 Ave";49.21099;-122.567925
"745";0;16;"Southbound 236 St @ 113A Ave";49.208084;-122.567966
"745";0;17;"Southbound Gilker Hill Rd @ 11100 Block";49.205302;-122.570454
"745";0;18;"Eastbound Kanaka Way @ 236 St";49.204201;-122.568459
"745";0;19;"Eastbound Kanaka Way @ Creekside St";49.204057;-122.566052
"745";0;20;"Eastbound Kanaka Way @ 238 St";49.204717;-122.562229
"745";0;21;"Southbound 240 St @ Kanaka Way";49.205265;-122.556808
"745";0;22;"Southbound 240 St @ 110 Ave";49.202082;-122.55672
"745";0;23;"Southbound 240 St @ McClure Dr";49.196694;-122.556844
"745";0;24;"Southbound 240 St @ 104 Ave";49.191681;-122.556945
"745";0;25;"Eastbound 104 Ave @ 244 St";49.191251;-122.547082
"745";0;26;"Eastbound 104 Ave @ 245 St";49.191259;-122.543079
"745";0;27;"Southbound Jackson Rd @ 104 Ave";49.190815;-122.53984
"745";0;28;"Southbound Jackson Rd @ 103 Ave";49.188967;-122.540852
"745";1;1;"Northbound Jackson Rd @ 103 Ave";49.189248;-122.540433
"745";1;2;"Westbound 104 Ave @ 245 St";49.191349;-122.542917
"745";1;3;"Westbound 104 Ave @ 244 St";49.191378;-122.548252
"745";1;4;"Westbound 104 Ave @ 240 St";49.191399;-122.555849
"745";1;5;"Northbound 240 St @ 10600 Block";49.194563;-122.55666
"745";1;6;"Northbound 240 St @ McClure Dr";49.197238;-122.556619
"745";1;7;"Northbound 240 St @ 109 Ave";49.200431;-122.556568
"745";1;8;"Westbound 112 Ave @ 240 St";49.20587;-122.557778
"745";1;9;"Westbound Kanaka Way @ 238 St";49.204757;-122.562499
"745";1;10;"Westbound Kanaka Way @ Creekside St";49.204272;-122.566817
"745";1;11;"Northbound 236 St @ 112B Ave";49.207912;-122.567799
"745";1;12;"Northbound 236 St @ 114A Ave";49.210397;-122.567851
"745";1;13;"Eastbound 116 Ave @ 236B St";49.212245;-122.565639
"745";1;14;"Northbound Creekside St @ 116 Ave";49.213434;-122.562841
"745";1;15;"Northbound 238B St @ 118 Ave";49.217623;-122.561196
"745";1;16;"Westbound Dewdney Trunk Rd @ 238B St";49.220405;-122.561893
"745";1;17;"Westbound Dewdney Trunk Rd @ 237 St";49.220422;-122.56571
"745";1;18;"Westbound Dewdney Trunk Rd @ 236 St";49.22043;-122.568707
"745";1;19;"Westbound Dewdney Trunk Rd @ 234 St";49.220431;-122.573802
"745";1;20;"Southbound 232 St @ Dewdney Trunk Rd";49.220006;-122.579336
"745";1;21;"Southbound 232 St @ 118 Ave";49.216427;-122.579348
"745";1;22;"Westbound 116 Ave @ 231B St";49.21313;-122.580605
"745";1;23;"Westbound 116 Ave @ Lougheed Hwy";49.212774;-122.585764
"745";1;24;"Westbound Lougheed Hwy @ 228 St";49.216571;-122.59162
"745";1;25;"Northbound 226 St @ Lougheed Hwy";49.217426;-122.596206
"745";1;26;"Haney Place @ Bay 10";49.219427;-122.596176
"746";0;1;"Haney Place @ Bay 10";49.219427;-122.596176
"746";0;2;"Westbound Dewdney Trunk Rd @ Fraser St";49.220544;-122.599936
"746";0;3;"Westbound Dewdney Trunk Rd @ 223 St";49.220551;-122.604122
"746";0;4;"Southbound 222 St @ Dewdney Trunk Rd";49.219948;-122.607103
"746";0;5;"Southbound 222 St @ 119 Ave";49.21875;-122.607135
"746";0;6;"Southbound 222 St @ Selkirk Ave";49.217634;-122.60716
"746";0;7;"Port Haney Station @ Bay 2";49.212318;-122.605355
"746";0;8;"Northbound 225 St @ Haney Bypass";49.211463;-122.598909
"746";0;9;"Eastbound 116 Ave @ 22500 Block";49.21151;-122.597535
"746";0;10;"Eastbound 116 Ave @ 227 St";49.210511;-122.595127
"746";0;11;"Eastbound 116 Ave @ Burnett St";49.211984;-122.589346
"746";0;12;"Southbound Lougheed Hwy @ 116 Ave";49.212039;-122.586191
"746";0;13;"Eastbound Tamarack Lane @ Lougheed Hwy";49.20116;-122.577632
"746";0;14;"Southbound Tamarack Lane @ 108B Ave";49.199935;-122.570551
"746";0;15;"Southbound Tamarack Lane @ 108 Ave";49.198696;-122.567868
"746";0;16;"Southbound Tamarack Lane @ 106 Ave";49.195829;-122.564724
"746";0;17;"Westbound 105 Ave @ 23500 Block";49.194327;-122.567506
"746";0;18;"Westbound 105 Ave @ 23400 Block";49.193509;-122.569988
"746";0;19;"Northbound 240 St @ Hill Ave";49.185166;-122.556729
"746";0;20;"Eastbound 102 Ave @ 241A St";49.187432;-122.552135
"746";0;21;"Eastbound 102 Ave @ 242B St";49.187397;-122.550454
"746";0;22;"Eastbound 102 Ave @ 244 St";49.18745;-122.545596
"746";0;23;"Northbound Jackson Rd @ 103 Ave";49.189248;-122.540433
"746";1;1;"Southbound Jackson Rd @ 103 Ave";49.188967;-122.540852
"746";1;2;"Westbound 102 Ave @ 244 St";49.187515;-122.546463
"746";1;3;"Westbound 102 Ave @ 243 St";49.187532;-122.549415
"746";1;4;"Westbound 102 Ave @ 241A St";49.187551;-122.55278
"746";1;5;"Southbound 240 St @ Hill Ave";49.184496;-122.556967
"746";1;6;"Eastbound 105 Ave @ 23400 Block";49.193459;-122.569857
"746";1;7;"Eastbound 105 Ave @ 23500 Block";49.194412;-122.566881
"746";1;8;"Northbound Tamarack Lane @ 105 Ave";49.195563;-122.564288
"746";1;9;"Northbound Tamarack Lane @ Tamarack Cres";49.197694;-122.566123
"746";1;10;"Northbound Tamarack Lane @ 108 Ave";49.198831;-122.567844
"746";1;11;"Northbound Tamarack Lane @ 108B Ave";49.200266;-122.570969
"746";1;12;"Westbound Tamarack Lane @ Lougheed Hwy";49.201243;-122.577748
"746";1;13;"Westbound 116 Ave @ Burnett St";49.212109;-122.589054
"746";1;14;"Westbound 116 Ave @ 227 St";49.210612;-122.595121
"746";1;15;"Westbound 116 Ave @ 22500 Block";49.211944;-122.597568
"746";1;16;"Southbound 225 St @ Haney Bypass";49.21141;-122.599046
"746";1;17;"Northbound 222 St @ Lougheed Hwy";49.217493;-122.606901
"746";1;18;"Northbound 222 St @ 119 Ave";49.218793;-122.606907
"746";1;19;"Eastbound Dewdney Trunk Rd @ 222 St";49.22041;-122.606473
"746";1;20;"Eastbound Dewdney Trunk Rd @ 223 St";49.220393;-122.604001
"746";1;21;"Haney Place @ Bay 10";49.219427;-122.596176
"748";0;1;"Haney Place @ Bay 9";49.219122;-122.596382
"748";0;2;"Westbound Lougheed Hwy @ 226 St";49.217181;-122.59665
"748";0;3;"Westbound Lougheed Hwy @ 224 St";49.217028;-122.601051
"748";0;4;"Port Haney Station @ Bay 2";49.212318;-122.605355
"748";0;5;"(Eastbound River Rd In 23200-Block Area) (Flag)";49.199823;-122.579134
"748";0;6;"(Eastbound River Rd In 23300-Block Area) (Flag)";49.194581;-122.575136
"748";0;7;"(Eastbound River Rd In 23400-Block Area) (Flag)";49.190249;-122.571476
"748";0;8;"Eastbound River Rd @ 236 St";49.186932;-122.567124
"748";0;9;"Eastbound River Rd @ 23900 Block";49.182805;-122.560041
"748";0;10;"Northbound 240 St @ Hill Ave";49.185166;-122.556729
"748";0;11;"Northbound 240 St @ 10600 Block";49.194563;-122.55666
"748";0;12;"Eastbound McClure Dr @ 240 St";49.196882;-122.556161
"748";0;13;"Eastbound McClure Dr @ 24100 Block";49.194721;-122.55298
"748";0;14;"Eastbound McClure Dr @ 243 St";49.194734;-122.549951
"748";0;15;"Eastbound McClure Dr @ 244 St";49.195509;-122.545859
"748";0;16;"Eastbound McClure Dr @ 245 St";49.194864;-122.543143
"748";0;17;"Eastbound McClure Dr @ 245B St";49.195262;-122.541457
"748";0;18;"Eastbound McClure Dr @ 24700 Block";49.196319;-122.539093
"748";0;19;"Southbound 248 St @ 106B Ave";49.196486;-122.534693
"748";0;20;"Southbound Jackson Rd @ 105A Ave";49.193971;-122.537497
"748";0;21;"Southbound Jackson Rd @ 104 Ave";49.190815;-122.53984
"748";0;22;"Southbound Jackson Rd @ 103 Ave";49.188967;-122.540852
"748";0;23;"(Southbound Jackson Rd In 101 Ave Area) @ 101 Ave (Flag)";49.185533;-122.539793
"748";0;24;"(Eastbound 100 Ave In 24900-Block Area) (Flag)";49.183936;-122.53176
"748";0;25;"(Eastbound 100 Ave In 25300-Block Area) (Flag)";49.183928;-122.523166
"748";0;26;"(Eastbound 100 Ave In 25500-Block Area) (Flag)";49.183889;-122.513136
"748";0;27;"(Eastbound 98 Ave In 25800-Block Area) (Flag)";49.180279;-122.507126
"748";0;28;"(Eastbound 98 Ave In 26100-Block Area) (Flag)";49.180253;-122.497519
"748";0;29;"Eastbound 98 Ave @ 264 St";49.179048;-122.490194
"748";0;30;"(Eastbound 98 Ave In 266 St Area) @ 266 St (Flag)";49.179048;-122.482883
"748";0;31;"(Westbound 100 Ave @ 268 St) (Flag)";49.184073;-122.479591
"748";1;1;"(Westbound 100 Ave @ 268 St) (Flag)";49.184073;-122.479591
"748";1;2;"(Westbound 100 Ave In 26400-Block Area) (Flag)";49.184087;-122.489391
"748";1;3;"(Westbound 100 Ave In 26100-Block Area) (Flag)";49.184071;-122.497702
"748";1;4;"(Westbound 100 Ave In 25800-Block Area) (Flag)";49.184055;-122.505702
"748";1;5;"(Westbound 100 Ave In 25500-Block Area) (Flag)";49.184056;-122.513417
"748";1;6;"(Westbound 100 Ave In 25300-Block Area) (Flag)";49.184068;-122.523163
"748";1;7;"(Westbound 100 Ave In 24900-Block Area) (Flag)";49.184105;-122.531813
"748";1;8;"Northbound Jackson Rd @ 10100 Block";49.185626;-122.53962
"748";1;9;"Northbound Jackson Rd @ 103 Ave";49.189248;-122.540433
"748";1;10;"Northbound Jackson Rd @ 105A Ave";49.193787;-122.537392
"748";1;11;"Northbound 248 St @ 106B Ave";49.196959;-122.534476
"748";1;12;"Westbound McClure Dr @ Kimola Dr";49.196525;-122.539082
"748";1;13;"Westbound McClure Dr @ 245B St";49.19535;-122.54148
"748";1;14;"Westbound McClure Dr @ 245 St";49.194828;-122.542889
"748";1;15;"Westbound McClure Dr @ 244 St";49.195365;-122.54663
"748";1;16;"Westbound McClure Dr @ 243 St";49.194833;-122.550018
"748";1;17;"Westbound McClure Dr @ 106 Ave";49.195789;-122.553666
"748";1;18;"Southbound 240 St @ McClure Dr";49.196694;-122.556844
"748";1;19;"Southbound 240 St @ 104 Ave";49.191681;-122.556945
"748";1;20;"Southbound 240 St @ Hill Ave";49.184496;-122.556967
"748";1;21;"Westbound River Rd @ 23900 Block";49.182568;-122.559304
"748";1;22;"Westbound River Rd @ 236 St";49.187095;-122.567122
"748";1;23;"(Westbound River Rd In 23400-Block Area) (Flag)";49.191261;-122.572191
"748";1;24;"(Westbound River Rd In 23200-Block Area) (Flag)";49.197352;-122.576959
"748";1;25;"Eastbound 105 Ave @ 23400 Block";49.193459;-122.569857
"748";1;26;"Eastbound 105 Ave @ 23500 Block";49.194412;-122.566881
"748";1;27;"Northbound Tamarack Lane @ 105 Ave";49.195563;-122.564288
"748";1;28;"Northbound Tamarack Lane @ Tamarack Cres";49.197694;-122.566123
"748";1;29;"Northbound Tamarack Lane @ 108 Ave";49.198831;-122.567844
"748";1;30;"Northbound Tamarack Lane @ 108B Ave";49.200266;-122.570969
"748";1;31;"Westbound Tamarack Lane @ Lougheed Hwy";49.201243;-122.577748
"748";1;32;"Northbound 227 St @ Haney Bypass";49.20963;-122.594869
"748";1;33;"Westbound 116 Ave @ 227 St";49.210612;-122.595121
"748";1;34;"Westbound 116 Ave @ 22500 Block";49.211944;-122.597568
"748";1;35;"Northbound 225 St @ Brickwood Close";49.214071;-122.598881
"748";1;36;"Westbound North Ave @ 225 St";49.216042;-122.599318
"748";1;37;"Northbound 224 St @ North Ave";49.216224;-122.601329
"748";1;38;"Northbound 224 St @ 119 Ave";49.218935;-122.601625
"748";1;39;"Haney Place @ Bay 4";49.219453;-122.596658
"749";0;1;"Haney Place @ Bay 10";49.219427;-122.596176
"749";0;2;"Eastbound Dewdney Trunk Rd @ 227 St";49.220362;-122.593558
"749";0;3;"Eastbound Dewdney Trunk Rd @ 228 St";49.220342;-122.589418
"749";0;4;"Eastbound Dewdney Trunk Rd @ 230 St";49.220308;-122.584151
"749";0;5;"Eastbound Dewdney Trunk Rd @ 232 St";49.220274;-122.578305
"749";0;6;"Eastbound Dewdney Trunk Rd @ 234 St";49.220295;-122.573768
"749";0;7;"Eastbound Dewdney Trunk Rd @ 236 St";49.220289;-122.567573
"749";0;8;"Eastbound Dewdney Trunk Rd @ 237A St";49.220277;-122.563473
"749";0;9;"Eastbound Dewdney Trunk Rd @ 238B St";49.220278;-122.560773
"749";0;10;"Eastbound Dewdney Trunk Rd @ 240 St";49.220254;-122.558106
"749";0;11;"Eastbound Dewdney Trunk Rd @ 243 St";49.22024;-122.54905
"749";0;12;"Eastbound Dewdney Trunk Rd @ 246 St";49.220204;-122.539955
"749";0;13;"Eastbound Dewdney Trunk Rd @ 248 St";49.2202;-122.534132
"749";0;14;"Eastbound Dewdney Trunk Rd @ 24900 Block";49.220217;-122.531689
"749";0;15;"Eastbound Dewdney Trunk Rd @ 256 St";49.220389;-122.513413
"749";0;16;"(Eastbound Dewdney Trunk Rd In 25900-Block Area) (Flag)";49.220301;-122.503578
"749";0;17;"Eastbound Dewdney Trunk Rd @ 26300 Block";49.220176;-122.49314
"749";0;18;"(Eastbound Dewdney Trunk Rd In 26500-Block Area) (Flag)";49.220021;-122.485877
"749";0;19;"(Eastbound Dewdney Trunk Rd In 26900-Block Area) (Flag)";49.220016;-122.475923
"749";0;20;"(Northbound McNutt Rd In 12000-Block Area) (Flag)";49.220886;-122.467428
"749";0;21;"(Northbound McNutt Rd In 12400-Block Area) (Flag)";49.227406;-122.463924
"749";0;22;"(Eastbound 128 Ave In Garibaldi St Area) @ McNutt Rd (Flag)";49.233197;-122.460666
"749";0;23;"(Southbound Along Sayers Cres) @ Arbutus Place (Flag)";49.231329;-122.455362
"749";0;24;"(Westbound Along Sayers Cres) @ Garibaldi St (Flag)";49.228786;-122.460817
"749";0;25;"(Southbound Garibaldi St In 12000-Block Area) @ 12000 Block (Flag)";49.223117;-122.460472
"749";0;26;"(Eastbound Dewdney Trunk Rd In Garibaldi St Area) (Flag)";49.219972;-122.461335
"749";0;27;"(Eastbound Dewdney Trunk Rd In 27800-Block Area) (Flag)";49.219902;-122.450854
"749";0;28;"(Eastbound Dewdney Trunk Rd In 28300-Block Area) (Flag)";49.21986;-122.436985
"749";0;29;"(Southbound 284 St In 11900-Block Area) (Flag)";49.218721;-122.432439
"749";0;30;"(Southbound 284 St In 11600-Block Area) (Flag)";49.214854;-122.435339
"749";0;31;"(Southbound 280 St In 11400-Block Area) (Flag)";49.210632;-122.439311
"749";0;32;"(Southbound 280 St In 11300-Block Area) (Flag)";49.207429;-122.441828
"749";0;33;"(Southbound 280 St In 11100-Block Area) (Flag)";49.20487;-122.442718
"749";0;34;"(Southbound 280 St In 10800-Block Area) (Flag)";49.198655;-122.44235
"749";0;35;"(Southbound 280 St In 10500-Block Area) (Flag)";49.194229;-122.444046
"749";0;36;"(Southbound 280 St In 10300-Block Area) (Flag)";49.189951;-122.446608
"749";0;37;"(Southbound 280 St In 10000-Block Area) (Flag)";49.184256;-122.446562
"749";0;38;"(Southbound 280 St In 9800-Block Area) (Flag)";49.179936;-122.444645
"749";1;1;"(Southbound 280 St In 9800-Block Area) (Flag)";49.179936;-122.444645
"749";1;2;"(Southbound 280 St In 9600-Block Area) (Flag)";49.176661;-122.443681
"749";1;3;"(Westbound Lougheed Hwy In 27500-Block Area) (Flag)";49.174357;-122.455018
"749";1;4;"(Westbound Lougheed Hwy In 27300-Block Area) (Flag)";49.174256;-122.46567
"749";1;5;"(Eastbound River Rd @  22927 Block) (Flag)";49.173425;-122.476041
"749";1;6;"(Northbound River Rd In 27100-Block Area) @ 27100 Block (Flag)";49.175975;-122.469494
"749";1;7;"(Northbound 272 St In 9800-Block Area) (Flag)";49.180839;-122.468421
"749";1;8;"(Northbound 272 St In 10000-Block Area) (Flag)";49.184502;-122.468395
"749";1;9;"(Northbound 272 St In 10300-Block Area) (Flag)";49.190443;-122.468415
"749";1;10;"(Northbound 272 St In 10500-Block Area) (Flag)";49.194088;-122.468388
"749";1;11;"(Northbound 272 St In 10800-Block Area) (Flag)";49.198407;-122.468346
"749";1;12;"(Northbound 272 St In 11000-Block Area) (Flag)";49.203063;-122.468357
"749";1;13;"(Northbound 272 St In 11300-Block Area) (Flag)";49.207756;-122.468354
"749";1;14;"(Northbound 272 St In 11500-Block Area) (Flag)";49.212003;-122.468339
"749";1;15;"(Northbound 272 St In 11700-Block Area) (Flag)";49.215502;-122.46291
"749";1;16;"(Northbound 272 St In 11900-Block Area) (Flag)";49.218794;-122.458483
"749";1;17;"(Westbound Dewdney Trunk Rd In Garibaldi St Area) (Flag)";49.220087;-122.461347
"749";1;18;"(Westbound Dewdney Trunk Rd In 26900-Block Area) (Flag)";49.220182;-122.477466
"749";1;19;"(Westbound Dewdney Trunk Rd In 26400-Block Area) (Flag)";49.220209;-122.489886
"749";1;20;"Westbound Dewdney Trunk Rd @ 26300 Block";49.220304;-122.4932
"749";1;21;"(Westbound Dewdney Trunk Rd In 26000-Block Area) (Flag)";49.220444;-122.501411
"749";1;22;"Westbound Dewdney Trunk Rd @ 256 St";49.22051;-122.514111
"749";1;23;"Westbound Dewdney Trunk Rd @ 252 St";49.22043;-122.524013
"749";1;24;"Westbound Dewdney Trunk Rd @ 250 St";49.220362;-122.529603
"749";1;25;"Westbound Dewdney Trunk Rd @ 248 St";49.220336;-122.535885
"749";1;26;"Westbound Dewdney Trunk Rd @ 246 St";49.220317;-122.540672
"749";1;27;"Westbound Dewdney Trunk Rd @ 244 St";49.220346;-122.545522
"749";1;28;"Westbound Dewdney Trunk Rd @ 243 St";49.220375;-122.55105
"749";1;29;"Westbound Dewdney Trunk Rd @ 240 St";49.22044;-122.557826
"749";1;30;"Westbound Dewdney Trunk Rd @ 238B St";49.220405;-122.561893
"749";1;31;"Westbound Dewdney Trunk Rd @ 237 St";49.220422;-122.56571
"749";1;32;"Westbound Dewdney Trunk Rd @ 236 St";49.22043;-122.568707
"749";1;33;"Westbound Dewdney Trunk Rd @ 234 St";49.220431;-122.573802
"749";1;34;"Westbound Dewdney Trunk Rd @ 232 St";49.220449;-122.580236
"749";1;35;"Westbound Dewdney Trunk Rd @ 230 St";49.220475;-122.585414
"749";1;36;"Westbound Dewdney Trunk Rd @ Burnett St";49.22049;-122.588808
"749";1;37;"Westbound Dewdney Trunk Rd @ 228 St";49.220505;-122.590759
"749";1;38;"Haney Place @ Bay 10";49.219427;-122.596176
"791";0;1;"Braid Station @ Bay 4";49.233381;-122.882642
"791";0;2;"Eastbound Brunette Ave @ Bernatchey St";49.23556;-122.875056
"791";0;3;"Eastbound Brunette Ave @ Blue Mountain St";49.236125;-122.873272
"791";0;4;"Eastbound Lougheed Hwy @ Woolridge St";49.235584;-122.867597
"791";0;5;"Eastbound Lougheed Hwy @ Woolridge Connector";49.234857;-122.864253
"791";0;6;"Eastbound United Blvd @ Clipper St";49.229195;-122.851917
"791";0;7;"Eastbound United Blvd @ Brigantine Dr";49.22879;-122.847955
"791";0;8;"Eastbound United Blvd @ Schooner St";49.227932;-122.839097
"791";0;9;"Eastbound United Blvd @ Fawcett";49.228759;-122.835425
"791";0;10;"Eastbound United Blvd @ Leeder St";49.227385;-122.829442
"791";0;11;"Eastbound United Blvd @ Burbidge St";49.226312;-122.824684
"791";0;12;"Southbound Broadway St @ Mary Hill Bypass";49.239875;-122.760842
"791";0;13;"Westbound Kingsway Ave @ Mary Hill Bypass";49.246057;-122.746634
"791";0;14;"Eastbound Lougheed Hwy @ Kennedy Rd";49.242957;-122.719855
"791";0;15;"Southbound Harris Rd @ McMyn Rd";49.229291;-122.689643
"791";0;16;"Southbound Harris Rd @ Davison Rd";49.227202;-122.689669
"791";0;17;"Pitt Meadows Station @ Bay 2";49.225312;-122.689688
"791";0;18;"Southbound Harris Rd @ Civic Centre";49.221301;-122.689721
"791";0;19;"Southbound Harris Rd @ 119 Ave";49.218645;-122.689704
"791";0;20;"Eastbound Hammond Rd @ Harris Rd";49.217084;-122.688891
"791";0;21;"Eastbound Hammond Rd @ Blakely Rd";49.217117;-122.682879
"791";0;22;"Eastbound Hammond Rd @ Bonson Rd";49.217148;-122.67734
"791";0;23;"Eastbound Hammond Rd @ Wildwood Cres";49.217156;-122.674538
"791";0;24;"Eastbound Hammond Rd @ Albertan St";49.21716;-122.671081
"791";0;25;"Maple Meadows Station @ Bay 3";49.216846;-122.666738
"791";0;26;"Northbound 200 St @ 119A Ave";49.219666;-122.665517
"791";0;27;"Eastbound Dewdney Trunk Rd @ 202 St";49.221343;-122.659857
"791";0;28;"Eastbound Dewdney Trunk Rd @ 203 St";49.221322;-122.654946
"791";0;29;"Eastbound Dewdney Trunk Rd @ 206 St";49.220455;-122.650072
"791";0;30;"Eastbound Dewdney Trunk Rd @ 207A St";49.220441;-122.646559
"791";0;31;"Eastbound Dewdney Trunk Rd @ 210 St";49.220464;-122.638531
"791";0;32;"Eastbound Dewdney Trunk Rd @ Laity St";49.220485;-122.631294
"791";0;33;"Eastbound Dewdney Trunk Rd @ 214 St";49.220515;-122.627494
"791";0;34;"Eastbound Dewdney Trunk Rd @ 216 St";49.220479;-122.622111
"791";0;35;"Eastbound Dewdney Trunk Rd @ Wicklow Way";49.220491;-122.617261
"791";0;36;"Eastbound Dewdney Trunk Rd @ Dover St";49.220468;-122.613497
"791";0;37;"Eastbound Dewdney Trunk Rd @ Dunbar St";49.220427;-122.609221
"791";0;38;"Eastbound Dewdney Trunk Rd @ 222 St";49.22041;-122.606473
"791";0;39;"Eastbound Dewdney Trunk Rd @ 223 St";49.220393;-122.604001
"791";0;40;"Haney Place @ Bay 7";49.219505;-122.597034
"791";1;1;"Haney Place @ Bay 3";49.21945;-122.596908
"791";1;2;"Westbound Dewdney Trunk Rd @ Fraser St";49.220544;-122.599936
"791";1;3;"Westbound Dewdney Trunk Rd @ 223 St";49.220551;-122.604122
"791";1;4;"Westbound Dewdney Trunk Rd @ 222 St";49.220575;-122.608115
"791";1;5;"Westbound Dewdney Trunk Rd @ Dover St";49.220617;-122.6145
"791";1;6;"Westbound Dewdney Trunk Rd @ Hall St";49.220636;-122.618915
"791";1;7;"Westbound Dewdney Trunk Rd @ 216 St";49.220656;-122.623795
"791";1;8;"Westbound Dewdney Trunk Rd @ 214 St";49.220652;-122.628562
"791";1;9;"Westbound Dewdney Trunk Rd @ Laity St";49.220628;-122.632704
"791";1;10;"Westbound Dewdney Trunk Rd @ 210 St";49.220628;-122.640416
"791";1;11;"Westbound Dewdney Trunk Rd @ 207 St";49.220592;-122.648351
"791";1;12;"Westbound Dewdney Trunk Rd @ 205 St";49.221482;-122.653783
"791";1;13;"Westbound Dewdney  Trunk Rd @ 203 St";49.221514;-122.657617
"791";1;14;"Westbound Dewdney Trunk Rd @ 201B St";49.221527;-122.662257
"791";1;15;"Southbound Maple Meadows Way @ 200 St";49.220333;-122.666916
"791";1;16;"Maple Meadows Station @ Bay 2";49.216959;-122.667051
"791";1;17;"Westbound Hammond Rd @ Springdale Dr";49.217291;-122.67295
"791";1;18;"Westbound Hammond Rd @ Greenhaven Court";49.217281;-122.675662
"791";1;19;"Westbound Hammond Rd @ Bonson Rd East";49.217267;-122.679016
"791";1;20;"Westbound Hammond Rd @ Bonson Rd West";49.217258;-122.681339
"791";1;21;"Westbound Hammond Rd @ Blakely Rd";49.217246;-122.684239
"791";1;22;"Northbound Harris Rd @ Hammond Rd";49.21761;-122.689443
"791";1;23;"Northbound Harris Rd @ 119 Ave";49.219437;-122.689445
"791";1;24;"Northbound Harris Rd @ Civic Centre";49.221141;-122.689447
"791";1;25;"Northbound Harris Rd @ Ford Rd";49.223266;-122.689429
"791";1;26;"Pitt Meadows Station @ Bay 3";49.22495;-122.689402
"791";1;27;"Northbound Harris Rd @ Davison Rd";49.226981;-122.689383
"791";1;28;"Northbound Harris Rd @ McMyn Rd";49.229012;-122.689362
"791";1;29;"Westbound Lougheed Hwy @ Harris Rd";49.231687;-122.690461
"791";1;30;"Westbound Lougheed Hwy @ Old Dewdney Trunk Rd";49.24395;-122.720621
"791";1;31;"Westbound Kingsway Ave @ Mary Hill Bypass";49.247446;-122.749616
"791";1;32;"Southbound Broadway St @ Industrial Ave";49.24518;-122.762542
"791";1;33;"Southbound Broadway St @ Mary Hill Bypass";49.242472;-122.762497
"791";1;34;"Westbound United Blvd @ Burbidge St";49.226379;-122.824115
"791";1;35;"Westbound United Blvd @ Leeder St";49.227561;-122.829647
"791";1;36;"Westbound United Blvd @ Fawcett Rd";49.228627;-122.833611
"791";1;37;"Westbound United Blvd @ Schooner St";49.228187;-122.840174
"791";1;38;"Westbound United Blvd @ Brigantine Dr";49.229093;-122.849134
"791";1;39;"Westbound United Blvd @ Clipper St";49.229487;-122.853048
"791";1;40;"Westbound United Blvd @";49.229898;-122.856097
"791";1;41;"Westbound Lougheed Hwy @ King Edward St";49.234933;-122.863042
"791";1;42;"Westbound Brunette Ave @ Blue Mountain St";49.2362;-122.873716
"791";1;43;"Westbound Brunette Ave @ Bernatchey St";49.235228;-122.876618
"791";1;44;"Braid Station @ Bay 1";49.232855;-122.883137
"N10";0;1;"Richmond-Brighouse Station @ Bay 1";49.167722;-123.136073
"N10";0;2;"Northbound No. 3 Rd @ Saba Rd";49.169358;-123.136381
"N10";0;3;"Northbound No. 3 Rd @ Ackroyd Rd";49.17237;-123.136488
"N10";0;4;"Lansdowne Station @ Bay 1";49.174387;-123.136617
"N10";0;5;"Northbound No. 3 Rd @ Alderbridge Way";49.177735;-123.136489
"N10";0;6;"Northbound No. 3 Rd @ Leslie Rd";49.180026;-123.136477
"N10";0;7;"Aberdeen Station @ Bay 1";49.183912;-123.136477
"N10";0;8;"Northbound No. 3 Rd @ Yaohan Access Rd";49.186808;-123.1343
"N10";0;9;"Capstan Station @ Bay 1";49.189054;-123.132065
"N10";0;10;"Eastbound Bridgeport Rd @ Sexsmith Rd";49.191911;-123.12663
"N10";0;11;"Northbound Great Canadian Way @ Beckwith Rd";49.193077;-123.124243
"N10";0;12;"Bridgeport Station @ Bay 4";49.195114;-123.126817
"N10";0;13;"Westbound Bridgeport Rd @ Smith St";49.192068;-123.125849
"N10";0;14;"Westbound Bridgeport Rd @ West Rd";49.192071;-123.130846
"N10";0;15;"Northbound Russ Baker Way @ Miller Rd";49.191858;-123.141973
"N10";0;16;"Westbound Miller Rd @ Templeton St";49.192217;-123.149384
"N10";0;17;"Westbound North Service Rd @ Air Canada Operations Centre";49.193291;-123.160097
"N10";0;18;"Southbound Aviation Ave @ North Service Rd";49.193297;-123.166984
"N10";0;19;"YVR Domestic Departures  @ Level Three";49.192988;-123.18071
"N10";0;20;"Eastbound Miller Rd @ Airport Access Rd";49.191338;-123.174769
"N10";0;21;"Eastbound Miller Rd @ 5000 Block";49.192125;-123.168724
"N10";0;22;"Eastbound Miller Rd @ Aviation Ave";49.192111;-123.166629
"N10";0;23;"Eastbound Miller Rd @ 5500 Block";49.192115;-123.163902
"N10";0;24;"Eastbound Miller Rd @ Jericho Rd";49.192059;-123.159488
"N10";0;25;"Eastbound Miller Rd @ Aurora Connector";49.192036;-123.156137
"N10";0;26;"Eastbound Miller Rd @ Aylmer Rd";49.192064;-123.153009
"N10";0;27;"Eastbound Miller Rd @ Templeton St";49.192044;-123.148208
"N10";0;28;"Eastbound Miller Rd @ 7000 Block";49.192028;-123.145729
"N10";0;29;"Westbound SW Marine Dr @ Granville St";49.205047;-123.139869
"N10";0;30;"Northbound Granville St @ W 71 Ave";49.207431;-123.1404
"N10";0;31;"Northbound Granville St @ W 70 Ave";49.208885;-123.14035
"N10";0;32;"Northbound Granville St @ W 67 Ave";49.211168;-123.140317
"N10";0;33;"Northbound Granville St @ W 64 Ave";49.213461;-123.140233
"N10";0;34;"Northbound Granville St @ W 62 Ave";49.215299;-123.140165
"N10";0;35;"Northbound Granville St @ Park Dr";49.217685;-123.140092
"N10";0;36;"Northbound Granville St @ W 57 Ave";49.219694;-123.14
"N10";0;37;"Northbound Granville St @ W 53 Ave";49.222949;-123.139886
"N10";0;38;"Northbound Granville St @ W 49 Ave";49.227422;-123.139703
"N10";0;39;"Northbound Granville St @ W 45 Ave";49.23093;-123.139594
"N10";0;40;"Northbound Granville St @ W 41 Ave";49.234888;-123.139463
"N10";0;41;"Northbound Granville St @ W 37 Ave";49.238311;-123.139327
"N10";0;42;"Northbound Granville St @ W 33rd Ave";49.242211;-123.139199
"N10";0;43;"Northbound Granville St @ N Connaught Dr";49.245722;-123.139081
"N10";0;44;"Northbound Granville St @ Nanton Ave";49.24769;-123.139023
"N10";0;45;"Northbound Granville St @ W King Edward Ave";49.250127;-123.138924
"N10";0;46;"Northbound Granville St @ Balfour Ave";49.252263;-123.138834
"N10";0;47;"Northbound Granville St @ Matthews Ave";49.253467;-123.138804
"N10";0;48;"Northbound Granville St @ W 16 Ave";49.257367;-123.138663
"N10";0;49;"Northbound Granville St @ W 13th Ave";49.260169;-123.138574
"N10";0;50;"Northbound Granville St @ W 10 Ave";49.2631;-123.138458
"N10";0;51;"Northbound Granville St @ W 7th Ave";49.265651;-123.138349
"N10";0;52;"Northbound Granville St @ W 5th Ave";49.267439;-123.138273
"N10";0;53;"Northbound Seymour St @ Davie St";49.276811;-123.124629
"N10";0;54;"Northbound Seymour St @ Nelson St";49.278835;-123.121579
"N10";0;55;"Northbound Seymour St @ W Georgia St";49.281477;-123.117549
"N10";1;1;"Northbound Seymour St @ W Georgia St";49.281477;-123.117549
"N10";1;2;"Northbound Seymour St @ Dunsmuir St";49.282782;-123.115596
"N10";1;3;"Southbound Howe St @ W Georgia St";49.282906;-123.119595
"N10";1;4;"Southbound Howe St @ Robson St";49.281831;-123.121239
"N10";1;5;"Southbound Howe St @ Nelson St";49.279698;-123.124449
"N10";1;6;"Southbound Howe St @ Davie St";49.277987;-123.127052
"N10";1;7;"Southbound Granville St @ W 5th Ave";49.266704;-123.138572
"N10";1;8;"Southbound Granville St @ W Broadway";49.263012;-123.138725
"N10";1;9;"Southbound Granville St @ W 13 Ave";49.259524;-123.138834
"N10";1;10;"Southbound Granville St @ W 16th Ave";49.25737;-123.138944
"N10";1;11;"Southbound Granville St @ Angus Dr";49.254178;-123.13903
"N10";1;12;"Southbound Granville St @ Balfour Ave";49.251607;-123.139145
"N10";1;13;"Southbound Granville St @ W King Edward Ave";49.248838;-123.139224
"N10";1;14;"Southbound Granville St @ Nanton Ave";49.247111;-123.139289
"N10";1;15;"Southbound Granville St @ N Connaught Dr";49.244793;-123.139357
"N10";1;16;"Southbound Granville St @ W 33 Ave";49.241525;-123.139454
"N10";1;17;"Southbound Granville St @ W 37 Ave";49.237706;-123.139593
"N10";1;18;"Southbound Granville St @ W 41 Ave";49.233799;-123.139775
"N10";1;19;"Southbound Granville St @ W 45 Ave";49.230974;-123.139847
"N10";1;20;"Southbound Granville St @ W 49 Ave";49.226415;-123.139991
"N10";1;21;"Southbound Granville St @ W 52 Ave";49.223822;-123.140097
"N10";1;22;"Southbound Granville St @ W 54 Ave";49.221382;-123.140195
"N10";1;23;"Southbound Granville St @ W 57 Ave";49.218967;-123.140294
"N10";1;24;"Southbound Granville St @ W 59 Ave";49.217067;-123.140361
"N10";1;25;"Southbound Granville St @ W 63 Ave";49.213531;-123.140485
"N10";1;26;"Southbound Granville St @ W 68 Ave";49.210199;-123.140613
"N10";1;27;"Southbound Granville St @ W 70 Ave";49.20811;-123.140711
"N10";1;28;"Southbound Granville St @ SW Marine Dr";49.205733;-123.140764
"N10";1;29;"Eastbound Miller Rd @ Russ Baker Way";49.192044;-123.141321
"N10";1;30;"Westbound Miller Rd @ Templeton St";49.192217;-123.149384
"N10";1;31;"Westbound North Service Rd @ Air Canada Operations Centre";49.193291;-123.160097
"N10";1;32;"Southbound Aviation Ave @ North Service Rd";49.193297;-123.166984
"N10";1;33;"YVR Domestic Departures  @ Level Three";49.192988;-123.18071
"N10";1;34;"Eastbound Miller Rd @ Airport Access Rd";49.191338;-123.174769
"N10";1;35;"Eastbound Miller Rd @ 5000 Block";49.192125;-123.168724
"N10";1;36;"Eastbound Miller Rd @ Aviation Ave";49.192111;-123.166629
"N10";1;37;"Eastbound Miller Rd @ 5500 Block";49.192115;-123.163902
"N10";1;38;"Eastbound Miller Rd @ Jericho Rd";49.192059;-123.159488
"N10";1;39;"Eastbound Miller Rd @ Aurora Connector";49.192036;-123.156137
"N10";1;40;"Eastbound Miller Rd @ Aylmer Rd";49.192064;-123.153009
"N10";1;41;"Eastbound Miller Rd @ Templeton St";49.192044;-123.148208
"N10";1;42;"Eastbound Miller Rd @ 7000 Block";49.192028;-123.145729
"N10";1;43;"Eastbound Miller Rd @ Russ Baker Way";49.192044;-123.141321
"N10";1;44;"Eastbound Sea Island Way @ No. 3 Rd";49.190896;-123.132234
"N10";1;45;"Northbound Great Canadian Way @ Beckwith Rd";49.193077;-123.124243
"N10";1;46;"Bridgeport Station @ Bay 3";49.195229;-123.126551
"N10";1;47;"Westbound Bridgeport Rd @ Smith St";49.192068;-123.125849
"N10";1;48;"Capstan Station @ Bay 2";49.190376;-123.131138
"N10";1;49;"Southbound No. 3 Rd @ Capstan Way";49.187766;-123.133691
"N10";1;50;"Southbound No. 3 Rd @ Yaohan Access Rd";49.185927;-123.135488
"N10";1;51;"Aberdeen Station @ Bay 2";49.183998;-123.136731
"N10";1;52;"Southbound No. 3 Rd @ Browngate Rd";49.182379;-123.136778
"N10";1;53;"Southbound No. 3 Rd @ Leslie Rd";49.179084;-123.13677
"N10";1;54;"Southbound No. 3 Rd @ Alderbridge Way";49.176886;-123.136777
"N10";1;55;"Lansdowne Station @ Bay 3";49.175079;-123.136907
"N10";1;56;"Lansdowne Station @ Bay 4";49.172869;-123.136815
"N10";1;57;"Southbound No. 3 Rd @ Westminster Hwy";49.169765;-123.136665
"N10";1;58;"Richmond-Brighouse Station @ Bay 2";49.167573;-123.135771
"N15";0;1;"Marine Drive Station @ Bay 1";49.209087;-123.116823
"N15";0;2;"Northbound Cambie St @ W 64 Ave";49.212634;-123.116832
"N15";0;3;"Northbound Cambie St @ W 61 Ave";49.215412;-123.116683
"N15";0;4;"Northbound Cambie St @ W 59 Ave";49.217289;-123.116608
"N15";0;5;"Northbound Cambie St @ W 57 Ave";49.219328;-123.116528
"N15";0;6;"Northbound Cambie St @ W 54 Ave";49.22204;-123.116425
"N15";0;7;"Langara-49th Station @ Bay 1";49.226473;-123.116241
"N15";0;8;"Northbound Cambie St @ W 45 Ave";49.230066;-123.116096
"N15";0;9;"Northbound Cambie St @ W 40 Ave";49.234819;-123.115931
"N15";0;10;"Northbound Cambie St @ W 37 Ave";49.237495;-123.1158
"N15";0;11;"Northbound Cambie St @ W 33 Ave";49.241409;-123.11818
"N15";0;12;"Northbound Cambie St @ W 29 Ave";49.245537;-123.11525
"N15";0;13;"King Edward Station @ Bay 2";49.249415;-123.115245
"N15";0;14;"Northbound Cambie St @ W 22 Ave";49.251472;-123.115164
"N15";0;15;"Northbound Cambie St @ W 20 Ave";49.253243;-123.115102
"N15";0;16;"Northbound Cambie St @ W 18 Ave";49.255125;-123.115019
"N15";0;17;"Northbound Cambie St @ W 16 Ave";49.257158;-123.114908
"N15";0;18;"Northbound Cambie St @ W 14 Ave";49.258988;-123.114893
"N15";0;19;"Northbound Cambie St @ W 12 Ave";49.260758;-123.114831
"N15";0;20;"Broadway-City Hall Station @ Bay 2";49.262826;-123.11464
"N15";0;21;"Northbound Cambie St @ W 7th Ave";49.264648;-123.114622
"N15";0;22;"Northbound Smithe St @ Expo Blvd";49.276112;-123.114934
"N15";0;23;"Westbound Robson St @ Hamilton St";49.279145;-123.116259
"N15";0;24;"Northbound Seymour St @ Dunsmuir St";49.282782;-123.115596
"N15";0;25;"Southbound Howe St @ Dunsmuir St";49.284576;-123.117067
"N15";1;1;"Southbound Howe St @ Dunsmuir St";49.284576;-123.117067
"N15";1;2;"Eastbound W Georgia St @ Granville St";49.28264;-123.118529
"N15";1;3;"Northbound Seymour St @ Dunsmuir St";49.282782;-123.115596
"N15";1;4;"Eastbound W Pender St @ Seymour St";49.283753;-123.113589
"N15";1;5;"Eastbound W Pender St @ Hamilton St";49.281799;-123.110618
"N15";1;6;"Southbound Cambie St @ Dunsmuir St";49.280808;-123.111146
"N15";1;7;"Southbound Cambie St @ W Georgia St";49.279676;-123.112876
"N15";1;8;"Southbound Cambie St @ Robson St";49.277999;-123.115404
"N15";1;9;"Eastbound Nelson St @ Cambie St";49.275788;-123.117719
"N15";1;10;"Southbound Cambie St @ W 7th Ave";49.264477;-123.114982
"N15";1;11;"Broadway-City Hall Station @ Bay 3";49.261616;-123.115153
"N15";1;12;"Southbound Cambie St @ W 12 Ave";49.260113;-123.115144
"N15";1;13;"Southbound Cambie St @ W 14 Ave";49.25846;-123.115193
"N15";1;14;"Southbound Cambie St @ W 16 Ave";49.256555;-123.115252
"N15";1;15;"Southbound Cambie St @ W 20 Ave";49.252766;-123.115379
"N15";1;16;"Southbound Cambie St @ W 22 Ave";49.250985;-123.115447
"N15";1;17;"King Edward Station @ Bay 4";49.248634;-123.115722
"N15";1;18;"Southbound Cambie St @ W 29 Ave";49.245383;-123.115868
"N15";1;19;"Southbound Cambie St @ W 31 Ave";49.242949;-123.118428
"N15";1;20;"Southbound Cambie St @ W 33 Ave";49.24075;-123.118651
"N15";1;21;"Southbound Cambie St @ W 35 Ave";49.238762;-123.116678
"N15";1;22;"Southbound Cambie St @ W 37 Ave";49.237007;-123.11629
"N15";1;23;"Southbound Cambie St @ W 41 Ave";49.234584;-123.116399
"N15";1;24;"Southbound Cambie St @ W 45 Ave";49.229431;-123.116605
"N15";1;25;"Langara-49th Station @ Bay 4";49.225771;-123.116755
"N15";1;26;"Southbound Cambie St @ W 54 Ave";49.221506;-123.116922
"N15";1;27;"Southbound Cambie St @ W 57 Ave";49.218787;-123.117011
"N15";1;28;"Southbound Cambie St @ W 59 Ave";49.216483;-123.117102
"N15";1;29;"Southbound Cambie St @ W 62 Ave";49.213825;-123.117204
"N15";1;30;"Marine Drive Station @ Bay 2";49.209383;-123.116116
"N17";0;1;"UBC Exchange @ Bay 3";49.267177;-123.24863
"N17";0;2;"Eastbound University Blvd @ Allison Rd";49.266827;-123.241849
"N17";0;3;"Eastbound University Blvd @ Acadia Rd";49.266503;-123.237822
"N17";0;4;"Eastbound University Blvd @ 5300 Block";49.265812;-123.236036
"N17";0;5;"Eastbound University Blvd @ 5100 Block";49.263486;-123.229095
"N17";0;6;"Eastbound W 10 Ave @ Blanca St";49.263836;-123.214641
"N17";0;7;"Eastbound W 10 Ave @ Tolmie St";49.263797;-123.211277
"N17";0;8;"Eastbound W 10 Ave @ Sasamat St";49.263764;-123.208525
"N17";0;9;"Eastbound W 10 Ave @ Trimble St";49.263689;-123.205581
"N17";0;10;"Eastbound W 10 Ave @ Discovery St";49.263657;-123.202595
"N17";0;11;"Eastbound W 10 Ave @ Courtenay St";49.263605;-123.199436
"N17";0;12;"Eastbound W 10 Ave @ Camosun St";49.263564;-123.196532
"N17";0;13;"Eastbound W 10 Ave @ Crown St";49.263526;-123.193422
"N17";0;14;"Eastbound W 10 Ave @ Wallace St";49.263472;-123.190678
"N17";0;15;"Eastbound W 10 Ave @ Highbury St";49.263434;-123.187456
"N17";0;16;"Northbound Alma St @ W 10 Ave";49.263872;-123.185744
"N17";0;17;"Eastbound W Broadway @ Alma St";49.264278;-123.185239
"N17";0;18;"Eastbound W Broadway @ Collingwood St";49.264225;-123.181429
"N17";0;19;"Eastbound W Broadway @ Blenheim St";49.264155;-123.17742
"N17";0;20;"Eastbound W Broadway St @ Balaclava St";49.264095;-123.173572
"N17";0;21;"Eastbound W Broadway @ Bayswater St";49.264061;-123.170799
"N17";0;22;"Eastbound W Broadway @ Macdonald St";49.263995;-123.167357
"N17";0;23;"Eastbound W Broadway @ Trafalgar St";49.263906;-123.164293
"N17";0;24;"Eastbound W Broadway @ Larch St";49.263904;-123.16196
"N17";0;25;"Eastbound W Broadway @ Vine St";49.263809;-123.157195
"N17";0;26;"Eastbound W Broadway @ Arbutus St";49.263766;-123.154253
"N17";0;27;"Eastbound W Broadway @ Burrard St";49.263611;-123.145163
"N17";0;28;"Eastbound W Broadway @ Fir St";49.263525;-123.140516
"N17";0;29;"Northbound Granville St @ W 7th Ave";49.265651;-123.138349
"N17";0;30;"Northbound Granville St @ W 5th Ave";49.267439;-123.138273
"N17";0;31;"Northbound Seymour St @ Davie St";49.276811;-123.124629
"N17";0;32;"Northbound Seymour St @ Nelson St";49.278835;-123.121579
"N17";0;33;"Northbound Seymour St @ Robson St";49.28102;-123.11824
"N17";1;1;"Northbound Seymour St @ Robson St";49.28102;-123.11824
"N17";1;2;"Northbound Seymour St @ Dunsmuir St";49.282782;-123.115596
"N17";1;3;"Southbound Howe St @ W Georgia St";49.282906;-123.119595
"N17";1;4;"Southbound Howe St @ Robson St";49.281831;-123.121239
"N17";1;5;"Southbound Howe St @ Nelson St";49.279698;-123.124449
"N17";1;6;"Southbound Howe St @ Davie St";49.277987;-123.127052
"N17";1;7;"Southbound Granville St @ W 5th Ave";49.266704;-123.138572
"N17";1;8;"Westbound W Broadway @ Granville St";49.263732;-123.140158
"N17";1;9;"Westbound W Broadway @ Pine St";49.263769;-123.143781
"N17";1;10;"Westbound W Broadway @ Burrard St";49.263829;-123.146302
"N17";1;11;"Westbound W Broadway @ Yew St";49.263962;-123.155724
"N17";1;12;"Westbound W Broadway @ Balsam St";49.264051;-123.160487
"N17";1;13;"Westbound W Broadway @ Trafalgar St";49.264113;-123.165212
"N17";1;14;"Westbound W Broadway @ Macdonald St";49.264174;-123.168896
"N17";1;15;"Westbound W Broadway @ Bayswater St";49.264221;-123.171711
"N17";1;16;"Westbound W Broadway @ Balaclava St";49.264241;-123.174408
"N17";1;17;"Westbound W Broadway @ Blenheim St";49.264311;-123.178243
"N17";1;18;"Westbound W Broadway @ Collingwood St";49.264377;-123.182257
"N17";1;19;"Southbound Alma St @ W 10 Ave";49.26367;-123.186028
"N17";1;20;"Westbound W 10 Ave @ Wallace St";49.263644;-123.191417
"N17";1;21;"Westbound W 10 Ave @ Crown St";49.263683;-123.194468
"N17";1;22;"Westbound W 10 Ave @ Camosun St";49.263725;-123.197332
"N17";1;23;"Westbound W 10 Ave @ Courtenay St";49.263781;-123.200725
"N17";1;24;"Westbound W 10 Ave @ Discovery St";49.263828;-123.203438
"N17";1;25;"Westbound W 10 Ave @ Trimble St";49.263863;-123.206461
"N17";1;26;"Westbound W 10 Ave @ Sasamat St";49.263905;-123.209694
"N17";1;27;"Westbound W 10 Ave @ Tolmie St";49.263966;-123.212506
"N17";1;28;"Westbound University Blvd @ Blanca St";49.264016;-123.215915
"N17";1;29;"Westbound University Blvd @ 5100 Block";49.263693;-123.229837
"N17";1;30;"Westbound University Blvd @ 5300 Block";49.265815;-123.235541
"N17";1;31;"Westbound University Blvd @ Acadia Rd";49.267024;-123.239311
"N17";1;32;"Westbound University Blvd @ Allison Rd";49.266846;-123.24331
"N17";1;33;"Westbound University Blvd @ Western Parkway";49.266634;-123.244736
"N17";1;34;"UBC Exchange @ Unloading Only";49.267674;-123.247621
"N19";0;1;"Southbound Howe St @ Dunsmuir St";49.284576;-123.117067
"N19";0;2;"Eastbound W Georgia St @ Granville St";49.28264;-123.118529
"N19";0;3;"Northbound Seymour St @ Dunsmuir St";49.282782;-123.115596
"N19";0;4;"Eastbound W Pender St @ Seymour St";49.283753;-123.113589
"N19";0;5;"Eastbound W Pender St @ Hamilton St";49.281799;-123.110618
"N19";0;6;"Eastbound W Pender St @ Abbott St";49.280892;-123.106976
"N19";0;7;"Eastbound E Pender St @ Carrall St";49.280394;-123.103799
"N19";0;8;"Eastbound E Pender St @ Main St";49.280329;-123.100047
"N19";0;9;"Southbound Main St @ Keefer St";49.279029;-123.099896
"N19";0;10;"Southbound Main St @ National Ave";49.274506;-123.100141
"N19";0;11;"Main Street-Science World Station @ Bay 1";49.273072;-123.100189
"N19";0;12;"Southbound Main St @ Switchmen St";49.270621;-123.100821
"N19";0;13;"Southbound Main St @ E 2nd Ave";49.268688;-123.100898
"N19";0;14;"Southbound Main St @ E 5th Ave";49.266106;-123.100973
"N19";0;15;"Eastbound Kingsway @ Main St";49.263792;-123.100509
"N19";0;16;"Eastbound Kingsway @ E Broadway";49.262551;-123.099412
"N19";0;17;"Eastbound Kingsway @ E 12 Ave";49.260192;-123.097102
"N19";0;18;"Eastbound Kingsway @ E 13 Ave";49.258948;-123.095429
"N19";0;19;"Eastbound Kingsway @ Carolina St";49.257418;-123.092371
"N19";0;20;"Eastbound Kingsway @ Fraser St";49.256214;-123.089018
"N19";0;21;"Eastbound Kingsway @ St. Catherines St";49.254367;-123.085052
"N19";0;22;"Eastbound Kingsway @ Glen Dr";49.252628;-123.081356
"N19";0;23;"Eastbound Kingsway @ Clark Dr";49.250834;-123.077633
"N19";0;24;"Eastbound Kingsway @ Knight St";49.249736;-123.075484
"N19";0;25;"Eastbound Kingsway @ Dumfries St";49.24866;-123.072988
"N19";0;26;"Eastbound Kingsway @ Perry St";49.247719;-123.070924
"N19";0;27;"Eastbound Kingsway @ Miller St";49.246508;-123.068314
"N19";0;28;"Eastbound Kingsway @ Victoria Dr";49.244693;-123.064447
"N19";0;29;"Eastbound Kingsway @ Gladstone St";49.243197;-123.061284
"N19";0;30;"Eastbound Kingsway @ Nanaimo St";49.241611;-123.057829
"N19";0;31;"Eastbound Kingsway @ Slocan St";49.23969;-123.053631
"N19";0;32;"Eastbound Kingsway @ Wales St";49.238656;-123.051416
"N19";0;33;"Eastbound Kingsway @ Earles St";49.23728;-123.048397
"N19";0;34;"Eastbound Kingsway @ Killarney St";49.236159;-123.045333
"N19";0;35;"Eastbound Kingsway @ Rupert St";49.235786;-123.041963
"N19";0;36;"Eastbound Kingsway @ McKinnon St";49.234792;-123.037515
"N19";0;37;"Eastbound Kingsway @ Joyce St";49.233886;-123.035646
"N19";0;38;"Eastbound Kingsway @ Wessex St";49.232943;-123.033767
"N19";0;39;"Eastbound Kingsway @ Tyne St";49.231987;-123.031656
"N19";0;40;"Eastbound Kingsway @ Aberdeen St";49.232011;-123.027587
"N19";0;41;"Eastbound Kingsway @ Boundary Rd";49.232257;-123.022286
"N19";0;42;"Eastbound Kingsway @ Smith Ave";49.232578;-123.018383
"N19";0;43;"Eastbound Kingsway @ Inman Ave";49.232758;-123.015229
"N19";0;44;"Eastbound Kingsway @ Patterson Ave";49.232443;-123.012252
"N19";0;45;"Eastbound Kingsway @ Olive Ave";49.231667;-123.00953
"N19";0;46;"Eastbound Kingsway @ Wilson Ave";49.230995;-123.007485
"N19";0;47;"Eastbound Kingsway @ McKay Ave";49.229202;-123.002247
"N19";0;48;"Eastbound Kingsway @ Sussex Ave";49.227881;-122.998248
"N19";0;49;"Eastbound Kingsway @ Nelson Ave";49.226457;-122.993821
"N19";0;50;"Eastbound Kingsway @ Marlborough Ave";49.225628;-122.991139
"N19";0;51;"Eastbound Kingsway @ Royal Oak Ave";49.224712;-122.988392
"N19";0;52;"Eastbound Kingsway @ Grimmer St";49.223354;-122.984101
"N19";0;53;"Eastbound Kingsway @ Imperial St";49.222233;-122.980611
"N19";0;54;"Eastbound Kingsway @ Waltham Ave";49.220689;-122.975658
"N19";0;55;"Eastbound Kingsway @ Gilley Ave";49.219703;-122.97143
"N19";0;56;"Eastbound Kingsway @ Arcola St";49.218855;-122.96752
"N19";0;57;"Eastbound Kingsway @ Sperling Ave";49.218308;-122.964089
"N19";0;58;"Eastbound Kingsway @ Griffiths Dr";49.218364;-122.959902
"N19";0;59;"Eastbound Kingsway @ Salisbury Ave";49.21835;-122.957133
"N19";0;60;"Eastbound Edmonds St @ Linden Ave";49.219331;-122.949758
"N19";0;61;"Eastbound Edmonds St @ Humphries Ave";49.221051;-122.946536
"N19";0;62;"Eastbound Edmonds St @ Mary Ave";49.222058;-122.944643
"N19";0;63;"Eastbound Edmonds St @ New Vista Place";49.223067;-122.942773
"N19";0;64;"Eastbound Edmonds St @ Canada Way";49.224262;-122.940465
"N19";0;65;"Eastbound Edmonds St @ 6th St";49.225533;-122.938132
"N19";0;66;"Southbound 6th St @ 18 Ave";49.224881;-122.935179
"N19";0;67;"Southbound 6th St @ 16 Ave";49.22347;-122.9334
"N19";0;68;"Southbound 6th St @ 15 Ave";49.222301;-122.931933
"N19";0;69;"Southbound 6th St @ 13 Ave";49.221046;-122.930356
"N19";0;70;"Southbound 6th St @ 12 Ave";49.220227;-122.929311
"N19";0;71;"Southbound 6th St @ 10 Ave";49.218617;-122.927335
"N19";0;72;"Southbound 6th St @ 8th Ave";49.215581;-122.923521
"N19";0;73;"Southbound 6th St @ Princess St";49.213416;-122.92083
"N19";0;74;"Southbound 6th St @ 5th Ave";49.211482;-122.918365
"N19";0;75;"Southbound 6th St @ 4th Ave";49.209881;-122.916356
"N19";0;76;"Southbound 6th St @ 3rd Ave";49.208345;-122.914425
"N19";0;77;"Southbound 6th St @ Queens Ave";49.20683;-122.912514
"N19";0;78;"Southbound 6th St @ Royal Ave";49.205995;-122.911456
"N19";0;79;"Southbound 6th St @ Agnes St";49.204961;-122.910141
"N19";0;80;"Westbound Columbia St @ 6th St";49.203028;-122.908363
"N19";0;81;"New Westminster Station @ Bay 4";49.20088;-122.912854
"N19";0;82;"Westbound 6th St @ Carnarvon St";49.204255;-122.908982
"N19";0;83;"Scott Road Station @ Bay 8";49.204154;-122.875283
"N19";0;84;"Eastbound King George Blvd @ Scott Rd Onramp";49.206094;-122.870306
"N19";0;85;"Eastbound King George Blvd @ 128 St";49.206332;-122.865763
"N19";0;86;"Southbound King George Blvd @ 132 St";49.204242;-122.853647
"N19";0;87;"Southbound King George Blvd @ 108 Ave";49.198487;-122.845929
"N19";0;88;"Southbound King George Blvd @ 105A Ave";49.194136;-122.845515
"N19";0;89;"Surrey Central Station @ Bay 12";49.189699;-122.847774
"N19";1;1;"Surrey Central Station @ Bay 2";49.188849;-122.848551
"N19";1;2;"Eastbound 104 Ave @ University Dr";49.191534;-122.848841
"N19";1;3;"Northbound King George Blvd @ 105A Ave";49.194719;-122.845091
"N19";1;4;"Northbound King George Blvd @ 108 Ave";49.199689;-122.846433
"N19";1;5;"Northbound King George Blvd @ Bolivar Rd";49.204569;-122.853592
"N19";1;6;"Westbound King George Blvd @ 128 St";49.206598;-122.865846
"N19";1;7;"Scott Road Station @ Bay 8";49.204154;-122.875283
"N19";1;8;"Westbound Columbia St @ 200 Block";49.206351;-122.902216
"N19";1;9;"Columbia Station @ Bay 1";49.204434;-122.905796
"N19";1;10;"Westbound Columbia St @ 6th St";49.203028;-122.908363
"N19";1;11;"New Westminster Station @ Bay 4";49.20088;-122.912854
"N19";1;12;"Westbound 6th St @ Carnarvon St";49.204255;-122.908982
"N19";1;13;"Northbound 6th St @ Royal Ave";49.206053;-122.911238
"N19";1;14;"Northbound 6th St @ Queens Ave";49.2074;-122.912964
"N19";1;15;"Northbound 6th St @ 3rd Ave";49.208885;-122.914819
"N19";1;16;"Northbound 6th St @ 4th Ave";49.210454;-122.9168
"N19";1;17;"Northbound 6th St @ 5th Ave";49.212012;-122.918751
"N19";1;18;"Northbound 6th St @ 6th Ave";49.213612;-122.920751
"N19";1;19;"Northbound 6th St @ 8th Ave";49.216369;-122.924263
"N19";1;20;"Northbound 6th St @ 10 Ave";49.219331;-122.927943
"N19";1;21;"Northbound 6th St @ 12 Ave";49.220388;-122.92926
"N19";1;22;"Northbound 6th St @ 13 Ave";49.221551;-122.930735
"N19";1;23;"Northbound 6th St @ 15 Ave";49.222828;-122.932337
"N19";1;24;"Northbound 6th St @ 16 Ave";49.224155;-122.934009
"N19";1;25;"Northbound 6th St @ 18 Ave";49.224944;-122.934996
"N19";1;26;"Westbound Edmonds St @ 7800 Block";49.225462;-122.938563
"N19";1;27;"Westbound Edmonds St @ Canada Way";49.223878;-122.941553
"N19";1;28;"Westbound Edmonds St @ New Vista Place";49.223071;-122.943045
"N19";1;29;"Westbound Edmonds St @ Mary Ave";49.221794;-122.945453
"N19";1;30;"Westbound Edmonds St @ Humphries Ave";49.220694;-122.947514
"N19";1;31;"Westbound Edmonds St @ Linden Ave";49.219094;-122.950508
"N19";1;32;"Westbound Kingsway @ Walker Ave";49.21848;-122.953152
"N19";1;33;"Westbound Kingsway @ Salisbury Ave";49.218535;-122.957951
"N19";1;34;"Westbound Kingsway @ Griffiths Ave";49.21854;-122.961424
"N19";1;35;"Westbound Kingsway @ Sperling Ave";49.218571;-122.96522
"N19";1;36;"Westbound Kingsway @ Arcola St";49.219403;-122.96918
"N19";1;37;"Westbound Kingsway @ Gilley Ave";49.220162;-122.97264
"N19";1;38;"Westbound Kingsway @ Waltham Ave";49.220877;-122.975623
"N19";1;39;"Westbound Kingsway @ Imperial St";49.222234;-122.979991
"N19";1;40;"Westbound Kingsway @ Macpherson Ave";49.223353;-122.983473
"N19";1;41;"Westbound Kingsway @ Denbigh Ave";49.224004;-122.985508
"N19";1;42;"Westbound Kingsway @ Royal Oak Ave";49.22532;-122.989612
"N19";1;43;"Westbound Kingsway @ Marlborough Ave";49.226121;-122.992052
"N19";1;44;"Westbound Kingsway @ Nelson Ave";49.227163;-122.995118
"N19";1;45;"Westbound Kingsway @ McMurray Ave";49.227685;-122.996794
"N19";1;46;"Westbound Kingsway @ Sussex Ave";49.228641;-122.999701
"N19";1;47;"Westbound Kingsway @ Willingdon Ave";49.230542;-123.00553
"N19";1;48;"Westbound Kingsway @ Wilson Ave";49.231423;-123.008159
"N19";1;49;"Westbound Kingsway @ Barker Ave";49.232216;-123.010599
"N19";1;50;"Westbound Kingsway @ Inman Ave";49.232908;-123.016178
"N19";1;51;"Westbound Kingsway @ Smith Ave";49.23266;-123.019689
"N19";1;52;"Westbound Kingsway @ Boundary Rd";49.232402;-123.024096
"N19";1;53;"Westbound Kingsway @ Aberdeen St";49.232179;-123.028643
"N19";1;54;"Westbound Kingsway @ Wessex St";49.233186;-123.033761
"N19";1;55;"Westbound Kingsway @ Joyce St";49.234462;-123.036193
"N19";1;56;"Westbound Kingsway @ McKinnon St";49.235237;-123.038053
"N19";1;57;"Westbound Kingsway @ Rupert St";49.236114;-123.04296
"N19";1;58;"Westbound Kingsway @ Fairmont St";49.236931;-123.046942
"N19";1;59;"Westbound Kingsway @ Rhodes St";49.238483;-123.050491
"N19";1;60;"Westbound Kingsway @ Slocan St";49.240309;-123.054367
"N19";1;61;"Westbound Kingsway @ Nanaimo St";49.242199;-123.0585
"N19";1;62;"Westbound Kingsway @ Gladstone St";49.243838;-123.062124
"N19";1;63;"Westbound Kingsway @ Victoria Dr";49.245543;-123.065671
"N19";1;64;"Westbound Kingsway @ Miller St";49.247236;-123.069355
"N19";1;65;"Westbound Kingsway @ Dumfries St";49.248894;-123.072897
"N19";1;66;"Westbound Kingsway @ Knight St";49.25051;-123.076585
"N19";1;67;"Westbound Kingsway @ Inverness St";49.252366;-123.080257
"N19";1;68;"Westbound Kingsway @ Windsor St";49.254147;-123.084079
"N19";1;69;"Westbound Kingsway @ Fraser St";49.257027;-123.090227
"N19";1;70;"Westbound Kingsway @ St. George St";49.25817;-123.093585
"N19";1;71;"Westbound Kingsway @ E 12 Ave";49.260171;-123.096663
"N19";1;72;"Westbound Kingsway @ E Broadway";49.263296;-123.099681
"N19";1;73;"Northbound Main St @ E 6th Ave";49.265339;-123.100685
"N19";1;74;"Northbound Main St @ E 5th Ave";49.266719;-123.100662
"N19";1;75;"Northbound Main St @ E 2nd Ave";49.269455;-123.100505
"N19";1;76;"Main Street-Science World Station @ Bay 2";49.273395;-123.099831
"N19";1;77;"Northbound Main St @ National Ave";49.275321;-123.099748
"N19";1;78;"Northbound Main St @ E Georgia St";49.278968;-123.099607
"N19";1;79;"Westbound E Pender St @ Main St";49.280462;-123.100263
"N19";1;80;"Westbound W Pender St @ Carrall St";49.280707;-123.104998
"N19";1;81;"Westbound W Pender St @ Abbott St";49.28129;-123.108213
"N19";1;82;"Westbound W Pender St @ Hamilton St";49.282472;-123.11137
"N19";1;83;"Westbound W Pender St @ Seymour St";49.283818;-123.113429
"N19";1;84;"Westbound W Pender St @ Granville St";49.284575;-123.114596
"N19";1;85;"Southbound Howe St @ Dunsmuir St";49.284576;-123.117067
"N20";0;1;"Marine Drive Station @ Bay 1";49.209087;-123.116823
"N20";0;2;"Eastbound SW Marine Dr @ Manitoba St";49.212198;-123.109277
"N20";0;3;"Eastbound SE Marine Dr @ Ontario St";49.21214;-123.106006
"N20";0;4;"Eastbound SE Marine Dr @ Main St";49.210807;-123.101511
"N20";0;5;"Eastbound SE Marine Dr @ Prince Edward St";49.210767;-123.097945
"N20";0;6;"Eastbound SE Marine Dr @ St. George St";49.210918;-123.093606
"N20";0;7;"Eastbound SE Marine Dr @ Fraser St";49.210909;-123.090507
"N20";0;8;"Eastbound SE Marine Dr @ Ross St";49.211036;-123.083514
"N20";0;9;"Eastbound SE Marine Dr @ Knight St";49.210924;-123.075001
"N20";0;10;"Eastbound SE Marine Dr @ Argyle St";49.210911;-123.071659
"N20";0;11;"Northbound Victoria Dr @ Fraserview Dr";49.212765;-123.065964
"N20";0;12;"Northbound Victoria Dr @ E 61 Ave";49.214832;-123.065913
"N20";0;13;"Northbound Victoria Dr @ Brigadoon Ave";49.21691;-123.065874
"N20";0;14;"Northbound Victoria Dr @ Upland Dr";49.218398;-123.065832
"N20";0;15;"Northbound Victoria Dr @ E 54 Ave";49.220662;-123.065738
"N20";0;16;"Northbound Victoria Dr @ E 51 Ave";49.223425;-123.065653
"N20";0;17;"Northbound Victoria Dr @ E 49 Ave";49.225458;-123.065603
"N20";0;18;"Northbound Victoria Dr @ Waverley Ave";49.227465;-123.065556
"N20";0;19;"Northbound Victoria Dr @ E 45 Ave";49.229847;-123.065483
"N20";0;20;"Northbound Victoria Dr @ E 43 Ave";49.231503;-123.065432
"N20";0;21;"Northbound Victoria Dr @ E 41 Ave";49.233152;-123.065403
"N20";0;22;"Northbound Victoria Dr @ E 38 Ave";49.236203;-123.065307
"N20";0;23;"Northbound Victoria Dr @ E 36 Ave";49.237698;-123.065288
"N20";0;24;"Northbound Victoria Dr @ E 33 Ave";49.24032;-123.065188
"N20";0;25;"Northbound Victoria Dr @ E 32 Ave";49.241893;-123.065138
"N20";0;26;"Northbound Victoria Dr @ Kingsway";49.244828;-123.065039
"N20";0;27;"Northbound Victoria Dr @ E 26 Ave";49.247959;-123.064952
"N20";0;28;"Northbound Victoria Dr @ E 22 Ave";49.250596;-123.064898
"N20";0;29;"Northbound Victoria Diversion @ Victoria Dr";49.253274;-123.066572
"N20";0;30;"Northbound Commercial Dr @ Findlay St";49.254682;-123.068394
"N20";0;31;"Northbound Commercial Dr @ E 14 Ave";49.258015;-123.069745
"N20";0;32;"Northbound Commercial Dr @ E 12 Ave";49.259948;-123.069673
"N20";0;33;"Commercial-Broadway Station @ Bay 3";49.262699;-123.069636
"N20";0;34;"Northbound Commercial Dr @ E 6th Ave";49.265331;-123.069596
"N20";0;35;"Northbound Commercial Dr @ E 3rd Ave";49.268043;-123.06953
"N20";0;36;"Northbound Commercial Dr @ E 1st Ave";49.269918;-123.069518
"N20";0;37;"Northbound Commercial Dr @ Grant St";49.271608;-123.069481
"N20";0;38;"Northbound Commercial Dr @ Charles St";49.273323;-123.06943
"N20";0;39;"Northbound Commercial Dr @ Napier St";49.275134;-123.069418
"N20";0;40;"Northbound Commercial Diversion @ Venables St";49.277014;-123.069433
"N20";0;41;"Northbound Commercial Dr @ E Georgia St";49.278704;-123.070346
"N20";0;42;"Northbound Commercial Dr @ E Pender St";49.280571;-123.070272
"N20";0;43;"Westbound E Hastings St @ Commercial Dr";49.281362;-123.071174
"N20";0;44;"Westbound E Hastings St @ McLean Dr";49.281378;-123.074606
"N20";0;45;"Westbound E Hastings St @ Clark Dr";49.281445;-123.077888
"N20";0;46;"Westbound E Hastings St @ Glen Dr";49.281111;-123.081789
"N20";0;47;"Westbound E Hastings St @ Campbell Ave";49.281155;-123.085249
"N20";0;48;"Westbound E Hastings St @ Hawks Ave";49.2812;-123.087667
"N20";0;49;"Westbound E Hastings St @ Princess Ave";49.281282;-123.092019
"N20";0;50;"Westbound E Hastings St @ Jackson Ave";49.281321;-123.093904
"N20";0;51;"Westbound E Hastings St @ Dunlevy Ave";49.281356;-123.095847
"N20";0;52;"Westbound E Hastings St @ Main St";49.28144;-123.1003
"N20";0;53;"Westbound W Hastings St @ Carrall St";49.281733;-123.105366
"N20";0;54;"Westbound W Hastings St @ Abbott St";49.282221;-123.108043
"N20";0;55;"Westbound W Hastings St @ Hamilton St";49.283085;-123.110279
"N20";0;56;"Westbound W Hastings St @ Richards St";49.284435;-123.112367
"N20";0;57;"Southbound Howe St @ Dunsmuir St";49.284576;-123.117067
"N20";1;1;"Southbound Howe St @ Dunsmuir St";49.284576;-123.117067
"N20";1;2;"Eastbound W Georgia St @ Granville St";49.28264;-123.118529
"N20";1;3;"Northbound Seymour St @ Dunsmuir St";49.282782;-123.115596
"N20";1;4;"Eastbound W Hastings St @ Seymour St";49.284334;-123.112551
"N20";1;5;"Eastbound W Hastings St @ Homer St";49.283054;-123.110546
"N20";1;6;"Eastbound W Hastings St @ Abbott St";49.28179;-123.106526
"N20";1;7;"Eastbound W Hastings St @ Carrall St";49.281469;-123.104795
"N20";1;8;"Eastbound E Hastings St @ Main St";49.281225;-123.099034
"N20";1;9;"Eastbound E Hastings St @ Dunlevy Ave";49.281161;-123.094737
"N20";1;10;"Eastbound E Hastings St @ Jackson Ave";49.281112;-123.092955
"N20";1;11;"Eastbound E Hastings St @ Princess Ave";49.281081;-123.090971
"N20";1;12;"Eastbound E Hastings St @ Hawks Ave";49.281005;-123.086654
"N20";1;13;"Eastbound E Hastings St @ Campbell Ave";49.280957;-123.084231
"N20";1;14;"Eastbound E Hastings St @ Glen Dr";49.280904;-123.08086
"N20";1;15;"Eastbound E Hastings St @ Clark Dr";49.281195;-123.076457
"N20";1;16;"Eastbound E Hastings St @ McLean Dr";49.281191;-123.073421
"N20";1;17;"Southbound Commercial Dr @ E Hastings St";49.280806;-123.070549
"N20";1;18;"Southbound Commercial Dr @ Frances St";49.279104;-123.070545
"N20";1;19;"Southbound Commercial Diversion @ Adanac St";49.277328;-123.069881
"N20";1;20;"Southbound Commercial Dr @ Parker St";49.275512;-123.06961
"N20";1;21;"Southbound Commercial Dr @ William St";49.273685;-123.069647
"N20";1;22;"Southbound Commercial Dr @ Kitchener St";49.271878;-123.069692
"N20";1;23;"Southbound Commercial Dr @ Graveley St";49.270207;-123.069755
"N20";1;24;"Southbound Commercial Dr @ E 3rd Ave";49.267975;-123.06976
"N20";1;25;"Southbound Commercial Dr @ E 6th Ave";49.264806;-123.069842
"N20";1;26;"Southbound Commercial Dr @ N Grandview Hwy";49.263232;-123.069903
"N20";1;27;"Commercial-Broadway Station @ Bay 2";49.261929;-123.069913
"N20";1;28;"Southbound Commercial Dr @ E 12 Ave";49.258832;-123.069972
"N20";1;29;"Southbound Commercial Dr @ E 14 Ave";49.257485;-123.069954
"N20";1;30;"Southbound Victoria Diversion @ Commercial St";49.253864;-123.067594
"N20";1;31;"Southbound Victoria Dr @ Victoria Diversion";49.252727;-123.066107
"N20";1;32;"Southbound Victoria Dr @ E 22 Ave";49.249893;-123.065127
"N20";1;33;"Southbound Victoria Dr @ E 26 Ave";49.247318;-123.065204
"N20";1;34;"Southbound Victoria Dr @ Kingsway";49.244809;-123.0653
"N20";1;35;"Southbound Victoria Dr @ E 31 Ave";49.24251;-123.065373
"N20";1;36;"Southbound Victoria Dr @ E 33 Ave";49.239661;-123.065469
"N20";1;37;"Southbound Victoria Dr @ E 36 Ave";49.237254;-123.065531
"N20";1;38;"Southbound Victoria Dr @ E 38 Ave";49.235445;-123.065593
"N20";1;39;"Southbound Victoria Dr @ E 41 Ave";49.232253;-123.065682
"N20";1;40;"Southbound Victoria Dr @ E 43 Ave";49.230264;-123.065727
"N20";1;41;"Southbound Victoria Dr @ Waverley Ave";49.226693;-123.065819
"N20";1;42;"Southbound Victoria Dr @ E 49 Ave";49.224857;-123.065873
"N20";1;43;"Southbound Victoria Dr @ E 51 Ave";49.223127;-123.065922
"N20";1;44;"Southbound Victoria Dr @ E 53 Ave";49.221481;-123.065964
"N20";1;45;"Southbound Victoria Dr @ Argyle Dr";49.219611;-123.065976
"N20";1;46;"Southbound Victoria Dr @ Upland Dr";49.217768;-123.066039
"N20";1;47;"Southbound Victoria Dr @ Newport Ave";49.215036;-123.066092
"N20";1;48;"Southbound Victoria Dr @ Thornhill Dr";49.213015;-123.066138
"N20";1;49;"Southbound Victoria Dr @ E 64 Ave";49.21118;-123.066167
"N20";1;50;"Westbound SE Marine Dr @ Victoria Dr";49.209974;-123.066581
"N20";1;51;"Westbound SE Marine Dr @ Argyle St";49.211151;-123.072699
"N20";1;52;"Westbound SE Marine Dr @ Knight St";49.21122;-123.076755
"N20";1;53;"Westbound SE Marine Dr @ Inverness St";49.211201;-123.08071
"N20";1;54;"Westbound SE Marine Dr @ Ross St";49.211217;-123.083635
"N20";1;55;"Westbound SE Marine Dr @ Chester St";49.211147;-123.089925
"N20";1;56;"Westbound SE Marine Dr @ Poplar St";49.211133;-123.092844
"N20";1;57;"Westbound SE Marine Dr @ Poplar St";49.211145;-123.09365
"N20";1;58;"Westbound SE Marine Dr @ Prince Edward St";49.210898;-123.098986
"N20";1;59;"Westbound SE Marine Dr @ Main St";49.211487;-123.103003
"N20";1;60;"Westbound SW Marine Dr @ Ontario St";49.212459;-123.107012
"N20";1;61;"Westbound SW Marine Dr @ Manitoba St";49.212212;-123.110409
"N20";1;62;"Marine Drive Station @ Bay 2";49.209383;-123.116116
"N22";0;1;"Dunbar Loop @ Bay 2";49.234661;-123.185757
"N22";0;2;"Eastbound W 41 Ave @ Collingwood St";49.234698;-123.181583
"N22";0;3;"Eastbound W 41 Ave @ Blenheim St";49.234696;-123.178303
"N22";0;4;"Eastbound W 41 Ave @ Carnarvon St";49.23467;-123.173495
"N22";0;5;"Northbound Mackenzie St @ W 38 Ave";49.237919;-123.170182
"N22";0;6;"Northbound Mackenzie St @ W 34 Ave";49.241643;-123.170163
"N22";0;7;"Northbound Mackenzie St @ W 30 Ave";49.245547;-123.17011
"N22";0;8;"Northbound Quesnel Dr @ W King Edward Ave";49.24951;-123.171667
"N22";0;9;"Northbound Macdonald St @ W King Edward Ave";49.248517;-123.167771
"N22";0;10;"Northbound Macdonald St @ Oliver Cres";49.249455;-123.167732
"N22";0;11;"Northbound Macdonald St @ W 22 Ave";49.253089;-123.167687
"N22";0;12;"Northbound Macdonald St @ W 16 Ave";49.258079;-123.168299
"N22";0;13;"Northbound Macdonald St @ W 13 Ave";49.260303;-123.168238
"N22";0;14;"Northbound Macdonald St @ W 12 Ave";49.261778;-123.168164
"N22";0;15;"Northbound Macdonald St @ W 10 Ave";49.263469;-123.168097
"N22";0;16;"Northbound Macdonald St @ W 7th Ave";49.266101;-123.168316
"N22";0;17;"Northbound Macdonald St @ W 4th Ave";49.268721;-123.168221
"N22";0;18;"Northbound Macdonald St @ W 2nd Ave";49.270491;-123.168159
"N22";0;19;"Eastbound Cornwall Ave @ Trafalgar St";49.272658;-123.163937
"N22";0;20;"Eastbound Cornwall Ave @ Balsam St";49.272582;-123.159332
"N22";0;21;"Eastbound Cornwall Ave @ Yew St";49.272516;-123.154543
"N22";0;22;"Eastbound Cornwall Ave @ Arbutus St";49.272471;-123.152226
"N22";0;23;"Eastbound Cornwall Ave @ Cypress St";49.272368;-123.14734
"N22";0;24;"Northbound Burrard St @ Pacific St";49.277226;-123.131783
"N22";0;25;"Northbound Burrard St @ Davie St";49.278885;-123.129252
"N22";0;26;"Northbound Burrard St @ Comox St";49.280741;-123.126502
"N22";0;27;"Northbound Burrard St @ Smithe St";49.282359;-123.124019
"N22";0;28;"Northbound Burrard St @ Robson St";49.283593;-123.12214
"N22";0;29;"Eastbound W Georgia St @ Burrard St";49.284015;-123.120673
"N22";0;30;"Eastbound W Georgia St @ Granville St";49.28264;-123.118529
"N22";1;1;"Eastbound W Georgia St @ Granville St";49.28264;-123.118529
"N22";1;2;"Westbound W Pender St @ Seymour St";49.283818;-123.113429
"N22";1;3;"Westbound W Pender St @ Granville St";49.284575;-123.114596
"N22";1;4;"Burrard Station @ Bay 1";49.285306;-123.119982
"N22";1;5;"Southbound Burrard St @ Robson St";49.283087;-123.123336
"N22";1;6;"Southbound Burrard St @ Barclay St";49.282068;-123.12488
"N22";1;7;"Southbound Burrard St @ Nelson St";49.280981;-123.126516
"N22";1;8;"Southbound Burrard St @ Davie St";49.278914;-123.12964
"N22";1;9;"Southbound Burrard St @ Harwood St";49.277837;-123.131265
"N22";1;10;"Westbound Cornwall Ave @ Cypress St";49.272539;-123.148302
"N22";1;11;"Westbound Cornwall Ave @ Arbutus St";49.272608;-123.152989
"N22";1;12;"Westbound Cornwall Ave @ Yew St";49.272645;-123.155439
"N22";1;13;"Westbound Cornwall Ave @ Balsam St";49.272731;-123.160216
"N22";1;14;"Westbound Cornwall Ave @ Trafalgar St";49.272795;-123.164773
"N22";1;15;"Southbound Macdonald St @ W 1st Ave";49.270753;-123.168323
"N22";1;16;"Southbound Macdonald St @ W 4th Ave";49.268064;-123.168411
"N22";1;17;"Southbound Macdonald St @ W 6th Ave";49.266274;-123.168483
"N22";1;18;"Southbound Macdonald St @ W Broadway";49.264268;-123.168373
"N22";1;19;"Southbound Macdonald St @ W 11 Ave";49.261885;-123.16835
"N22";1;20;"Southbound Macdonald St @ W 13 Ave";49.260158;-123.168427
"N22";1;21;"Southbound Macdonald St @ W 16th Ave";49.258001;-123.168503
"N22";1;22;"Southbound Macdonald St @ W 16 Ave";49.257261;-123.168508
"N22";1;23;"Southbound Macdonald St @ W 21 Ave";49.253375;-123.16787
"N22";1;24;"Southbound Macdonald St @ Alamein Ave";49.249795;-123.167932
"N22";1;25;"Westbound W King Edward Ave @ Macdonald St";49.248646;-123.16864
"N22";1;26;"Southbound Quesnel Dr @ W King Edward Ave";49.249603;-123.171914
"N22";1;27;"Southbound Mackenzie St @ W 29 Ave";49.245848;-123.170308
"N22";1;28;"Southbound Mackenzie St @ W 33 Ave";49.242027;-123.17035
"N22";1;29;"Southbound Mackenzie St @ W 37 Ave";49.238254;-123.170377
"N22";1;30;"Westbound W 41 Ave @ Mackenzie St";49.234822;-123.170847
"N22";1;31;"Westbound W 41 Ave @ Carnarvon St";49.234826;-123.174148
"N22";1;32;"Westbound W 41 Ave @ Blenheim St";49.234837;-123.179482
"N22";1;33;"Westbound W 41 Ave @ Collingwood St";49.234842;-123.182673
"N22";1;34;"Dunbar Loop @ Bay 2";49.234661;-123.185757
"N24";0;1;"Southbound Howe St @ Dunsmuir St";49.284576;-123.117067
"N24";0;2;"Eastbound W Pender St @ Burrard St";49.286121;-123.117245
"N24";0;3;"Eastbound W Pender St @ Granville St";49.284791;-123.115231
"N24";0;4;"Eastbound W Pender St @ Seymour St";49.283753;-123.113589
"N24";0;5;"Eastbound W Pender St @ Hamilton St";49.281799;-123.110618
"N24";0;6;"Southbound Cambie St @ Dunsmuir St";49.280808;-123.111146
"N24";0;7;"Westbound W Georgia St @ Homer St";49.280921;-123.115491
"N24";0;8;"Westbound W Georgia St @ Granville St";49.282879;-123.118524
"N24";0;9;"Westbound W Georgia St @ Burrard St";49.284777;-123.121449
"N24";0;10;"Westbound W Georgia St @ Bute St";49.287432;-123.125567
"N24";0;11;"Westbound W Georgia St @ Broughton St";49.289356;-123.128526
"N24";0;12;"Westbound W Georgia St @ Cardero St";49.290935;-123.130883
"N24";0;13;"Westbound W Georgia St @ Denman St";49.292951;-123.134018
"N24";0;14;"Eastbound Marine Dr @ Capilano Rd";49.323943;-123.121834
"N24";0;15;"Eastbound Marine Dr @ Tatlow Ave";49.323841;-123.117097
"N24";0;16;"Eastbound Marine Dr @ Philip Ave";49.323817;-123.112372
"N24";0;17;"Eastbound Marine Dr @ Bridgman Ave";49.323788;-123.109947
"N24";0;18;"Eastbound Marine Dr @ Pemberton Ave";49.323778;-123.107244
"N24";0;19;"Eastbound Marine Dr @ Lloyd Ave";49.32375;-123.105298
"N24";0;20;"Eastbound Marine Dr @ Hamilton Ave";49.322589;-123.099039
"N24";0;21;"Eastbound Marine Dr @ Fell Ave";49.321178;-123.094959
"N24";0;22;"Eastbound W 3rd St @ Bewicke Ave";49.320065;-123.091862
"N24";0;23;"Eastbound W 3rd St @ Forbes Ave";49.316725;-123.084748
"N24";0;24;"Eastbound W 3rd St @ Mahon Ave";49.315826;-123.082703
"N24";0;25;"Southbound Chesterfield Ave @ W 3rd St";49.314494;-123.080587
"N24";0;26;"Lonsdale Quay @ Bay 8";49.310742;-123.082912
"N24";0;27;"Northbound Lonsdale Ave @ E 1st St";49.312182;-123.07821
"N24";0;28;"Northbound Lonsdale Ave @ E 2nd St";49.312944;-123.077418
"N24";0;29;"Northbound Lonsdale Ave @ E 4th St";49.314476;-123.075822
"N24";0;30;"Northbound Lonsdale Ave @ E Keith Rd";49.316943;-123.073317
"N24";0;31;"Northbound Lonsdale Ave @ E 8th St";49.317657;-123.072585
"N24";0;32;"Northbound Lonsdale Ave @ E 13 St";49.320352;-123.07224
"N24";0;33;"Northbound Lonsdale Ave @ E 15 St";49.322458;-123.072182
"N24";0;34;"Northbound Lonsdale Ave @ E 17 St";49.323923;-123.072194
"N24";0;35;"Northbound Lonsdale Ave @ E 19 St";49.326627;-123.072103
"N24";0;36;"Northbound Lonsdale Ave @ E 21 St";49.32888;-123.072061
"N24";0;37;"Northbound Lonsdale Ave @ E 23 St";49.330025;-123.071991
"N24";0;38;"Northbound Lonsdale Ave @ E 27 St";49.334503;-123.071871
"N24";0;39;"Eastbound E 29 St @ Lonsdale Ave";49.335573;-123.071305
"N24";0;40;"Eastbound E 29 St @ St. Georges Ave";49.335578;-123.068457
"N24";0;41;"Eastbound E 29 St @ St. Andrews Ave";49.33557;-123.065638
"N24";0;42;"Eastbound E 29 St @ St. Kilda Ave";49.335549;-123.061435
"N24";0;43;"Eastbound E 29 St @ Brand St";49.335533;-123.058455
"N24";0;44;"Eastbound E 29 St @ Tempe Glen Dr";49.335508;-123.0542
"N24";0;45;"Eastbound E 29 St @ William Ave";49.335461;-123.049508
"N24";0;46;"Eastbound E 29 St @ St. Christophers Rd";49.335422;-123.045671
"N24";0;47;"Eastbound E 29 St @ Fromme Rd";49.335409;-123.043403
"N24";0;48;"Eastbound Lynn Valley Rd @ E 29 St";49.335452;-123.040995
"N24";0;49;"Lynn Valley @ Bay 1";49.336608;-123.038743
"N24";1;1;"Lonsdale Quay @ Bay 1";49.310597;-123.082918
"N24";1;2;"Westbound W Esplanade Ave @ Rogers Ave";49.312;-123.081387
"N24";1;3;"Northbound Chesterfield Ave @ W 1st St";49.313517;-123.081348
"N24";1;4;"Northbound Chesterfield Ave @ W 2nd St";49.314235;-123.080618
"N24";1;5;"Westbound W 3rd St @ Chesterfield Ave";49.315137;-123.080729
"N24";1;6;"Westbound W 3rd St @ Mahon Ave";49.316465;-123.083796
"N24";1;7;"Westbound W 3rd St @ Forbes Ave";49.317037;-123.085089
"N24";1;8;"Westbound W 3rd St @ Mission Rd";49.318364;-123.088085
"N24";1;9;"Westbound Marine Dr @ Bewicke Ave";49.32061;-123.092706
"N24";1;10;"Westbound Marine Dr @ Fell Ave";49.32151;-123.095264
"N24";1;11;"Westbound Marine Dr @ Hanes Ave";49.322273;-123.097423
"N24";1;12;"Westbound Marine Dr @ Hamilton Ave";49.323076;-123.0996
"N24";1;13;"Westbound Marine Dr @ Mackay Ave";49.323913;-123.103303
"N24";1;14;"Westbound Marine Dr @ Lloyd Ave";49.323931;-123.105534
"N24";1;15;"Westbound Marine Dr @ Pemberton Ave";49.323956;-123.108455
"N24";1;16;"Westbound Marine Dr @ Bridgman Ave";49.323979;-123.11116
"N24";1;17;"Westbound Marine Dr @ Philip Ave";49.323999;-123.11389
"N24";1;18;"Westbound Marine Dr @ Bowser Ave";49.324013;-123.116614
"N24";1;19;"Westbound Marine Dr @ McGuire Ave";49.324033;-123.11995
"N24";1;20;"Westbound Marine Dr @ Capilano Rd";49.324577;-123.122926
"N24";1;21;"Southbound Lions Gate Bridge Onramp @ Marine Dr";49.326637;-123.128681
"N24";1;22;"Eastbound W Georgia St @ Gilford St";49.293655;-123.135601
"N24";1;23;"Eastbound W Georgia St @ Denman St";49.292217;-123.133397
"N24";1;24;"Eastbound W Georgia St @ Cardero St";49.290268;-123.130384
"N24";1;25;"Eastbound W Georgia St @ Broughton St";49.288694;-123.127919
"N24";1;26;"Eastbound W Georgia St @ Bute St";49.286717;-123.124885
"N24";1;27;"Eastbound W Georgia St @ Burrard St";49.284015;-123.120673
"N24";1;28;"Eastbound W Georgia St @ Granville St";49.28264;-123.118529
"N24";1;29;"Northbound Seymour St @ Dunsmuir St";49.282782;-123.115596
"N24";1;30;"Westbound W Pender St @ Granville St";49.284575;-123.114596
"N24";1;31;"Southbound Howe St @ Dunsmuir St";49.284576;-123.117067
"N35";0;1;"Westbound W Pender St @ Howe St";49.285131;-123.115432
"N35";0;2;"Eastbound W Georgia St @ Granville St";49.28264;-123.118529
"N35";0;3;"Northbound Seymour St @ Dunsmuir St";49.282782;-123.115596
"N35";0;4;"Eastbound W Hastings St @ Seymour St";49.284334;-123.112551
"N35";0;5;"Eastbound W Hastings St @ Homer St";49.283054;-123.110546
"N35";0;6;"Eastbound W Hastings St @ Abbott St";49.28179;-123.106526
"N35";0;7;"Eastbound W Hastings St @ Carrall St";49.281469;-123.104795
"N35";0;8;"Eastbound E Hastings St @ Main St";49.281225;-123.099034
"N35";0;9;"Eastbound E Hastings St @ Dunlevy Ave";49.281161;-123.094737
"N35";0;10;"Eastbound E Hastings St @ Jackson Ave";49.281112;-123.092955
"N35";0;11;"Eastbound E Hastings St @ Princess Ave";49.281081;-123.090971
"N35";0;12;"Eastbound E Hastings St @ Hawks Ave";49.281005;-123.086654
"N35";0;13;"Eastbound E Hastings St @ Campbell Ave";49.280957;-123.084231
"N35";0;14;"Eastbound E Hastings St @ Glen Dr";49.280904;-123.08086
"N35";0;15;"Eastbound E Hastings St @ Clark Dr";49.281195;-123.076457
"N35";0;16;"Eastbound E Hastings St @ McLean Dr";49.281191;-123.073421
"N35";0;17;"Eastbound E Hastings St @ Commercial Dr";49.28111;-123.069698
"N35";0;18;"Eastbound E Hastings St @ Victoria Dr";49.28108;-123.064979
"N35";0;19;"Eastbound E Hastings St @ Templeton Dr";49.281098;-123.059289
"N35";0;20;"Eastbound E Hastings St @ Nanaimo St";49.281059;-123.055828
"N35";0;21;"Eastbound E Hastings St @ Kamloops St";49.281035;-123.054098
"N35";0;22;"Eastbound E Hastings St @ Slocan St";49.281056;-123.048711
"N35";0;23;"Eastbound E Hastings St @ Kaslo St";49.281035;-123.046243
"N35";0;24;"Eastbound E Hastings St @ Renfrew St";49.281012;-123.043299
"N35";0;25;"Eastbound E Hastings St @ Lillooet St";49.281041;-123.038301
"N35";0;26;"Eastbound E Hastings St @ Windermere St";49.281027;-123.035464
"N35";0;27;"Eastbound E Hastings St @ Cassiar St";49.281014;-123.029969
"N35";0;28;"Kootenay Loop @ Bay 8";49.281026;-123.024952
"N35";0;29;"Eastbound Hastings St @ Ingleton Ave";49.280991;-123.018168
"N35";0;30;"Eastbound Hastings St @ MacDonald Ave";49.280966;-123.015771
"N35";0;31;"Eastbound Hastings St @ Gilmore Ave";49.280953;-123.013446
"N35";0;32;"Eastbound Hastings St @ Madison Ave";49.280948;-123.008143
"N35";0;33;"Eastbound Hastings St @ Willingdon Ave";49.280927;-123.005171
"N35";0;34;"Eastbound Hastings St @ Alpha";49.2809;-123.00183
"N35";0;35;"Eastbound Hastings St @ Beta Ave";49.280896;-122.996968
"N35";0;36;"Eastbound Hastings St @ Hythe Ave";49.280184;-122.989776
"N35";0;37;"Eastbound Hastings St @ Springer Ave";49.280252;-122.987294
"N35";0;38;"Eastbound Hastings St @ Howard Ave";49.280242;-122.983238
"N35";0;39;"Eastbound Hastings St @ Holdom Ave";49.280238;-122.979963
"N35";0;40;"Eastbound Hastings St @ Fell Ave";49.280241;-122.975132
"N35";0;41;"Eastbound Hastings St @ Kensington Ave";49.280235;-122.969233
"N35";0;42;"Eastbound Hastings St @ Sperling Ave";49.280265;-122.963874
"N35";0;43;"Eastbound Hastings St @ Inlet Dr";49.280303;-122.957608
"N35";0;44;"Eastbound Hastings St @ Duthie Ave";49.280277;-122.952556
"N35";0;45;"Eastbound Burnaby Mountain Parkway @ Burnwood Ave";49.277354;-122.946042
"N35";0;46;"Eastbound Burnaby Mountain Parkway @ Curtis St";49.275139;-122.941231
"N35";0;47;"SFU Transportation Centre @ Bay 2";49.279954;-122.919905
"N35";0;48;"SFU Transit Exchange @ Bay 2";49.278484;-122.91279
"N35";1;1;"SFU Transit Exchange @ Bay 2";49.278484;-122.91279
"N35";1;2;"Southbound Tower Rd @ University High Street";49.277133;-122.909375
"N35";1;3;"Westbound S Campus Rd @ Science Rd";49.276558;-122.916031
"N35";1;4;"SFU Transportation Centre @ Bay 1";49.279957;-122.920119
"N35";1;5;"Westbound University Dr W @ W Campus Rd";49.281238;-122.928277
"N35";1;6;"Westbound Burnaby Mountain Parkway @ Curtis St";49.275447;-122.941479
"N35";1;7;"Westbound Burnaby Mountain Parkway @ Burnwood Ave";49.278164;-122.946823
"N35";1;8;"Westbound Hastings St @ Duthie Ave";49.280475;-122.954024
"N35";1;9;"Westbound Hastings St @ Cliff Ave";49.280434;-122.959531
"N35";1;10;"Westbound Hastings St @ Sperling Ave";49.280454;-122.965315
"N35";1;11;"Westbound Hastings St @ Kensington Ave";49.280464;-122.970602
"N35";1;12;"Westbound Hastings St @ Fell Ave";49.280427;-122.976062
"N35";1;13;"Westbound Hastings St @ Holdom Ave";49.280436;-122.98142
"N35";1;14;"Westbound Hastings St @ Howard Ave";49.28043;-122.984501
"N35";1;15;"Westbound Hastings St @ Springer Ave";49.280441;-122.988354
"N35";1;16;"Westbound Hastings St @ Hythe Ave";49.28024;-122.991013
"N35";1;17;"Westbound Hastings St @ Gamma Ave";49.281077;-122.995896
"N35";1;18;"Westbound Hastings St @ Alpha Ave";49.281099;-123.000747
"N35";1;19;"Westbound Hastings St @ Willingdon Ave-";49.281121;-123.003852
"N35";1;20;"Westbound Hastings St @ Madison Ave";49.281127;-123.009258
"N35";1;21;"Westbound Hastings St @ Gilmore Ave";49.281146;-123.013374
"N35";1;22;"Westbound Hastings St @ MacDonald Ave";49.281164;-123.016705
"N35";1;23;"Westbound Hastings St @ Ingleton Ave";49.281179;-123.01911
"N35";1;24;"Westbound Hastings St @ Esmond Ave";49.281222;-123.021845
"N35";1;25;"Kootenay Loop @ Bay 7";49.281204;-123.025393
"N35";1;26;"Westbound E Hastings St @ Skeena St";49.281215;-123.028984
"N35";1;27;"Westbound E Hastings St @ Cassiar St";49.281267;-123.032823
"N35";1;28;"Westbound E Hastings St @ Windermere St";49.281219;-123.036936
"N35";1;29;"Westbound E Hastings St @ Renfrew St";49.281229;-123.044631
"N35";1;30;"Westbound E Hastings St @ Kaslo St";49.281226;-123.047423
"N35";1;31;"Westbound E Hastings St @ Penticton St";49.281245;-123.051351
"N35";1;32;"Westbound E Hastings St @ Nanaimo St";49.281242;-123.057254
"N35";1;33;"Westbound E Hastings St @ Templeton Dr";49.28126;-123.060231
"N35";1;34;"Westbound E Hastings St @ Lakewood Dr";49.28127;-123.062205
"N35";1;35;"Westbound E Hastings St @ Victoria Dr";49.281297;-123.066124
"N35";1;36;"Westbound E Hastings St @ Commercial Dr";49.281362;-123.071174
"N35";1;37;"Westbound E Hastings St @ McLean Dr";49.281378;-123.074606
"N35";1;38;"Westbound E Hastings St @ Clark Dr";49.281445;-123.077888
"N35";1;39;"Westbound E Hastings St @ Glen Dr";49.281111;-123.081789
"N35";1;40;"Westbound E Hastings St @ Campbell Ave";49.281155;-123.085249
"N35";1;41;"Westbound E Hastings St @ Hawks Ave";49.2812;-123.087667
"N35";1;42;"Westbound E Hastings St @ Princess Ave";49.281282;-123.092019
"N35";1;43;"Westbound E Hastings St @ Jackson Ave";49.281321;-123.093904
"N35";1;44;"Westbound E Hastings St @ Dunlevy Ave";49.281356;-123.095847
"N35";1;45;"Westbound E Hastings St @ Main St";49.28144;-123.1003
"N35";1;46;"Westbound W Hastings St @ Carrall St";49.281733;-123.105366
"N35";1;47;"Westbound W Hastings St @ Abbott St";49.282221;-123.108043
"N35";1;48;"Westbound W Hastings St @ Hamilton St";49.283085;-123.110279
"N35";1;49;"Westbound W Pender St @ Howe St";49.285131;-123.115432
"N8";0;1;"Westbound W Pender St @ Howe St";49.285131;-123.115432
"N8";0;2;"Eastbound W Georgia St @ Granville St";49.28264;-123.118529
"N8";0;3;"Northbound Seymour St @ Dunsmuir St";49.282782;-123.115596
"N8";0;4;"Waterfront Station @ Bay 3";49.284786;-123.111191
"N8";0;5;"Eastbound W Cordova St @ Homer St";49.283719;-123.10959
"N8";0;6;"Eastbound W Cordova St @ Carrall St";49.282442;-123.104634
"N8";0;7;"Eastbound E Cordova St @ Columbia St";49.282264;-123.101644
"N8";0;8;"Southbound Main St @ E Hastings St";49.28081;-123.099812
"N8";0;9;"Southbound Main St @ Keefer St";49.279029;-123.099896
"N8";0;10;"Southbound Main St @ National Ave";49.274506;-123.100141
"N8";0;11;"Main Street-Science World Station @ Bay 1";49.273072;-123.100189
"N8";0;12;"Southbound Main St @ Switchmen St";49.270621;-123.100821
"N8";0;13;"Southbound Main St @ E 2nd Ave";49.268688;-123.100898
"N8";0;14;"Southbound Main St @ E 5th Ave";49.266106;-123.100973
"N8";0;15;"Eastbound Kingsway @ Main St";49.263792;-123.100509
"N8";0;16;"Eastbound E Broadway @ Kingsway";49.262719;-123.098055
"N8";0;17;"Eastbound E Broadway @ Prince Edward St";49.262454;-123.095524
"N8";0;18;"Eastbound E Broadway @ St. George St";49.262402;-123.092514
"N8";0;19;"Southbound Fraser St @ E Broadway";49.262021;-123.089232
"N8";0;20;"Southbound Fraser St @ E 11 Ave";49.26032;-123.089275
"N8";0;21;"Southbound Fraser St @ E 13 Ave";49.258479;-123.089284
"N8";0;22;"Southbound Fraser St @ E 16 Ave";49.256115;-123.090057
"N8";0;23;"Southbound Fraser St @ E 19 Ave";49.253864;-123.090092
"N8";0;24;"Southbound Fraser St @ E 21 Ave";49.25162;-123.090186
"N8";0;25;"Southbound Fraser St @ E 23 Ave";49.249808;-123.090246
"N8";0;26;"Southbound Fraser St @ E King Edward Ave";49.248306;-123.090273
"N8";0;27;"Southbound Fraser St @ E 27 Ave";49.246305;-123.090308
"N8";0;28;"Southbound Fraser St @ E 29 Ave";49.244247;-123.090388
"N8";0;29;"Southbound Fraser St @ E 31 Ave";49.242261;-123.090417
"N8";0;30;"Southbound Fraser St @ E 33 Ave";49.239976;-123.090476
"N8";0;31;"Southbound Fraser St @ E 35 Ave";49.238045;-123.090514
"N8";0;32;"Southbound Fraser St @ E 37 Ave";49.236049;-123.090613
"N8";0;33;"Southbound Fraser St @ E 39 Ave";49.234521;-123.090651
"N8";0;34;"Southbound Fraser St @ E 41 Ave";49.232476;-123.090717
"N8";0;35;"Southbound Fraser St @ E 43 Ave";49.230719;-123.090713
"N8";0;36;"Southbound Fraser St @ E 45 Ave";49.228897;-123.090762
"N8";0;37;"Southbound Fraser St @ E 47 Ave";49.227099;-123.090813
"N8";0;38;"Southbound Fraser St @ E 49 Ave";49.225133;-123.090918
"N8";0;39;"Southbound Fraser St @ E 51 Ave";49.223292;-123.090958
"N8";0;40;"Southbound Fraser St @ E 53 Ave";49.22148;-123.091
"N8";0;41;"Southbound Fraser St @ E 55 Ave";49.219642;-123.091056
"N8";0;42;"Southbound Fraser St @ E 57 Ave";49.217937;-123.091092
"N8";0;43;"Southbound Fraser St @ E 59 Ave";49.216234;-123.091124
"N8";0;44;"Southbound Fraser St @ E 61 Ave";49.214571;-123.091155
"N8";0;45;"Southbound Fraser St @ E 63 Ave";49.212749;-123.091181
"N8";0;46;"Southbound Fraser St @ E 65 Ave";49.211508;-123.091218
"N8";0;47;"Westbound SE Marine Dr @ Poplar St";49.211133;-123.092844
"N8";0;48;"Westbound SE Marine Dr @ Poplar St";49.211145;-123.09365
"N8";0;49;"Westbound SE Marine Dr @ Prince Edward St";49.210898;-123.098986
"N8";0;50;"Westbound SE Marine Dr @ Main St";49.211487;-123.103003
"N8";0;51;"Westbound SW Marine Dr @ Ontario St";49.212459;-123.107012
"N8";0;52;"Westbound SW Marine Dr @ Manitoba St";49.212212;-123.110409
"N8";0;53;"Marine Drive Station @ Bay 2";49.209383;-123.116116
"N8";1;1;"Marine Drive Station @ Bay 1";49.209087;-123.116823
"N8";1;2;"Eastbound SW Marine Dr @ Manitoba St";49.212198;-123.109277
"N8";1;3;"Eastbound SE Marine Dr @ Ontario St";49.21214;-123.106006
"N8";1;4;"Eastbound SE Marine Dr @ Main St";49.210807;-123.101511
"N8";1;5;"Eastbound SE Marine Dr @ Prince Edward St";49.210767;-123.097945
"N8";1;6;"Eastbound SE Marine Dr @ St. George St";49.210918;-123.093606
"N8";1;7;"Northbound Fraser St @ E 65 Ave";49.212147;-123.090933
"N8";1;8;"Northbound Fraser St @ E 62 Ave";49.214241;-123.090903
"N8";1;9;"Northbound Fraser St @ E 60 Ave";49.215947;-123.090881
"N8";1;10;"Northbound Fraser St @ E 56 Ave";49.219428;-123.090815
"N8";1;11;"Northbound Fraser St @ E 54 Ave";49.22126;-123.090756
"N8";1;12;"Northbound Fraser St @ E 52 Ave";49.223033;-123.090707
"N8";1;13;"Northbound Fraser St @ E 49 Ave";49.225766;-123.090643
"N8";1;14;"Northbound Fraser St @ E 47 Ave";49.227632;-123.090596
"N8";1;15;"Northbound Fraser St @ E 45 Ave";49.229442;-123.090556
"N8";1;16;"Northbound Fraser St @ E 43 Ave";49.231265;-123.0905
"N8";1;17;"Northbound Fraser St @ E 41 Ave";49.232426;-123.090467
"N8";1;18;"Northbound Fraser St @ E 39 Ave";49.235102;-123.090364
"N8";1;19;"Northbound Fraser St @ E 37 Ave";49.236772;-123.090324
"N8";1;20;"Northbound Fraser St @ E 35 Ave";49.23862;-123.090274
"N8";1;21;"Northbound Fraser St @ E 33 Ave";49.240627;-123.09022
"N8";1;22;"Northbound Fraser St @ E 31 Ave";49.242872;-123.090196
"N8";1;23;"Northbound Fraser St @ E 28 Ave";49.245869;-123.090107
"N8";1;24;"Northbound Fraser St @ E King Edward Ave";49.248973;-123.089998
"N8";1;25;"Northbound Fraser St @ E 22 Ave";49.251282;-123.089924
"N8";1;26;"Northbound Fraser St @ E 19 Ave";49.253502;-123.08986
"N8";1;27;"Northbound Fraser St @ E 17 Ave";49.255774;-123.089737
"N8";1;28;"Northbound Fraser St @ E 14 Ave";49.258292;-123.089096
"N8";1;29;"Northbound Fraser St @ E 12 Ave";49.260077;-123.089055
"N8";1;30;"Northbound Fraser St @ E 10 Ave";49.261837;-123.08903
"N8";1;31;"Westbound E Broadway @ Fraser St";49.262593;-123.09009
"N8";1;32;"Westbound E Broadway @ St. George St";49.262598;-123.093535
"N8";1;33;"Westbound E Broadway @ Prince Edward St";49.262835;-123.096513
"N8";1;34;"Westbound Kingsway @ E Broadway";49.263296;-123.099681
"N8";1;35;"Northbound Main St @ E 6th Ave";49.265339;-123.100685
"N8";1;36;"Northbound Main St @ E 5th Ave";49.266719;-123.100662
"N8";1;37;"Northbound Main St @ E 2nd Ave";49.269455;-123.100505
"N8";1;38;"Main Street-Science World Station @ Bay 2";49.273395;-123.099831
"N8";1;39;"Northbound Main St @ National Ave";49.275321;-123.099748
"N8";1;40;"Northbound Main St @ E Georgia St";49.278968;-123.099607
"N8";1;41;"Westbound E Hastings St @ Main St";49.28144;-123.1003
"N8";1;42;"Westbound W Hastings St @ Carrall St";49.281733;-123.105366
"N8";1;43;"Westbound W Hastings St @ Abbott St";49.282221;-123.108043
"N8";1;44;"Westbound W Hastings St @ Hamilton St";49.283085;-123.110279
"N8";1;45;"Westbound W Pender St @ Howe St";49.285131;-123.115432
"N9";0;1;"Northbound Seymour St @ W Georgia St";49.281477;-123.117549
"N9";0;2;"Northbound Seymour St @ Dunsmuir St";49.282782;-123.115596
"N9";0;3;"Southbound Howe St @ W Georgia St";49.282906;-123.119595
"N9";0;4;"Southbound Howe St @ Robson St";49.281831;-123.121239
"N9";0;5;"Southbound Howe St @ Nelson St";49.279698;-123.124449
"N9";0;6;"Southbound Howe St @ Davie St";49.277987;-123.127052
"N9";0;7;"Southbound Granville St @ W 5th Ave";49.266704;-123.138572
"N9";0;8;"Eastbound W Broadway @ Hemlock St";49.263445;-123.134487
"N9";0;9;"Eastbound W Broadway @ Alder St";49.263381;-123.130979
"N9";0;10;"Eastbound W Broadway @ Spruce St";49.263296;-123.128317
"N9";0;11;"Eastbound W Broadway @ Willow St";49.26323;-123.121293
"N9";0;12;"Broadway-City Hall Station @ Bay 1";49.263107;-123.114283
"N9";0;13;"Eastbound W Broadway @ Columbia St";49.26302;-123.10905
"N9";0;14;"Eastbound W Broadway @ Ontario St";49.262944;-123.105734
"N9";0;15;"Eastbound E Broadway @ Kingsway";49.262778;-123.099816
"N9";0;16;"Eastbound E Broadway @ Kingsway";49.262719;-123.098055
"N9";0;17;"Eastbound E Broadway @ Prince Edward St";49.262454;-123.095524
"N9";0;18;"Eastbound E Broadway @ St. George St";49.262402;-123.092514
"N9";0;19;"Eastbound E Broadway  @ Fraser St";49.26236;-123.088379
"N9";0;20;"Eastbound E Broadway @ St. Catherines St";49.262351;-123.084744
"N9";0;21;"Eastbound E Broadway @ Glen Dr";49.262322;-123.080869
"N9";0;22;"Eastbound E Broadway @ Clark Dr";49.262269;-123.076797
"N9";0;23;"Eastbound E Broadway @ Woodland Dr";49.262258;-123.073194
"N9";0;24;"Commercial-Broadway Station @ Bay 1";49.262213;-123.068963
"N9";0;25;"Eastbound E Broadway @ Victoria Dr";49.262171;-123.065398
"N9";0;26;"Eastbound E Broadway @ Lakewood Dr";49.262171;-123.061609
"N9";0;27;"Eastbound E Broadway @ Nanaimo St";49.261889;-123.055558
"N9";0;28;"Eastbound E Broadway @ Penticton St";49.261916;-123.051333
"N9";0;29;"Eastbound E Broadway @ Slocan St";49.261917;-123.049151
"N9";0;30;"Eastbound E Broadway @ Kaslo St";49.261906;-123.046541
"N9";0;31;"Eastbound E Broadway @ Renfrew St";49.261812;-123.043749
"N9";0;32;"Eastbound E Broadway @ Nootka St";49.261793;-123.039755
"N9";0;33;"Eastbound E Broadway @ Lillooet St";49.261818;-123.037407
"N9";0;34;"Eastbound E Broadway @ Rupert St";49.261781;-123.033192
"N9";0;35;"Eastbound Lougheed Hwy @ Skeena St";49.263759;-123.027828
"N9";0;36;"Eastbound Henning Dr @ Boundary Rd";49.263596;-123.022725
"N9";0;37;"Eastbound Henning Dr @ 3800 Block";49.263862;-123.018496
"N9";0;38;"Gilmore Station @ Bay 1";49.264851;-123.014187
"N9";0;39;"Eastbound Lougheed Hwy @ Gilmore Ave";49.266023;-123.013528
"N9";0;40;"Eastbound Lougheed Hwy @ Madison Ave";49.266312;-123.008094
"N9";0;41;"Brentwood Station @ Bay 5";49.266239;-123.000899
"N9";0;42;"Brentwood Station @ Bay 3";49.266048;-122.996995
"N9";0;43;"Eastbound Lougheed Hwy @ Douglas Rd";49.264976;-122.991151
"N9";0;44;"Eastbound Lougheed Hwy @ Holdom Ave";49.264649;-122.980395
"N9";0;45;"Eastbound Lougheed Hwy @ Bainbridge Ave";49.258523;-122.955209
"N9";0;46;"Eastbound Lougheed Hwy @ Lake City Way";49.254139;-122.937052
"N9";0;47;"Production Way Station @ Bay 2";49.253798;-122.918198
"N9";0;48;"Eastbound Lougheed Hwy @ Gaglardi Way";49.252106;-122.911572
"N9";0;49;"Eastbound Lougheed Hwy @ Bell Ave";49.250978;-122.903693
"N9";0;50;"Eastbound Lougheed Hwy @ Government St";49.249751;-122.900121
"N9";0;51;"Lougheed Station @ Bay 10";49.247897;-122.895638
"N9";0;52;"Northbound North Rd @ Gatineau Place";49.248513;-122.892661
"N9";0;53;"Northbound North Rd @ Austin Ave";49.250455;-122.892713
"N9";0;54;"Northbound North Rd @ Cameron St";49.253122;-122.892752
"N9";0;55;"Northbound North Rd @ Foster Ave";49.257159;-122.89284
"N9";0;56;"Northbound North Rd @ Cottonwood Ave";49.258543;-122.892871
"N9";0;57;"Burquitlam Station @ Bay 5";49.261648;-122.889791
"N9";0;58;"Northbound Clarke Rd @ Como Lake Ave";49.264022;-122.886773
"N9";0;59;"Northbound Clarke Rd @ Kemsley Ave";49.266694;-122.883423
"N9";0;60;"Northbound Clarke Rd @ Robinson St";49.268704;-122.880872
"N9";0;61;"Northbound Clarke Rd @ Glenayre Dr";49.270229;-122.878905
"N9";0;62;"Eastbound Clarke Rd @ Albert St";49.276538;-122.867112
"N9";0;63;"Eastbound St. Johns St @ Douglas St";49.276593;-122.863686
"N9";0;64;"Eastbound St. Johns St @ Elgin St";49.276629;-122.861233
"N9";0;65;"Eastbound St. Johns St @ Kyle St";49.276631;-122.856207
"N9";0;66;"Eastbound St. Johns St @ Moody St";49.276575;-122.849147
"N9";0;67;"Eastbound St. Johns St @ Williams St";49.276544;-122.844333
"N9";0;68;"Eastbound St. Johns St @ Buller St";49.276532;-122.839688
"N9";0;69;"Eastbound St. Johns St @ Moray St";49.276599;-122.834269
"N9";0;70;"Eastbound St. Johns St @ Clearview Dr";49.276372;-122.830951
"N9";0;71;"Inlet Centre Station @ Bay 2";49.278102;-122.827095
"N9";0;72;"Northbound Ioco Rd @ Suter Brook Way";49.2797;-122.82696
"N9";0;73;"Northbound Ioco Rd @ Newport Dr";49.282831;-122.827884
"N9";0;74;"Eastbound Ungless Way @ Ioco Rd";49.28425;-122.827325
"N9";0;75;"Eastbound Guildford Way @ Ungless Way";49.283751;-122.822697
"N9";0;76;"Eastbound Guildford Way @ Falcon Dr";49.284284;-122.81816
"N9";0;77;"Eastbound Guildford Way @ Eagleridge Dr";49.283443;-122.81231
"N9";0;78;"Eastbound Guildford Way @ Lansdowne Dr";49.284404;-122.80902
"N9";0;79;"Eastbound Guildford Way @ Johnson St";49.285094;-122.80093
"N9";0;80;"Eastbound Guildford Way @ Pacific St";49.285106999999996;-122.797418
"N9";0;81;"Eastbound Guildford Way @ Town Centre Blvd";49.284897;-122.795058
"N9";0;82;"Southbound Pinetree Way @ Guildford Way";49.284128;-122.793018
"N9";0;83;"Southbound Pinetree Way @ Glen Dr";49.282274;-122.793385
"N9";0;84;"Lincoln Station @ Bay 1";49.280029;-122.794024
"N9";0;85;"Coquitlam Central Station @ Bay 6";49.27466;-122.799011
"N9";1;1;"Coquitlam Central Station @ Bay 6";49.27466;-122.799011
"N9";1;2;"Northbound Pinetree Way @ Anson Ave";49.277739;-122.795695
"N9";1;3;"Lincoln Station @ Bay 2";49.280122;-122.793523
"N9";1;4;"Northbound Pinetree Way @ Glen Dr";49.283337;-122.792982
"N9";1;5;"Lafarge Lake-Douglas Station @ Bay 3";49.285085;-122.793781
"N9";1;6;"Westbound Guildford Way @ Pacific St";49.285315;-122.797263
"N9";1;7;"Westbound Guildford Way @ Johnson St";49.285241;-122.802333
"N9";1;8;"Westbound Guildford Way @ 2800 Block";49.285021;-122.806025
"N9";1;9;"Westbound Guildford Way @ Lansdowne Dr";49.284287;-122.810431
"N9";1;10;"Westbound Guildford Way @ Eagleridge Dr";49.283489;-122.813271
"N9";1;11;"Westbound Guildford Way @ Falcon Dr";49.28477;-122.8189
"N9";1;12;"Westbound Guildford Way @ Eagle Ridge Hospital";49.284341;-122.822202
"N9";1;13;"Westbound Ungless Way @ Guildford Way";49.283995;-122.824236
"N9";1;14;"Southbound Ioco Rd @ Newport Dr";49.282924;-122.828278
"N9";1;15;"Southbound Ioco Rd @ Suter Brook Way";49.278865;-122.82742
"N9";1;16;"Inlet Centre Station @ Bay 1";49.277967;-122.827449
"N9";1;17;"Westbound St. Johns St @ Clearview Dr";49.276634;-122.831542
"N9";1;18;"Westbound St. Johns St @ Moray St";49.276773;-122.835884
"N9";1;19;"Westbound St. Johns St @ Buller St";49.276739;-122.840881
"N9";1;20;"Westbound St. Johns St @ Williams St";49.276767;-122.846672
"N9";1;21;"Westbound St. Johns St @ Moody St";49.276769;-122.850673
"N9";1;22;"Westbound St. Johns St @ Queens St";49.276788;-122.859243
"N9";1;23;"Westbound St. Johns St @ Elgin St";49.276752;-122.862261
"N9";1;24;"Westbound St. Johns St @ Barnet Hwy";49.276695;-122.867831
"N9";1;25;"Southbound Clarke Rd @ Glenayre Dr";49.269724;-122.879866
"N9";1;26;"Southbound Clarke Rd @ Thompson Ave";49.268141;-122.881911
"N9";1;27;"Southbound Clarke Rd @ Kemsley Ave";49.266341;-122.884085
"N9";1;28;"Burquitlam Station @ Bay 6";49.262283;-122.88931
"N9";1;29;"Southbound North Rd @ Cottonwood Ave";49.258374;-122.893206
"N9";1;30;"Southbound North Rd @ Foster Ave";49.255871;-122.893156
"N9";1;31;"Southbound North Rd @ Cameron St";49.252969;-122.893126
"N9";1;32;"Southbound North Rd @ Austin Rd";49.248477;-122.893
"N9";1;33;"Lougheed Station @ Bay 10";49.247897;-122.895638
"N9";1;34;"Westbound Lougheed Hwy @ Austin Rd";49.249872;-122.899753
"N9";1;35;"Westbound Lougheed Hwy @ Bell Ave";49.251474;-122.905174
"N9";1;36;"Westbound Lougheed Hwy @ Gaglardi Way";49.252623;-122.913354
"N9";1;37;"Westbound Lougheed Hwy @ Production Way";49.253225;-122.917557
"N9";1;38;"Westbound Lougheed Hwy @ Lake City Way";49.25443;-122.938606
"N9";1;39;"Westbound Lougheed Hwy @ Bainbridge Ave";49.258862;-122.956938
"N9";1;40;"Westbound Lougheed Hwy @ Sperling Ave";49.25941;-122.962966
"N9";1;41;"Westbound Lougheed Hwy @ Holdom Ave";49.265095;-122.982086
"N9";1;42;"Westbound Lougheed Hwy @ Delta Ave";49.265545;-122.993239
"N9";1;43;"Westbound Lougheed Hwy @ Beta Ave";49.266442;-122.998687
"N9";1;44;"Brentwood Station @ Bay 2";49.266554;-123.001462
"N9";1;45;"Westbound Lougheed Hwy @ Madison Ave";49.266542;-123.009458
"N9";1;46;"Westbound Lougheed Hwy @ Gilmore Ave";49.266208;-123.014957
"N9";1;47;"Westbound Lougheed Hwy @ Boundary Loop";49.265243;-123.02541
"N9";1;48;"Westbound Lougheed Hwy @ Skeena St";49.263328;-123.028889
"N9";1;49;"Westbound E Broadway @ Cassiar St";49.262053;-123.031548
"N9";1;50;"Westbound E Broadway @ Rupert St";49.262009;-123.034312
"N9";1;51;"Westbound E Broadway @ Windermere St";49.261989;-123.037125
"N9";1;52;"Westbound E Broadway @ Lillooet St";49.262004;-123.039504
"N9";1;53;"Westbound E Broadway @ Renfrew St";49.262097;-123.044962
"N9";1;54;"Westbound E Broadway @ Slocan St";49.262111;-123.050045
"N9";1;55;"Westbound E Broadway @ Penticton St";49.262111;-123.051889
"N9";1;56;"Westbound E Broadway @ Kamloops St";49.262127;-123.055187
"N9";1;57;"Westbound E Broadway @ Nanaimo St";49.26234;-123.057336
"N9";1;58;"Westbound E Broadway @ Lakewood Dr";49.262356;-123.062394
"N9";1;59;"Westbound E Broadway @ Semlin Dr";49.262384;-123.064374
"N9";1;60;"Commercial-Broadway Station @ Bay 4";49.262426;-123.069432
"N9";1;61;"Westbound E Broadway @ Woodland Dr";49.262447;-123.074067
"N9";1;62;"Westbound E Broadway @ McLean Dr";49.262487;-123.07607
"N9";1;63;"Westbound E Broadway @ Clark Dr";49.262499;-123.078554
"N9";1;64;"Westbound E Broadway @ Glen Dr";49.262497;-123.080761
"N9";1;65;"Westbound E Broadway @ Windsor St";49.262532;-123.083724
"N9";1;66;"Westbound E Broadway @ Prince Albert St";49.262579;-123.087643
"N9";1;67;"Westbound E Broadway @ Fraser St";49.262593;-123.09009
"N9";1;68;"Westbound E Broadway @ St. George St";49.262598;-123.093535
"N9";1;69;"Westbound E Broadway @ Prince Edward St";49.262835;-123.096513
"N9";1;70;"Westbound W Broadway @ Ontario St";49.263101;-123.105291
"N9";1;71;"Westbound W Broadway @ Columbia St";49.263212;-123.109868
"N9";1;72;"Broadway-City Hall Station @ Bay 4";49.263351;-123.11645
"N9";1;73;"Westbound W Broadway @ Ash St";49.26336;-123.118098
"N9";1;74;"Westbound W Broadway @ Heather St";49.263401;-123.120227
"N9";1;75;"Westbound W Broadway @ Willow St";49.263437;-123.12286
"N9";1;76;"Westbound W Broadway @ Spruce St";49.26354;-123.129369
"N9";1;77;"Westbound W Broadway @ Alder St";49.263576;-123.131742
"N9";1;78;"Westbound W Broadway @ Hemlock St";49.263652;-123.134884
"N9";1;79;"Northbound Granville St @ W 7th Ave";49.265651;-123.138349
"N9";1;80;"Northbound Granville St @ W 5th Ave";49.267439;-123.138273
"N9";1;81;"Northbound Seymour St @ Davie St";49.276811;-123.124629
"N9";1;82;"Northbound Seymour St @ Nelson St";49.278835;-123.121579
"N9";1;83;"Northbound Seymour St @ W Georgia St";49.281477;-123.117549
"R1";0;1;"Newton Exchange @ Bay 3";49.133297;-122.842298
"R1";0;2;"Northbound King George Blvd @ 76 Ave";49.14148;-122.845465
"R1";0;3;"Northbound King George Blvd @ 80 Ave";49.147573;-122.845487
"R1";0;4;"Northbound King George Blvd @ 88 Ave";49.163422;-122.845609
"R1";0;5;"Northbound King George Blvd @ 96 Ave";49.177621;-122.845422
"R1";0;6;"King George Station @ Bay 4";49.182677;-122.845166
"R1";0;7;"Surrey Central Station @ Bay 13";49.189684;-122.847558
"R1";0;8;"Eastbound 104 Ave @ Whalley Blvd";49.191475;-122.84108
"R1";0;9;"Eastbound 104 Ave @ 140 St";49.191383;-122.833623
"R1";0;10;"Eastbound 104 Ave @ 144 St";49.191438;-122.822383
"R1";0;11;"Eastbound 104 Ave @ 148 St";49.191406;-122.81188
"R1";0;12;"Guildford Exchange @ Bay 3";49.191356999999996;-122.804448
"R1";1;1;"Guildford @ Layover";49.194098;-122.805781
"R1";1;2;"Guildford Exchange @ Bay 2";49.191632;-122.804013
"R1";1;3;"Westbound 104 Ave @ 148 St";49.191583;-122.813065
"R1";1;4;"Westbound 104 Ave @ 144 St";49.191605;-122.824345
"R1";1;5;"Westbound 104 Ave @ 140 St";49.191566;-122.834607
"R1";1;6;"Westbound 104 Ave @ Whalley Blvd";49.191674;-122.842718
"R1";1;7;"Surrey Central Station @ Bay 11";49.189406;-122.847763
"R1";1;8;"King George Station @ Bay 1";49.182376;-122.845722
"R1";1;9;"Southbound King George Blvd @ 96 Ave";49.176019;-122.846016
"R1";1;10;"Southbound King George Blvd @ 88 Ave";49.161766;-122.84599
"R1";1;11;"Southbound King George Blvd @ 80 Ave";49.147239;-122.845901
"R1";1;12;"Southbound King George Blvd @ 76 Ave";49.140079;-122.845817
"R1";1;13;"Newton Exchange @ Bay 5";49.133426;-122.842328
"R2";0;1;"Park Royal @ Bay 5";49.326849;-123.13825
"R2";0;2;"Eastbound Marine Dr @ Capilano Rd";49.323943;-123.121834
"R2";0;3;"Eastbound Marine Dr @ Pemberton Ave";49.323766;-123.106585
"R2";0;4;"Eastbound Marine Dr @ Hamilton Ave";49.322589;-123.099039
"R2";0;5;"Eastbound W 3rd St @ Bewicke Ave";49.320065;-123.091862
"R2";0;6;"Lonsdale Quay @ Bay 7";49.310903;-123.082739
"R2";0;7;"Eastbound E 3rd St @ Lonsdale Ave";49.313157;-123.076579
"R2";0;8;"Eastbound E 3rd St @ Ridgeway Ave";49.308441;-123.062174
"R2";0;9;"Eastbound Cotton Rd @ Brooksbank Ave";49.307195;-123.040888
"R2";0;10;"Phibbs Exchange @ Bay 5";49.305369;-123.029619
"R2";1;1;"Phibbs Exchange @ Bay 6";49.305155;-123.029543
"R2";1;2;"Westbound Cotton Rd @ Brooksbank Ave";49.30749;-123.04116
"R2";1;3;"Westbound E 3rd St @ Ridgeway Ave";49.308596;-123.063835
"R2";1;4;"Southbound Lonsdale Ave @ W 3rd St";49.312929;-123.077751
"R2";1;5;"Lonsdale Quay @ Bay 3";49.310917;-123.08258
"R2";1;6;"Westbound Marine Dr @ Bewicke Ave";49.32061;-123.092706
"R2";1;7;"Westbound Marine Dr @ Hamilton Ave";49.323076;-123.0996
"R2";1;8;"Westbound Marine Dr @ Pemberton Ave";49.323956;-123.108455
"R2";1;9;"Westbound Marine Dr @ Capilano Rd";49.324309;-123.121976
"R2";1;10;"Park Royal @ Bay 1";49.327137;-123.138513
"R2";1;11;"Eastbound Marine Dr @ South Mall Access";49.326699;-123.141262
"R3";0;1;"Coquitlam Central Station @ Bay 7";49.274922;-122.799039
"R3";0;2;"Eastbound Lougheed Hwy @ Westwood St";49.274107;-122.792389
"R3";0;3;"Eastbound Lougheed Hwy @ Shaughnessy St";49.266862;-122.775365
"R3";0;4;"Eastbound Lougheed Hwy @ Ottawa St";49.255522;-122.748207
"R3";0;5;"Eastbound Lougheed Hwy @ Harris Rd";49.230392;-122.688114
"R3";0;6;"Eastbound Lougheed Hwy @ 203 St";49.218858;-122.655981
"R3";0;7;"Eastbound Lougheed Hwy @ Laity St";49.216989;-122.630123
"R3";0;8;"Haney Place @ Bay 1";49.219454;-122.597616
"R3";1;1;"Haney Place @ Bay 8";49.219502;-122.597301
"R3";1;2;"Westbound Lougheed Hwy @ Laity St";49.217259;-122.633119
"R3";1;3;"Westbound Lougheed Hwy @ 203 St";49.219587;-122.658729
"R3";1;4;"Westbound Lougheed Hwy @ Harris Rd";49.231687;-122.690461
"R3";1;5;"Westbound Lougheed Hwy @ Ottawa St";49.256074;-122.748653
"R3";1;6;"Westbound Lougheed Hwy @ Shaughnessy St";49.267205;-122.775406
"R3";1;7;"Westbound Lougheed Hwy @ Westwood St";49.274252;-122.791893
"R3";1;8;"Coquitlam Central Station @ Bay 10";49.275476;-122.798723
"R4";0;1;"UBC Exchange @ Bay 4";49.26704;-123.247902
"R4";0;2;"Southbound Wesbrook Mall @ Agronomy Rd";49.26369;-123.243491
"R4";0;3;"Westbound W 16 Ave @ Wesbrook Mall";49.254822;-123.239452
"R4";0;4;"Dunbar Loop @ Bay 7";49.234694;-123.184268
"R4";0;5;"Eastbound W 41 Ave @ Carnarvon St";49.234677;-123.172505
"R4";0;6;"Eastbound W 41 Ave @ East Blvd";49.234484;-123.154358
"R4";0;7;"Eastbound W 41 Ave @ Granville St";49.23422;-123.138484
"R4";0;8;"Eastbound W 41 Ave @ Oak St";49.2338;-123.126888
"R4";0;9;"Oakridge-41st Ave Station @ Bay 3";49.233373;-123.114517
"R4";0;10;"Eastbound E 41 Ave @ Main St";49.232967;-123.101913
"R4";0;11;"Eastbound E 41 Ave @ Fraser St";49.232781;-123.090946
"R4";0;12;"Eastbound E 41 Ave @ Knight St";49.232598;-123.076419
"R4";0;13;"Eastbound E 41 Ave @ Victoria Dr";49.232713;-123.06505
"R4";0;14;"Eastbound E 41 Ave @ Clarendon St";49.232754;-123.054813
"R4";0;15;"Eastbound E 41 Ave @ Rupert St";49.23288;-123.042556
"R4";0;16;"Northbound Joyce St @ Kingsway";49.234391;-123.03552
"R4";0;17;"Joyce Station @ Bay 1 Unload Only";49.238592;-123.032425
"R4";1;1;"Joyce Station @ Bay 4";49.237907;-123.031047
"R4";1;2;"Southbound Joyce St @ Kingsway";49.233838;-123.036343
"R4";1;3;"Westbound E 41 Ave @ Rupert St";49.233057;-123.043713
"R4";1;4;"Westbound E 41 Ave @ Clarendon St";49.232902;-123.055955
"R4";1;5;"Westbound E 41 Ave @ Victoria Dr";49.232792;-123.066082
"R4";1;6;"Westbound E 41 Ave @ Knight St";49.232845;-123.077938
"R4";1;7;"Westbound E 41 Ave @ Fraser St";49.233019;-123.091171
"R4";1;8;"Westbound E 41 Ave @ Main St";49.233207;-123.102082
"R4";1;9;"Oakridge-41st Ave Station  @ Bay 4";49.233712;-123.117599
"R4";1;10;"Westbound W 41 Ave @ Oak St";49.234081;-123.128633
"R4";1;11;"Westbound W 41 Ave @ Granville St";49.234426;-123.140514
"R4";1;12;"Westbound W 41 Ave @ East Blvd";49.234672;-123.15479
"R4";1;13;"Westbound W 41 Ave @ Carnarvon St";49.23482;-123.173542
"R4";1;14;"Dunbar Loop @ Bay 5";49.234831;-123.185966
"R4";1;15;"Eastbound W 16 Ave @ Wesbrook Mall";49.255111;-123.23773
"R4";1;16;"Northbound Wesbrook Mall @ Agronomy Rd";49.262728;-123.242289
"R4";1;17;"UBC Exchange @ Unloading Only";49.267674;-123.247621
"R5";0;1;"Burrard Station @ Bay 6";49.28616;-123.118293
"R5";0;2;"Eastbound W Hastings St @ Granville St";49.285445;-123.11425
"R5";0;3;"Eastbound W Hastings St @ Abbott St";49.282214;-123.108834
"R5";0;4;"Eastbound E Hastings St @ Main St";49.28122;-123.098307
"R5";0;5;"Eastbound E Hastings St @ Commercial Dr";49.281131;-123.07086
"R5";0;6;"Eastbound E Hastings St @ Nanaimo St";49.281059;-123.055828
"R5";0;7;"Eastbound E Hastings St @ Renfrew St";49.281012;-123.043299
"R5";0;8;"Kootenay Loop @ Bay 8";49.281026;-123.024952
"R5";0;9;"Eastbound Hastings St @ Gilmore Ave";49.280953;-123.013446
"R5";0;10;"Eastbound Hastings St @ Willingdon Ave";49.280927;-123.005171
"R5";0;11;"Eastbound Hastings St @ Hythe Ave";49.280184;-122.989776
"R5";0;12;"Eastbound Hastings St @ Holdom Ave";49.280238;-122.979963
"R5";0;13;"Eastbound Hastings St @ Kensington Ave";49.280235;-122.969233
"R5";0;14;"Eastbound Hastings St @ Duthie Ave";49.280277;-122.952556
"R5";0;15;"SFU Transportation Centre @ Bay 2";49.279954;-122.919905
"R5";0;16;"SFU Transit Exchange @ Bay 2";49.278484;-122.91279
"R5";1;1;"SFU Transit Exchange @ Bay 2";49.278484;-122.91279
"R5";1;2;"SFU Transportation Centre @ Bay 1";49.279957;-122.920119
"R5";1;3;"Westbound Hastings St @ Duthie Ave";49.280475;-122.954024
"R5";1;4;"Westbound Hastings St @ Kensington Ave";49.280464;-122.970602
"R5";1;5;"Westbound Hastings St @ Holdom Ave";49.280436;-122.98142
"R5";1;6;"Westbound Hastings St @ Hythe Ave";49.28024;-122.991013
"R5";1;7;"Westbound Hastings St @ Willingdon Ave-";49.281121;-123.003852
"R5";1;8;"Westbound Hastings St @ Gilmore Ave";49.281146;-123.013374
"R5";1;9;"Kootenay Loop @ Bay 7";49.281204;-123.025393
"R5";1;10;"Westbound E Hastings St @ Renfrew St";49.281229;-123.044631
"R5";1;11;"Westbound E Hastings St @ Nanaimo St";49.281242;-123.057254
"R5";1;12;"Westbound E Hastings St @ Commercial Dr";49.281362;-123.071174
"R5";1;13;"Westbound E Hastings St @ Main St";49.281426;-123.099363
"R5";1;14;"Westbound W Hastings St @ Abbott St";49.282004;-123.10684
"R5";1;15;"Westbound W Hastings St @ Granville St";49.285242;-123.113584
"R5";1;16;"Burrard Station @ Bay 6";49.28616;-123.118293
"R6";0;1;"Newton Exchange @ Bay 8";49.133438;-122.841548
"R6";0;2;"Westbound 72 Ave @ 132 St";49.133813;-122.857236
"R6";0;3;"Westbound 72 Ave @ 128 St";49.134001;-122.870456
"R6";0;4;"Westbound 72 Ave @ 124 St";49.134034;-122.879754
"R6";0;5;"Northbound Scott Rd @ 72 Ave";49.135869;-122.890168
"R6";0;6;"Northbound Scott Rd @ 75A Ave";49.141016;-122.89022
"R6";0;7;"Northbound Scott Rd @ 80 Ave";49.14955;-122.890223
"R6";0;8;"Northbound Scott Rd @ 84 Ave";49.156256;-122.890181
"R6";0;9;"Northbound Scott Rd @ Nordel Way";49.162457;-122.890176
"R6";0;10;"Northbound Scott Rd @ 92 Ave";49.171188;-122.890096
"R6";0;11;"Northbound Scott Rd @ 96 Ave";49.177579;-122.889969
"R6";0;12;"Northbound Scott Rd @ 103A Ave";49.191325;-122.890078
"R6";0;13;"Scott Rd Station @ Bay 2";49.204407;-122.875132
"R6";1;1;"Scott Road Station @ Bay 3";49.204438;-122.874861
"R6";1;2;"Southbound Scott Rd @ 103A Ave";49.189504;-122.890486
"R6";1;3;"Southbound Scott Rd @ 96 Ave";49.176272;-122.890321
"R6";1;4;"Southbound Scott Rd @ 92 Ave";49.169699;-122.890425
"R6";1;5;"Southbound Scott Rd @ Nordel Way";49.161084;-122.890541
"R6";1;6;"Southbound Scott Rd @ 84 Ave";49.155682;-122.890557
"R6";1;7;"Southbound Scott Rd @ 80 Ave";49.148954;-122.890537
"R6";1;8;"Southbound Scott Rd @ 75A Ave";49.139911;-122.890538
"R6";1;9;"Southbound Scott Rd @ 72 Ave";49.135093;-122.890367
"R6";1;10;"Eastbound 72 Ave @ 124 St";49.133843;-122.878625
"R6";1;11;"Eastbound 72 Ave @ 128 St";49.133786;-122.87006
"R6";1;12;"Eastbound 72 Ave @ 132 St";49.133614;-122.85617
"R6";1;13;"Newton Exchange @ Bay 5";49.133426;-122.842328
